Si/Al,Al/P,Si/Ge,Si/B,Na/T,K/T,OH/T,F/T,H2O/T,sda1/T,cryst_temp,cryst_time,zeo,osda,Al/Si,Al,Si,Ge/Si,Ge,B/Si,B,Na,K,OH,F,H2O,sda1
23.500004,1.7179967,99.0,250.0,1.0102042,0.0,0.808163,0.0,4.7959185,0.0,90.0,8.0,FAU,OSDA-free,0.04255318641662598,0.04255318641662598,1.0,0.0001,0.0001,0.0001,0.0001,1.053393644285688,0.0001,0.8427145300803641,0.0001,5.0009592608192195,0.0001
2.1499994,1.7179967,99.0,250.0,1.920999,0.0,1.9301593,0.0,51.015896,0.0,100.0,48.0,FAU,OSDA-free,0.465116411447525,0.465116411447525,1.0,0.0001,0.0001,0.0001,0.0001,2.814871434545807,0.0001,2.828294143496857,0.0001,74.75442942418671,0.0001
5.0,1.7179967,99.0,250.0,1.920999,0.0,2.4341676,0.0,144.16673,0.0,65.0,12.0,FAU,OSDA-free,0.20000000298023224,0.20000000298023224,1.0,0.0001,0.0001,0.0001,0.0001,2.3055830657035083,0.0001,2.9214879890029657,0.0001,173.02891312191107,0.0001
5.0,1.7179967,99.0,250.0,1.920999,0.0,2.4341676,0.0,144.16673,0.0,65.0,6.0,FAU,OSDA-free,0.20000000298023224,0.20000000298023224,1.0,0.0001,0.0001,0.0001,0.0001,2.3055830657035083,0.0001,2.9214879890029657,0.0001,173.02891312191107,0.0001
1.5,1.7179967,99.0,250.0,1.2000016,0.0,0.96000004,0.0,23.400002,0.0,100.0,2.0,FAU,OSDA-free,0.6666666865348816,0.6666666865348816,1.0,0.0001,0.0001,0.0001,0.0001,2.0002426865021703,0.0001,1.6001920826594043,0.0001,39.00468300835295,0.0001
5.2500024,1.7179967,99.0,250.0,1.4399991,0.0,1.1520002,0.0,4.2,0.0,90.0,8.0,FAU,OSDA-free,0.19047610461711884,0.19047610461711884,1.0,0.0001,0.0001,0.0001,0.0001,1.7145725232624642,0.0001,1.3716590973513305,0.0001,5.000839412288455,0.0001
0.0,0.0,0.0,0.0,0.0,0.0,0.0,0.0,200.0,0.0,25.0,132.20097,FAU,OSDA-free,inf,inf,1.0,inf,inf,inf,inf,,,,,inf,
23.500004,1.7179967,99.0,250.0,1.0102042,0.0,0.808163,0.0,4.7959185,0.0,90.0,8.0,FAU,OSDA-free,0.04255318641662598,0.04255318641662598,1.0,0.0001,0.0001,0.0001,0.0001,1.053393644285688,0.0001,0.8427145300803641,0.0001,5.0009592608192195,0.0001
12.5,1.7179967,99.0,250.0,1.6296314,0.0,0.0,0.27777743,36.66666,0.0,100.0,10.0,FAU,OSDA-free,0.07999999821186066,0.07999999821186066,1.0,0.0001,0.0001,0.0001,0.0001,1.760327835483018,0.0001,0.0001,0.3000551830569909,39.60732640004159,0.0001
4.0000043,1.7179967,99.0,250.0,0.9756102,0.0,0.7804878,0.0,16.87805,0.0,100.0,72.0,FAU,OSDA-free,0.2499997317790985,0.2499997317790985,1.0,0.0001,0.0001,0.0001,0.0001,1.2197076060983012,0.0001,0.9757656079652911,0.0001,21.10093339600418,0.0001
0.0,1.7179967,0.0,0.0,1.0,0.0,0.8,0.0,12.5,0.0,90.0,4.0,FAU,OSDA-free,inf,inf,1.0,inf,inf,inf,inf,inf,,inf,,inf,
7.5,1.7179967,99.0,250.0,1.920999,0.0,1.6000001,0.0,21.176474,0.0,0.0,0.0,FAU,OSDA-free,0.13333334028720856,0.13333334028720856,1.0,0.0001,0.0001,0.0001,0.0001,2.1775164699941807,0.0001,1.8136535066127786,0.0001,24.004238875209605,0.0001
1.503906,1.7179967,99.0,250.0,1.5600625,0.0,1.2480499,0.0,31.20125,0.0,100.0,15.0,FAU,OSDA-free,0.6649351716041565,0.6649351716041565,1.0,0.0001,0.0001,0.0001,0.0001,2.597714984702612,0.0001,2.0781717098626764,0.0001,51.95429890005392,0.0001
1.5,1.7179967,99.0,250.0,0.5,0.0,0.4,0.0,23.749998,0.0,100.0,168.0,FAU,OSDA-free,0.6666666865348816,0.6666666865348816,1.0,0.0001,0.0001,0.0001,0.0001,0.8334333432674408,0.0001,0.6667466845492523,0.0001,39.588080625907544,0.0001
400.0,1.7179967,99.0,250.0,0.024987513,0.0,0.019989982,0.0,0.9995003,0.0,90.0,12.0,FAU,OSDA-free,0.0001,0.0001,1.0,0.0001,0.0001,0.0001,0.0001,0.02499500945340842,0.0001,0.019995979242026805,0.0001,0.9998001247406005,0.0001
4.031995,1.7179967,4.0,250.0,0.38079494,0.0,0.30463573,0.0,17.301323,0.0,60.0,0.0,FAU,OSDA-free,0.24801619350910187,0.24801619350910187,1.0,0.25,0.25,0.0001,0.0001,0.5704750695843419,0.0001,0.45637972527714443,0.0001,25.91939206106771,0.0001
11.250007,1.7179967,99.0,250.0,1.5102035,0.0,1.2081622,0.0,4.591837,0.0,90.0,8.0,FAU,OSDA-free,0.08888883888721466,0.08888883888721466,1.0,0.0001,0.0001,0.0001,0.0001,1.6447457553013412,0.0001,1.3157959550935392,0.0001,5.000918349713956,0.0001
10.500001,1.7179967,99.0,250.0,1.217393,0.0,0.97391313,0.0,4.565217,0.0,90.0,8.0,FAU,OSDA-free,0.0952380895614624,0.0952380895614624,1.0,0.0001,0.0001,0.0001,0.0001,1.3335787067027713,0.0001,1.0668615419704963,0.0001,5.000912608771,0.0001
1.9841264,1.7179967,99.0,250.0,1.920999,0.0,2.1276581,0.0,46.01063,0.0,65.0,12.0,FAU,OSDA-free,0.5040001273155212,0.5040001273155212,1.0,0.0001,0.0001,0.0001,0.0001,2.889567015794156,0.0001,3.20042362813221,0.0001,69.20919785234386,0.0001
1.5151501,1.7179967,99.0,250.0,1.4096391,0.0,1.1277113,0.0,36.14458,0.0,60.0,60.0,FAU,OSDA-free,0.6600006222724915,0.6600006222724915,1.0,0.0001,0.0001,0.0001,0.0001,2.3402837443728695,0.0001,1.8722269954982955,0.0001,60.007255604113574,0.0001
2.5,1.7179967,99.0,250.0,0.85714245,0.0,0.68571424,0.0,28.57143,0.0,100.0,12.0,FAU,OSDA-free,0.4000000059604645,0.4000000059604645,1.0,0.0001,0.0001,0.0001,0.0001,1.2001708613940623,0.0001,0.9601370897156849,0.0001,40.005716745158615,0.0001
0.0,1.7179967,0.0,0.0,1.333334,0.0,1.0666671,0.0,16.666666,0.0,132.83252,0.0027780046,FAU,OSDA-free,inf,inf,1.0,inf,inf,inf,inf,inf,,inf,,inf,
23.500004,1.7179967,99.0,250.0,1.0102042,0.0,0.808163,0.0,4.7959185,0.0,90.0,8.0,FAU,OSDA-free,0.04255318641662598,0.04255318641662598,1.0,0.0001,0.0001,0.0001,0.0001,1.053393644285688,0.0001,0.8427145300803641,0.0001,5.0009592608192195,0.0001
2.5199993,1.7179967,99.0,250.0,1.920999,0.0,2.4341676,0.0,136.36362,0.0,80.0,5.0,FAU,OSDA-free,0.39682552218437195,0.39682552218437195,1.0,0.0001,0.0001,0.0001,0.0001,2.683684701138048,0.0001,3.4005942953321764,0.0001,190.5034531672463,0.0001
2.994012,1.7179967,99.0,250.0,0.749625,0.0,0.59970015,0.0,16.866568,0.0,80.0,8.999997,FAU,OSDA-free,0.33399999141693115,0.33399999141693115,1.0,0.0001,0.0001,0.0001,0.0001,1.0001497048290966,0.0001,0.8001199388172137,0.0001,22.50337436275567,0.0001
1.994682,1.7179967,99.0,250.0,0.8880997,0.0,0.71047956,0.0,15.364121,0.0,65.0,168.0,FAU,OSDA-free,0.5013330578804016,0.5013330578804016,1.0,0.0001,0.0001,0.0001,0.0001,1.3335110138135386,0.0001,1.0668085425557974,0.0001,23.069736243053683,0.0001
2.0,1.7179967,99.0,250.0,1.333334,0.0,1.0666671,0.0,23.06666,0.0,65.0,24.0,FAU,OSDA-free,0.5,0.5,1.0,0.0001,0.0001,0.0001,0.0001,2.0002676204681396,0.0001,1.6002139533042907,0.0001,34.60460322303772,0.0001
2.3999984,1.7179967,99.0,250.0,1.920999,0.0,2.4341676,0.0,143.38235,0.0,90.0,24.0,FAU,OSDA-free,0.4166669547557831,0.4166669547557831,1.0,0.0001,0.0001,0.0001,0.0001,2.7218000742611532,0.0001,3.4488916681017585,0.0001,203.15372032097466,0.0001
10.057977,1.7179967,99.0,250.0,1.310617,0.0,1.0484927,0.0,10.484927,0.0,50.0,264.0,FAU,OSDA-free,0.09942357242107391,0.09942357242107391,1.0,0.0001,0.0001,0.0001,0.0001,1.4411853146955413,0.0001,1.1529472555078124,0.0001,11.529473079419503,0.0001
10.500001,1.7179967,99.0,250.0,1.478261,0.0,1.1826097,0.0,15.652173,0.0,60.0,16.0,FAU,OSDA-free,0.0952380895614624,0.0952380895614624,1.0,0.0001,0.0001,0.0001,0.0001,1.6193433990940538,0.0001,1.2954756856145764,0.0001,17.145986534939645,0.0001
7.5,1.7179967,99.0,250.0,0.7764701,0.0,0.7764706,0.0,35.294113,0.0,100.0,6.4999986,FAU,OSDA-free,0.13333334028720856,0.13333334028720856,1.0,0.0001,0.0001,0.0001,0.0001,0.880154774108818,0.0001,0.8801553146196347,0.0001,40.00705398179967,0.0001
18.000002,1.7179967,99.0,250.0,0.8947365,0.0,0.7157897,0.0,9.473683,0.0,60.0,16.0,FAU,OSDA-free,0.0555555485188961,0.0555555485188961,1.0,0.0001,0.0001,0.0001,0.0001,0.9446230543172521,0.0001,0.7556989217061034,0.0001,10.001893769315954,0.0001
4.0,1.7179967,99.0,250.0,1.920999,0.0,2.4341676,0.0,66.59995,0.0,90.0,8.0,FAU,OSDA-free,0.25,0.25,1.0,0.0001,0.0001,0.0001,0.0001,2.401633012485504,0.0001,3.0431963629245757,0.0001,83.26326086273193,0.0001
5.0,1.7179967,99.0,250.0,1.920999,0.0,2.4341676,0.0,57.666656,0.0,65.0,12.0,FAU,OSDA-free,0.20000000298023224,0.20000000298023224,1.0,0.0001,0.0001,0.0001,0.0001,2.3055830657035083,0.0001,2.9214879890029657,0.0001,69.2115212961276,0.0001
7.5,1.7179967,99.0,250.0,1.920999,0.0,1.6000001,0.0,21.176474,0.0,0.0,0.0,FAU,OSDA-free,0.13333334028720856,0.13333334028720856,1.0,0.0001,0.0001,0.0001,0.0001,2.1775164699941807,0.0001,1.8136535066127786,0.0001,24.004238875209605,0.0001
1.7211707,1.7179967,99.0,250.0,1.66983,0.0,1.3358634,0.0,33.206825,0.0,100.0,3.0,FAU,OSDA-free,0.5809999108314514,0.5809999108314514,1.0,0.0001,0.0001,0.0001,0.0001,2.640334991188906,0.0001,2.112267012783791,0.0001,52.5066291343325,0.0001
400.0,1.7179967,99.0,250.0,0.024987513,0.0,0.019989982,0.0,0.9995003,0.0,90.0,6.0,FAU,OSDA-free,0.0001,0.0001,1.0,0.0001,0.0001,0.0001,0.0001,0.02499500945340842,0.0001,0.019995979242026805,0.0001,0.9998001247406005,0.0001
0.5,1.7179967,99.0,250.0,1.920999,0.0,2.4341676,0.0,200.0,0.0,120.0,2.0,FAU,OSDA-free,2.0,2.0,1.0,0.0001,0.0001,0.0001,0.0001,5.763381350231171,0.0001,7.302989704084397,0.0001,600.0400000000001,0.0001
5.0,1.7179967,99.0,250.0,1.920999,0.0,2.4341676,0.0,144.16673,0.0,65.0,24.0,FAU,OSDA-free,0.20000000298023224,0.20000000298023224,1.0,0.0001,0.0001,0.0001,0.0001,2.3055830657035083,0.0001,2.9214879890029657,0.0001,173.02891312191107,0.0001
2.0,1.7179967,99.0,250.0,1.920999,0.0,2.4341676,0.0,115.33342,0.0,65.0,168.0,FAU,OSDA-free,0.5,0.5,1.0,0.0001,0.0001,0.0001,0.0001,2.8818827750205993,0.0001,3.65173826880455,0.0001,173.023196383667,0.0001
2.0,1.7179967,99.0,250.0,1.333334,0.0,1.0666671,0.0,23.06666,0.0,65.0,168.0,FAU,OSDA-free,0.5,0.5,1.0,0.0001,0.0001,0.0001,0.0001,2.0002676204681396,0.0001,1.6002139533042907,0.0001,34.60460322303772,0.0001
1.5,1.7179967,99.0,250.0,1.2799988,0.0,1.0240005,0.0,30.0,0.0,75.0,600.0,FAU,OSDA-free,0.6666666865348816,0.6666666865348816,1.0,0.0001,0.0001,0.0001,0.0001,2.1335873240152754,0.0001,1.706872362907738,0.0001,50.00600059604645,0.0001
7.142858,1.7179967,99.0,250.0,1.5789459,0.0,1.569999,0.0,15.789474,0.0,50.0,50.0,FAU,OSDA-free,0.13999998569488525,0.13999998569488525,1.0,0.0001,0.0001,0.0001,0.0001,1.800314064279377,0.0001,1.790112814044967,0.0001,18.003157497175117,0.0001
12.5,1.7179967,99.0,250.0,0.81481445,0.0,0.8148146,0.0,37.03704,0.0,100.0,6.4999986,FAU,OSDA-free,0.07999999821186066,0.07999999821186066,1.0,0.0001,0.0001,0.0001,0.0001,0.8801625656578282,0.0001,0.8801627588126397,0.0001,40.00741130919985,0.0001
2.0,1.7179967,99.0,250.0,1.8333344,0.0,1.4666667,0.0,31.666674,0.0,60.0,48.0,FAU,OSDA-free,0.5,0.5,1.0,0.0001,0.0001,0.0001,0.0001,2.7503683358192443,0.0001,2.200293381023407,0.0001,47.506343825149536,0.0001
400.0,1.7179967,99.0,250.0,0.024987513,0.0,0.019989982,0.0,0.9995003,0.0,90.0,24.0,FAU,OSDA-free,0.0001,0.0001,1.0,0.0001,0.0001,0.0001,0.0001,0.02499500945340842,0.0001,0.019995979242026805,0.0001,0.9998001247406005,0.0001
2.0,1.7179967,99.0,250.0,0.83333313,0.0,0.6666667,0.0,27.166666,0.0,100.0,24.0,FAU,OSDA-free,0.5,0.5,1.0,0.0001,0.0001,0.0001,0.0001,1.2501663686037063,0.0001,1.0001333631396294,0.0001,40.75543237953186,0.0001
5.0,1.7179967,99.0,250.0,1.6666662,0.0,1.3333341,0.0,28.833334,0.0,65.0,24.0,FAU,OSDA-free,0.20000000298023224,0.20000000298023224,1.0,0.0001,0.0001,0.0001,0.0001,2.000332718308765,0.0001,1.6002675767819108,0.0001,34.60576751566331,0.0001
1.6727288,1.7179967,99.0,250.0,1.3605454,0.0,1.0884356,0.0,23.537416,0.0,100.0,24.0,FAU,OSDA-free,0.5978255271911621,0.5978255271911621,1.0,0.0001,0.0001,0.0001,0.0001,2.1741862749965146,0.0001,1.7393479532000802,0.0001,37.61339234422094,0.0001
2.5,1.7179967,99.0,250.0,1.920999,0.0,2.4341676,0.0,135.71436,0.0,80.0,12.0,FAU,OSDA-free,0.4000000059604645,0.4000000059604645,1.0,0.0001,0.0001,0.0001,0.0001,2.689782881456608,0.0001,3.40832152096133,0.0001,190.02724133626435,0.0001
1.5,1.7179967,99.0,250.0,0.7999998,0.0,0.64000005,0.0,26.64,0.0,100.0,24.0,FAU,OSDA-free,0.6666666865348816,0.6666666865348816,1.0,0.0001,0.0001,0.0001,0.0001,1.3334929716865176,0.0001,1.0667947548906018,0.0001,44.40532751191456,0.0001
4.0363564,1.7179967,99.0,250.0,1.2033707,0.0,0.9626957,0.0,20.818293,0.0,65.0,168.0,FAU,OSDA-free,0.24774819612503052,0.24774819612503052,1.0,0.0001,0.0001,0.0001,0.0001,1.501744282286729,0.0001,1.2013943844602581,0.0001,25.980150718783868,0.0001
2.994012,1.7179967,99.0,250.0,0.749625,0.0,0.59970015,0.0,16.866568,0.0,80.0,8.999997,FAU,OSDA-free,0.33399999141693115,0.33399999141693115,1.0,0.0001,0.0001,0.0001,0.0001,1.0001497048290966,0.0001,0.8001199388172137,0.0001,22.50337436275567,0.0001
6.249997,1.7179967,99.0,250.0,1.3103454,0.0,1.0482751,0.0,4.3103447,0.0,90.0,8.0,FAU,OSDA-free,0.16000007092952728,0.16000007092952728,1.0,0.0001,0.0001,0.0001,0.0001,1.5202628391332054,0.0001,1.2162088605789771,0.0001,5.00086222208203,0.0001
5.0,1.7179967,99.0,250.0,0.53333336,0.0,0.0,0.0,11.666666,0.0,110.0,144.0,FAU,OSDA-free,0.20000000298023224,0.20000000298023224,1.0,0.0001,0.0001,0.0001,0.0001,0.6401067016402882,0.0001,0.0001,0.0001,14.002332605036097,0.0001
1.5,1.7179967,99.0,250.0,1.920999,0.0,1.7582425,0.0,38.021984,0.0,80.0,168.0,FAU,OSDA-free,0.6666666865348816,0.6666666865348816,1.0,0.0001,0.0001,0.0001,0.0001,3.2020493215441515,0.0001,2.9307558299430707,0.0001,63.377578652818684,0.0001
5.0,1.7179967,99.0,250.0,1.4166654,0.0,1.1333336,0.0,15.0,0.0,70.0,48.0,FAU,OSDA-free,0.20000000298023224,0.20000000298023224,1.0,0.0001,0.0001,0.0001,0.0001,1.700281859113769,0.0001,1.3602269466559098,0.0001,18.003000044703484,0.0001
5.0,1.7179967,99.0,250.0,0.7666667,0.0,0.6133332,0.0,15.0,0.0,100.0,1.0,FAU,OSDA-free,0.20000000298023224,0.20000000298023224,1.0,0.0001,0.0001,0.0001,0.0001,0.9201533880790076,0.0001,0.7361225387732184,0.0001,18.003000044703484,0.0001
16.900002,1.7179967,99.0,250.0,0.56648034,0.0,0.45318434,0.0,0.0,0.0,70.0,336.0,FAU,OSDA-free,0.05917159095406532,0.05917159095406532,1.0,0.0001,0.0001,0.0001,0.0001,0.6001131775187595,0.0001,0.48009061147282167,0.0001,0.0001,0.0001
2.0,1.7179967,99.0,250.0,1.831501,0.0,1.4652008,0.0,31.684977,0.0,65.0,168.0,FAU,OSDA-free,0.5,0.5,1.0,0.0001,0.0001,0.0001,0.0001,2.747617810821533,0.0001,2.1980942128896714,0.0001,47.533801861953734,0.0001
12.5,1.7179967,99.0,250.0,0.81481445,0.0,0.8148146,0.0,37.03704,0.0,100.0,6.4999986,FAU,OSDA-free,0.07999999821186066,0.07999999821186066,1.0,0.0001,0.0001,0.0001,0.0001,0.8801625656578282,0.0001,0.8801627588126397,0.0001,40.00741130919985,0.0001
6.0,1.7179967,99.0,250.0,1.920999,0.0,2.0000017,0.0,57.142853,0.0,140.91812,1.0,FAU,OSDA-free,0.1666666716337204,0.1666666716337204,1.0,0.0001,0.0001,0.0001,0.0001,2.2415497678488445,0.0001,2.3337352906862976,0.0001,66.67809043479191,0.0001
5.0,1.7179967,99.0,250.0,0.0625,0.0,0.06249998,0.0,11.25,0.0,100.0,72.0,FAU,OSDA-free,0.20000000298023224,0.20000000298023224,1.0,0.0001,0.0001,0.0001,0.0001,0.07501250018626451,0.0001,0.07501247783079738,0.0001,13.502250033527613,0.0001
2.5,1.7179967,99.0,250.0,1.920999,0.0,2.4341676,0.0,139.99992,0.0,25.0,336.0,FAU,OSDA-free,0.4000000059604645,0.4000000059604645,1.0,0.0001,0.0001,0.0001,0.0001,2.689782881456608,0.0001,3.40832152096133,0.0001,196.02789400768233,0.0001
5.0,1.7179967,99.0,250.0,0.8666673,0.0,0.69333327,0.0,15.0,0.0,100.0,7.0,FAU,OSDA-free,0.20000000298023224,0.20000000298023224,1.0,0.0001,0.0001,0.0001,0.0001,1.0401740608294823,0.0001,0.8321385905186334,0.0001,18.003000044703484,0.0001
5.0,1.7179967,99.0,250.0,0.040000025,0.0,0.04,0.0,11.25,0.08083333,100.0,72.0,FAU,OSDA-free,0.20000000298023224,0.20000000298023224,1.0,0.0001,0.0001,0.0001,0.0001,0.048008030343800856,0.0001,0.04800799904614687,0.0001,13.502250033527613,0.09701616380761066
6.0,1.7179967,99.0,250.0,1.920999,0.0,2.0000017,0.0,57.142853,0.0,83.62865,1.0,FAU,OSDA-free,0.1666666716337204,0.1666666716337204,1.0,0.0001,0.0001,0.0001,0.0001,2.2415497678488445,0.0001,2.3337352906862976,0.0001,66.67809043479191,0.0001
12.5,1.7179967,99.0,250.0,0.81481445,0.0,0.8148146,0.0,37.03704,0.0,100.0,6.4999986,FAU,OSDA-free,0.07999999821186066,0.07999999821186066,1.0,0.0001,0.0001,0.0001,0.0001,0.8801625656578282,0.0001,0.8801627588126397,0.0001,40.00741130919985,0.0001
5.0,1.7179967,99.0,250.0,1.6666662,0.0,1.3333341,0.0,28.833334,0.0,65.0,12.0,FAU,OSDA-free,0.20000000298023224,0.20000000298023224,1.0,0.0001,0.0001,0.0001,0.0001,2.000332718308765,0.0001,1.6002675767819108,0.0001,34.60576751566331,0.0001
2.166667,1.7179967,99.0,250.0,1.7543857,0.0,1.4035087,0.0,30.350874,0.0,65.0,12.0,FAU,OSDA-free,0.4615384042263031,0.4615384042263031,1.0,0.0001,0.0001,0.0001,0.0001,2.564452967785774,0.0001,2.0515625136308566,0.0001,44.3650380503713,0.0001
400.0,1.7179967,99.0,250.0,0.024987513,0.0,0.019989982,0.0,0.9995003,0.0,90.0,48.0,FAU,OSDA-free,0.0001,0.0001,1.0,0.0001,0.0001,0.0001,0.0001,0.02499500945340842,0.0001,0.019995979242026805,0.0001,0.9998001247406005,0.0001
5.0,1.7179967,99.0,250.0,0.0625,0.0,0.06249998,0.0,11.25,0.0,100.0,72.0,FAU,OSDA-free,0.20000000298023224,0.20000000298023224,1.0,0.0001,0.0001,0.0001,0.0001,0.07501250018626451,0.0001,0.07501247783079738,0.0001,13.502250033527613,0.0001
4.250004,1.7179967,99.0,250.0,1.920999,0.0,2.209522,0.0,4.0476193,0.0,90.0,8.0,FAU,OSDA-free,0.235293909907341,0.235293909907341,1.0,0.0001,0.0001,0.0001,0.0001,2.3733826273862273,0.0001,2.729850985797086,0.0001,5.00080904765744,0.0001
0.0,0.0,0.0,0.0,0.0,0.0,0.0,0.0,200.0,0.0,25.0,455.0923,FAU,OSDA-free,inf,inf,1.0,inf,inf,inf,inf,,,,,inf,
2.0,1.7179967,99.0,250.0,1.920999,0.0,2.1333342,0.0,3.333333,0.0,90.0,8.0,FAU,OSDA-free,0.5,0.5,1.0,0.0001,0.0001,0.0001,0.0001,2.8818827750205993,0.0001,3.2004279066085815,0.0001,5.00066618976593,0.0001
12.5,1.7179967,99.0,250.0,0.81481445,0.0,0.8148146,0.0,37.03704,0.0,100.0,6.4999986,FAU,OSDA-free,0.07999999821186066,0.07999999821186066,1.0,0.0001,0.0001,0.0001,0.0001,0.8801625656578282,0.0001,0.8801627588126397,0.0001,40.00741130919985,0.0001
2.0,1.7179967,99.0,250.0,1.831501,0.0,1.4652008,0.0,31.684977,0.0,80.0,168.0,FAU,OSDA-free,0.5,0.5,1.0,0.0001,0.0001,0.0001,0.0001,2.747617810821533,0.0001,2.1980942128896714,0.0001,47.533801861953734,0.0001
10.0,1.7179967,99.0,250.0,1.920999,0.0,2.4341676,0.0,90.90909,0.0,75.0,8.0,FAU,OSDA-free,0.10000000149011612,0.10000000149011612,1.0,0.0001,0.0001,0.0001,0.0001,2.1134831578269586,0.0001,2.6780712230237835,0.0001,100.01817890133424,0.0001
5.0,1.7179967,99.0,250.0,1.920999,0.0,2.4341676,0.0,144.16673,0.0,65.0,4.0,FAU,OSDA-free,0.20000000298023224,0.20000000298023224,1.0,0.0001,0.0001,0.0001,0.0001,2.3055830657035083,0.0001,2.9214879890029657,0.0001,173.02891312191107,0.0001
0.9708737,1.7179967,99.0,250.0,1.3201969,0.15270948,1.1783245,0.0,32.512318,0.0,80.0,24.0,FAU,OSDA-free,1.03000009059906,1.03000009059906,1.0,0.0001,0.0001,0.0001,0.0001,2.680263798969939,0.3100308084558497,2.392234427443337,0.0001,66.00651025378245,0.0001
10.0,1.7179967,99.0,250.0,0.7999998,0.0,0.79999995,0.0,36.363636,0.0,100.0,6.4999986,FAU,OSDA-free,0.10000000149011612,0.10000000149011612,1.0,0.0001,0.0001,0.0001,0.0001,0.8801597519993779,0.0001,0.8801599487304687,0.0001,40.007272399919685,0.0001
13.000003,1.7179967,99.0,250.0,1.3928568,0.0,1.114286,0.0,4.642857,0.0,90.0,8.0,FAU,OSDA-free,0.07692305743694305,0.07692305743694305,1.0,0.0001,0.0001,0.0001,0.0001,1.5002782141078363,0.0001,1.2002230848985669,0.0001,5.00092840758405,0.0001
2.0,1.7179967,99.0,250.0,1.333334,0.0,1.0666671,0.0,23.06666,0.0,65.0,12.0,FAU,OSDA-free,0.5,0.5,1.0,0.0001,0.0001,0.0001,0.0001,2.0002676204681396,0.0001,1.6002139533042907,0.0001,34.60460322303772,0.0001
1.8000028,1.7179967,99.0,250.0,1.7999996,0.0,1.4400008,0.0,45.0,0.0,100.0,6.0,FAU,OSDA-free,0.5555546879768372,0.5555546879768372,1.0,0.0001,0.0001,0.0001,0.0001,2.800357807792909,0.0001,2.2402879524701094,0.0001,70.00896095895767,0.0001
5.0,1.7179967,99.0,250.0,0.66666645,0.0,0.53333336,0.0,15.0,0.0,100.0,7.0,FAU,OSDA-free,0.20000000298023224,0.20000000298023224,1.0,0.0001,0.0001,0.0001,0.0001,0.8001330730160071,0.0001,0.6401067016402882,0.0001,18.003000044703484,0.0001
2.0,1.7179967,99.0,250.0,1.920999,0.0,2.4341676,0.0,115.33342,0.0,65.0,4.0,FAU,OSDA-free,0.5,0.5,1.0,0.0001,0.0001,0.0001,0.0001,2.8818827750205993,0.0001,3.65173826880455,0.0001,173.023196383667,0.0001
1.5,1.7179967,99.0,250.0,0.5,0.0,0.4,0.0,23.749998,0.0,100.0,24.0,FAU,OSDA-free,0.6666666865348816,0.6666666865348816,1.0,0.0001,0.0001,0.0001,0.0001,0.8334333432674408,0.0001,0.6667466845492523,0.0001,39.588080625907544,0.0001
12.5,1.7179967,99.0,250.0,0.81481445,0.0,0.8148146,0.0,37.03704,0.0,100.0,6.4999986,FAU,OSDA-free,0.07999999821186066,0.07999999821186066,1.0,0.0001,0.0001,0.0001,0.0001,0.8801625656578282,0.0001,0.8801627588126397,0.0001,40.00741130919985,0.0001
1.6727288,1.7179967,99.0,250.0,1.3605454,0.0,1.0884356,0.0,23.537416,0.0,100.0,72.0,FAU,OSDA-free,0.5978255271911621,0.5978255271911621,1.0,0.0001,0.0001,0.0001,0.0001,2.1741862749965146,0.0001,1.7393479532000802,0.0001,37.61339234422094,0.0001
400.0,1.7179967,99.0,250.0,0.024987513,0.0,0.019989982,0.0,0.9995003,0.0,90.0,24.0,FAU,OSDA-free,0.0001,0.0001,1.0,0.0001,0.0001,0.0001,0.0001,0.02499500945340842,0.0001,0.019995979242026805,0.0001,0.9998001247406005,0.0001
0.50458723,1.7179967,99.0,250.0,1.920999,0.0,2.4341676,0.0,105.48776,0.0,65.0,168.0,FAU,OSDA-free,1.9818178415298462,1.9818178415298462,1.0,0.0001,0.0001,0.0001,0.0001,5.728453441080504,0.0001,7.258731282610641,0.0001,314.56638969245677,0.0001
0.0,0.0,0.0,0.0,0.0,0.0,0.0,0.0,200.0,0.0,0.0,0.0,FAU,OSDA-free,inf,inf,1.0,inf,inf,inf,inf,,,,,inf,
2.3999984,1.7179967,99.0,250.0,1.920999,0.0,2.4341676,0.0,143.38235,0.0,90.0,24.0,FAU,OSDA-free,0.4166669547557831,0.4166669547557831,1.0,0.0001,0.0001,0.0001,0.0001,2.7218000742611532,0.0001,3.4488916681017585,0.0001,203.15372032097466,0.0001
2.994012,1.7179967,99.0,250.0,0.749625,0.0,0.59970015,0.0,16.866568,0.0,80.0,8.999997,FAU,OSDA-free,0.33399999141693115,0.33399999141693115,1.0,0.0001,0.0001,0.0001,0.0001,1.0001497048290966,0.0001,0.8001199388172137,0.0001,22.50337436275567,0.0001
3.0,1.7179967,99.0,250.0,0.525,0.0,0.42,0.0,17.5,0.0,110.0,192.0,FAU,OSDA-free,0.3333333432674408,0.3333333432674408,1.0,0.0001,0.0001,0.0001,0.0001,0.7001049734214939,0.0001,0.5600839866856733,0.0001,23.336833507180213,0.0001
1.5,1.7179967,99.0,250.0,1.2000016,0.0,0.96000004,0.0,23.400002,0.0,100.0,3.4999995,FAU,OSDA-free,0.6666666865348816,0.6666666865348816,1.0,0.0001,0.0001,0.0001,0.0001,2.0002426865021703,0.0001,1.6001920826594043,0.0001,39.00468300835295,0.0001
2.5750008,1.7179967,99.0,250.0,0.72028005,0.0,0.5762239,0.0,33.56504,0.0,50.0,168.0,FAU,OSDA-free,0.38834941387176514,0.38834941387176514,1.0,0.0001,0.0001,0.0001,0.0001,1.0001444429608637,0.0001,0.8001153722879029,0.0001,46.60671743557554,0.0001
2.3291914,1.7179967,99.0,250.0,0.9328358,0.0,0.7462687,0.0,16.138058,0.0,100.0,24.0,FAU,OSDA-free,0.42933353781700134,0.42933353781700134,1.0,0.0001,0.0001,0.0001,0.0001,1.3335200861602272,0.0001,1.066816120052285,0.0001,23.069894729870356,0.0001
10.250006,1.7179967,99.0,250.0,1.6000006,0.0,1.2800004,0.0,4.5555553,0.0,90.0,8.0,FAU,OSDA-free,0.09756091982126236,0.09756091982126236,1.0,0.0001,0.0001,0.0001,0.0001,1.7564181522031763,0.0001,1.4051344694172214,0.0001,5.000910624317663,0.0001
23.500004,1.7179967,99.0,250.0,1.0102042,0.0,0.808163,0.0,4.7959185,0.0,90.0,8.0,FAU,OSDA-free,0.04255318641662598,0.04255318641662598,1.0,0.0001,0.0001,0.0001,0.0001,1.053393644285688,0.0001,0.8427145300803641,0.0001,5.0009592608192195,0.0001
5.0,1.7179967,99.0,250.0,0.05666666,0.0,0.056666594,0.0,11.25,0.08083333,100.0,72.0,FAU,OSDA-free,0.20000000298023224,0.20000000298023224,1.0,0.0001,0.0001,0.0001,0.0001,0.06801132676576573,0.0001,0.06801124628608404,0.0001,13.502250033527613,0.09701616380761066
9.0,1.7179967,99.0,250.0,1.4500014,0.0,1.1600002,0.0,4.5,0.0,90.0,8.0,FAU,OSDA-free,0.1111111119389534,0.1111111119389534,1.0,0.0001,0.0001,0.0001,0.0001,1.611402622567615,0.0001,1.2891211177123918,0.0001,5.00090000372529,0.0001
5.0,1.7179967,99.0,250.0,0.56666666,0.0,0.0,0.03333377,11.666667,0.0,110.0,144.0,FAU,OSDA-free,0.20000000298023224,0.20000000298023224,1.0,0.0001,0.0001,0.0001,0.0001,0.6801133302529653,0.0001,0.0001,0.040007191970449,14.002333749636016,0.0001
2.5,1.7179967,99.0,250.0,1.920999,0.0,2.4341676,0.0,94.285736,0.0,29.999996,50.0,FAU,OSDA-free,0.4000000059604645,0.4000000059604645,1.0,0.0001,0.0001,0.0001,0.0001,2.689782881456608,0.0001,3.40832152096133,0.0001,132.0188882267817,0.0001
5.0,1.7179967,99.0,250.0,0.53333336,0.0,0.53333336,0.0,7.5,0.0,120.0,336.0,FAU,OSDA-free,0.20000000298023224,0.20000000298023224,1.0,0.0001,0.0001,0.0001,0.0001,0.6401067016402882,0.0001,0.6401067016402882,0.0001,9.001500022351742,0.0001
5.7500067,1.7179967,99.0,250.0,1.920999,0.0,1.5407418,0.0,4.2592587,0.0,90.0,8.0,FAU,OSDA-free,0.17391283810138702,0.17391283810138702,1.0,0.0001,0.0001,0.0001,0.0001,2.255469646750391,0.0001,1.8090047290610547,0.0001,5.0008503757667135,0.0001
400.0,1.7179967,99.0,250.0,0.024987513,0.0,0.019989982,0.0,0.9995003,0.0,90.0,3.0,FAU,OSDA-free,0.0001,0.0001,1.0,0.0001,0.0001,0.0001,0.0001,0.02499500945340842,0.0001,0.019995979242026805,0.0001,0.9998001247406005,0.0001
6.0,1.7179967,99.0,250.0,1.920999,0.0,2.0000017,0.0,57.142853,0.0,129.5464,1.0,FAU,OSDA-free,0.1666666716337204,0.1666666716337204,1.0,0.0001,0.0001,0.0001,0.0001,2.2415497678488445,0.0001,2.3337352906862976,0.0001,66.67809043479191,0.0001
12.5,1.7179967,99.0,250.0,0.81481445,0.0,0.8148146,0.0,37.03704,0.0,100.0,8.0,FAU,OSDA-free,0.07999999821186066,0.07999999821186066,1.0,0.0001,0.0001,0.0001,0.0001,0.8801625656578282,0.0001,0.8801627588126397,0.0001,40.00741130919985,0.0001
18.000002,1.7179967,99.0,250.0,0.8947365,0.0,0.7157897,0.0,9.473683,0.0,60.0,16.0,FAU,OSDA-free,0.0555555485188961,0.0555555485188961,1.0,0.0001,0.0001,0.0001,0.0001,0.9446230543172521,0.0001,0.7556989217061034,0.0001,10.001893769315954,0.0001
1.0,1.7179967,99.0,250.0,1.3,0.0,1.0400008,0.0,20.875,0.0,90.0,20.0,FAU,OSDA-free,1.0,1.0,1.0,0.0001,0.0001,0.0001,0.0001,2.6002599046230324,0.0001,2.0802095927953723,0.0001,41.75417500000001,0.0001
2.0,1.7179967,99.0,250.0,1.920999,0.0,2.4341676,0.0,115.33342,0.0,65.0,6.0,FAU,OSDA-free,0.5,0.5,1.0,0.0001,0.0001,0.0001,0.0001,2.8818827750205993,0.0001,3.65173826880455,0.0001,173.023196383667,0.0001
5.0,1.7179967,99.0,250.0,1.920999,0.0,2.4341676,0.0,144.16673,0.0,65.0,168.0,FAU,OSDA-free,0.20000000298023224,0.20000000298023224,1.0,0.0001,0.0001,0.0001,0.0001,2.3055830657035083,0.0001,2.9214879890029657,0.0001,173.02891312191107,0.0001
15.0,1.7179967,99.0,250.0,0.8250001,0.0,0.8249998,0.0,37.5,0.0,100.0,6.4999986,FAU,OSDA-free,0.06666667014360428,0.06666667014360428,1.0,0.0001,0.0001,0.0001,0.0001,0.8801651173308496,0.0001,0.8801647993798051,0.0001,40.00750013038516,0.0001
2.3999984,1.7179967,99.0,250.0,1.920999,0.0,2.4341676,0.0,143.38235,0.0,90.0,24.0,FAU,OSDA-free,0.4166669547557831,0.4166669547557831,1.0,0.0001,0.0001,0.0001,0.0001,2.7218000742611532,0.0001,3.4488916681017585,0.0001,203.15372032097466,0.0001
1.5,1.7179967,99.0,250.0,1.3999983,0.0,1.1200001,0.0,37.2,0.0,100.0,83.99999,FAU,OSDA-free,0.6666666865348816,0.6666666865348816,1.0,0.0001,0.0001,0.0001,0.0001,2.3336105395237268,0.0001,1.8668908955733006,0.0001,62.00744201081595,0.0001
2.3999984,1.7179967,99.0,250.0,1.920999,0.0,2.4341676,0.0,143.38235,0.0,90.0,24.0,FAU,OSDA-free,0.4166669547557831,0.4166669547557831,1.0,0.0001,0.0001,0.0001,0.0001,2.7218000742611532,0.0001,3.4488916681017585,0.0001,203.15372032097466,0.0001
8.310002,1.7179967,99.0,250.0,1.920999,0.0,2.4341676,0.0,51.237926,0.0,80.0,24.0,FAU,OSDA-free,0.12033691257238388,0.12033691257238388,1.0,0.0001,0.0001,0.0001,0.0001,2.1525503446987844,0.0001,2.7275746735426427,0.0001,57.4139879480445,0.0001
12.5,1.7179967,99.0,250.0,0.81481445,0.0,0.8148146,0.0,37.03704,0.0,100.0,6.4999986,FAU,OSDA-free,0.07999999821186066,0.07999999821186066,1.0,0.0001,0.0001,0.0001,0.0001,0.8801625656578282,0.0001,0.8801627588126397,0.0001,40.00741130919985,0.0001
7.5,1.7179967,99.0,250.0,1.920999,0.0,1.6000001,0.0,21.176474,0.0,60.0,16.0,FAU,OSDA-free,0.13333334028720856,0.13333334028720856,1.0,0.0001,0.0001,0.0001,0.0001,2.1775164699941807,0.0001,1.8136535066127786,0.0001,24.004238875209605,0.0001
0.5,1.7179967,99.0,250.0,1.920999,0.0,2.4341676,0.0,48.33332,0.0,100.0,168.0,FAU,OSDA-free,2.0,2.0,1.0,0.0001,0.0001,0.0001,0.0001,5.763381350231171,0.0001,7.302989704084397,0.0001,145.0096285171509,0.0001
1.994682,1.7179967,99.0,250.0,0.8880997,0.0,0.71047956,0.0,15.364121,0.0,65.0,24.0,FAU,OSDA-free,0.5013330578804016,0.5013330578804016,1.0,0.0001,0.0001,0.0001,0.0001,1.3335110138135386,0.0001,1.0668085425557974,0.0001,23.069736243053683,0.0001
4.900001,1.7179967,99.0,250.0,1.920999,0.0,1.9525417,0.0,50.0,0.0,75.0,8.0,FAU,OSDA-free,0.20408159494400024,0.20408159494400024,1.0,0.0001,0.0001,0.0001,0.0001,2.3134237999889673,0.0001,2.351410043444447,0.0001,60.21407974720001,0.0001
2.3999984,1.7179967,99.0,250.0,1.920999,0.0,2.4341676,0.0,143.38235,0.0,90.0,24.0,FAU,OSDA-free,0.4166669547557831,0.4166669547557831,1.0,0.0001,0.0001,0.0001,0.0001,2.7218000742611532,0.0001,3.4488916681017585,0.0001,203.15372032097466,0.0001
2.994012,1.7179967,99.0,250.0,0.749625,0.0,0.59970015,0.0,16.866568,0.0,80.0,8.999997,FAU,OSDA-free,0.33399999141693115,0.33399999141693115,1.0,0.0001,0.0001,0.0001,0.0001,1.0001497048290966,0.0001,0.8001199388172137,0.0001,22.50337436275567,0.0001
1.9841264,1.7179967,99.0,250.0,1.920999,0.0,2.1276581,0.0,46.01063,0.0,65.0,168.0,FAU,OSDA-free,0.5040001273155212,0.5040001273155212,1.0,0.0001,0.0001,0.0001,0.0001,2.889567015794156,0.0001,3.20042362813221,0.0001,69.20919785234386,0.0001
2.0,1.7179967,99.0,250.0,1.6666662,0.0,1.3333341,0.0,35.333336,0.0,100.0,24.0,FAU,OSDA-free,0.5,0.5,1.0,0.0001,0.0001,0.0001,0.0001,2.5003325583696365,0.0001,2.0002677993059157,0.0001,53.00707048187256,0.0001
2.994012,1.7179967,99.0,250.0,0.749625,0.0,0.59970015,0.0,16.866568,0.0,80.0,8.999997,FAU,OSDA-free,0.33399999141693115,0.33399999141693115,1.0,0.0001,0.0001,0.0001,0.0001,1.0001497048290966,0.0001,0.8001199388172137,0.0001,22.50337436275567,0.0001
5.0,1.7179967,99.0,250.0,1.1111119,0.0,0.8888886,0.0,19.222221,0.0,65.0,24.0,FAU,OSDA-free,0.20000000298023224,0.20000000298023224,1.0,0.0001,0.0001,0.0001,0.0001,1.333556480905747,0.0001,1.066844097354676,0.0001,23.070510150975647,0.0001
1.5151501,1.7179967,99.0,250.0,1.4096391,0.0,1.1277113,0.0,0.0,0.0,60.0,192.0,FAU,OSDA-free,0.6600006222724915,0.6600006222724915,1.0,0.0001,0.0001,0.0001,0.0001,2.3402837443728695,0.0001,1.8722269954982955,0.0001,0.0001,0.0001
4.900001,1.7179967,99.0,250.0,1.920999,0.0,1.9525417,0.0,50.0,0.0,75.0,20.0,FAU,OSDA-free,0.20408159494400024,0.20408159494400024,1.0,0.0001,0.0001,0.0001,0.0001,2.3134237999889673,0.0001,2.351410043444447,0.0001,60.21407974720001,0.0001
16.900002,1.7179967,99.0,250.0,0.56648034,0.0,0.45318434,0.0,0.0,0.0,70.0,336.0,FAU,OSDA-free,0.05917159095406532,0.05917159095406532,1.0,0.0001,0.0001,0.0001,0.0001,0.6001131775187595,0.0001,0.48009061147282167,0.0001,0.0001,0.0001
5.0,1.7179967,99.0,250.0,1.920999,0.0,2.4341676,0.0,57.666656,0.0,65.0,24.0,FAU,OSDA-free,0.20000000298023224,0.20000000298023224,1.0,0.0001,0.0001,0.0001,0.0001,2.3055830657035083,0.0001,2.9214879890029657,0.0001,69.2115212961276,0.0001
5.0,1.7179967,99.0,250.0,0.9166664,0.0,0.9166665,0.0,15.0,0.0,150.0,24.0,FAU,OSDA-free,0.20000000298023224,0.20000000298023224,1.0,0.0001,0.0001,0.0001,0.0001,1.1001830022235703,0.0001,1.10018314529856,0.0001,18.003000044703484,0.0001
8.970588,1.7179967,99.0,250.0,0.7374629,0.0,0.58997047,0.0,12.758112,0.0,100.0,168.0,FAU,OSDA-free,0.11147541552782059,0.11147541552782059,1.0,0.0001,0.0001,0.0001,0.0001,0.8198193515896027,0.0001,0.6558556668025333,0.0001,14.182879407519202,0.0001
4.800001,1.7179967,99.0,250.0,0.16034485,0.0,0.12827587,0.0,7.9310336,0.0,100.0,192.0,FAU,OSDA-free,0.20833328366279602,0.20833328366279602,1.0,0.0001,0.0001,0.0001,0.0001,0.1937820929197046,0.0001,0.15502565992892428,0.0001,9.5849180931015,0.0001
5.0,1.7179967,99.0,250.0,1.6666662,0.0,1.3333341,0.0,35.83334,0.0,100.0,24.0,FAU,OSDA-free,0.20000000298023224,0.20000000298023224,1.0,0.0001,0.0001,0.0001,0.0001,2.000332718308765,0.0001,1.6002675767819108,0.0001,43.007174404124434,0.0001
0.0,1.7179967,0.0,0.0,0.9195405,0.0,0.735632,0.0,14.367817,0.0,95.0,4.0,FAU,OSDA-free,inf,inf,1.0,inf,inf,inf,inf,inf,,inf,,inf,
1.4880943,1.7179967,99.0,250.0,1.1961722,0.0,0.9569379,0.0,20.693785,0.0,65.0,168.0,FAU,OSDA-free,0.6720004081726074,0.6720004081726074,1.0,0.0001,0.0001,0.0001,0.0001,2.000239703618734,0.0001,1.6001919622368097,0.0001,34.60415524496065,0.0001
2.0030034,1.7179967,99.0,250.0,1.0,0.0,0.8,0.0,28.8,0.0,100.0,24.0,FAU,OSDA-free,0.49925029277801514,0.49925029277801514,1.0,0.0001,0.0001,0.0001,0.0001,1.4994502927780151,0.0001,1.1995602520972526,0.0001,43.18416728801705,0.0001
4.800001,1.7179967,99.0,250.0,0.15232758,0.0,0.008017306,0.0,7.9310336,0.0,100.0,192.0,FAU,OSDA-free,0.20833328366279602,0.20833328366279602,1.0,0.0001,0.0001,0.0001,0.0001,0.18409295315704832,0.0001,0.009689181407426485,0.0001,9.5849180931015,0.0001
1.5006,1.7179967,99.0,250.0,0.48007673,0.0,0.38406146,0.0,23.523767,0.0,100.0,168.0,FAU,OSDA-free,0.666400134563446,0.666400134563446,1.0,0.0001,0.0001,0.0001,0.0001,0.8000959432376162,0.0001,0.6400768737946237,0.0001,39.20471403313025,0.0001
18.000002,1.7179967,99.0,250.0,0.8947365,0.0,0.7157897,0.0,9.473683,0.0,60.0,16.0,FAU,OSDA-free,0.0555555485188961,0.0555555485188961,1.0,0.0001,0.0001,0.0001,0.0001,0.9446230543172521,0.0001,0.7556989217061034,0.0001,10.001893769315954,0.0001
7.2547154,1.7179967,99.0,250.0,1.142858,0.0,0.9142857,0.0,9.142858,0.0,100.0,24.0,FAU,OSDA-free,0.1378413885831833,0.1378413885831833,1.0,0.0001,0.0001,0.0001,0.0001,1.3006197376072781,0.0001,1.0404949896617006,0.0001,10.404950303612322,0.0001
10.0,1.7179967,99.0,250.0,1.4545461,0.0,1.1636364,0.0,4.5454545,0.0,90.0,8.0,FAU,OSDA-free,0.10000000149011612,0.10000000149011612,1.0,0.0001,0.0001,0.0001,0.0001,1.600291614721039,0.0001,1.2802328196222132,0.0001,5.000909049989961,0.0001
5.0,1.7179967,99.0,250.0,1.1111119,0.0,0.8888886,0.0,19.222221,0.0,65.0,168.0,FAU,OSDA-free,0.20000000298023224,0.20000000298023224,1.0,0.0001,0.0001,0.0001,0.0001,1.333556480905747,0.0001,1.066844097354676,0.0001,23.070510150975647,0.0001
2.3274355,1.7179967,99.0,250.0,1.920999,0.0,2.1276581,0.0,46.01063,0.0,100.0,24.0,FAU,OSDA-free,0.4296574592590332,0.4296574592590332,1.0,0.0001,0.0001,0.0001,0.0001,2.746754821072741,0.0001,3.0422478461297224,0.0001,65.7886447431143,0.0001
7.2500014,1.7179967,99.0,250.0,1.7575753,0.0,1.4060603,0.0,4.393939,0.0,90.0,8.0,FAU,OSDA-free,0.1379310041666031,0.1379310041666031,1.0,0.0001,0.0001,0.0001,0.0001,2.0003509109426463,0.0001,1.6002808644299056,0.0001,5.000878227087135,0.0001
23.500004,1.7179967,99.0,250.0,1.0102042,0.0,0.808163,0.0,4.7959185,0.0,90.0,8.0,FAU,OSDA-free,0.04255318641662598,0.04255318641662598,1.0,0.0001,0.0001,0.0001,0.0001,1.053393644285688,0.0001,0.8427145300803641,0.0001,5.0009592608192195,0.0001
12.5,1.7179967,99.0,250.0,0.81481445,0.0,0.8148146,0.0,37.03704,0.0,100.0,6.4999986,FAU,OSDA-free,0.07999999821186066,0.07999999821186066,1.0,0.0001,0.0001,0.0001,0.0001,0.8801625656578282,0.0001,0.8801627588126397,0.0001,40.00741130919985,0.0001
15.499995,1.7179967,99.0,250.0,1.030302,0.0,0.8242426,0.0,10.909092,0.0,60.0,16.0,FAU,OSDA-free,0.06451614946126938,0.06451614946126938,1.0,0.0001,0.0001,0.0001,0.0001,1.096979229040606,0.0001,0.8775843986249308,0.0001,11.615086374551062,0.0001
3.997602,1.7179967,99.0,250.0,0.47984642,0.0,0.38387716,0.0,9.357005,0.0,100.0,72.0,FAU,OSDA-free,0.2501499652862549,0.2501499652862549,1.0,0.0001,0.0001,0.0001,0.0001,0.5999759519688753,0.0001,0.47998079138576644,0.0001,11.699531026129735,0.0001
2.3999984,1.7179967,99.0,250.0,1.920999,0.0,2.4341676,0.0,143.38235,0.0,90.0,24.0,FAU,OSDA-free,0.4166669547557831,0.4166669547557831,1.0,0.0001,0.0001,0.0001,0.0001,2.7218000742611532,0.0001,3.4488916681017585,0.0001,203.15372032097466,0.0001
5.0,1.7179967,99.0,250.0,0.0625,0.0,0.06249998,0.0,11.25,0.08083333,100.0,72.0,FAU,OSDA-free,0.20000000298023224,0.20000000298023224,1.0,0.0001,0.0001,0.0001,0.0001,0.07501250018626451,0.0001,0.07501247783079738,0.0001,13.502250033527613,0.09701616380761066
1.994682,1.7179967,99.0,250.0,0.8880997,0.0,0.71047956,0.0,15.364121,0.0,65.0,12.0,FAU,OSDA-free,0.5013330578804016,0.5013330578804016,1.0,0.0001,0.0001,0.0001,0.0001,1.3335110138135386,0.0001,1.0668085425557974,0.0001,23.069736243053683,0.0001
3.9784954,1.7179967,99.0,250.0,1.920999,0.0,1.7278657,0.0,37.365013,0.0,100.0,24.0,FAU,OSDA-free,0.2513512969017029,0.2513512969017029,1.0,0.0001,0.0001,0.0001,0.0001,2.404228852550133,0.0001,2.1625125526424025,0.0001,46.76423063228735,0.0001
2.3999984,1.7179967,99.0,250.0,1.920999,0.0,2.4341676,0.0,143.38235,0.0,90.0,24.0,FAU,OSDA-free,0.4166669547557831,0.4166669547557831,1.0,0.0001,0.0001,0.0001,0.0001,2.7218000742611532,0.0001,3.4488916681017585,0.0001,203.15372032097466,0.0001
6.0,1.7179967,99.0,250.0,1.920999,0.0,2.0000017,0.0,57.142853,0.0,75.57958,1.0,FAU,OSDA-free,0.1666666716337204,0.1666666716337204,1.0,0.0001,0.0001,0.0001,0.0001,2.2415497678488445,0.0001,2.3337352906862976,0.0001,66.67809043479191,0.0001
1.1001104,1.7179967,99.0,250.0,1.920999,0.7831329,2.4341676,0.0,28.968046,0.0,70.0,14.0,FAU,OSDA-free,0.9089996814727783,0.9089996814727783,1.0,0.0001,0.0001,0.0001,0.0001,3.667570774637525,1.4951571037136153,4.647312051475538,0.0001,55.305784555695126,0.0001
3.2500005,1.7179967,99.0,250.0,1.5294124,0.0,1.2235304,0.0,3.8235292,0.0,90.0,8.0,FAU,OSDA-free,0.3076922595500946,0.3076922595500946,1.0,0.0001,0.0001,0.0001,0.0001,2.0003066249735992,0.0001,1.6002459548130892,0.0001,5.0007643016968455,0.0001
1.5,1.7179967,99.0,250.0,1.2000016,0.0,0.96000004,0.0,23.400002,0.0,100.0,2.5,FAU,OSDA-free,0.6666666865348816,0.6666666865348816,1.0,0.0001,0.0001,0.0001,0.0001,2.0002426865021703,0.0001,1.6001920826594043,0.0001,39.00468300835295,0.0001
10.0,1.7179967,99.0,250.0,1.920999,0.0,2.4341676,0.0,90.90909,0.0,75.0,24.0,FAU,OSDA-free,0.10000000149011612,0.10000000149011612,1.0,0.0001,0.0001,0.0001,0.0001,2.1134831578269586,0.0001,2.6780712230237835,0.0001,100.01817890133424,0.0001
1.7211707,1.7179967,99.0,250.0,1.846933,0.0,1.4775472,0.0,33.206825,0.0,100.0,4.0,FAU,OSDA-free,0.5809999108314514,0.5809999108314514,1.0,0.0001,0.0001,0.0001,0.0001,2.9203703063600193,0.0001,2.3362974514478108,0.0001,52.5066291343325,0.0001
10.0,1.7179967,99.0,250.0,1.920999,0.0,2.4341676,0.0,90.90909,0.0,75.0,16.0,FAU,OSDA-free,0.10000000149011612,0.10000000149011612,1.0,0.0001,0.0001,0.0001,0.0001,2.1134831578269586,0.0001,2.6780712230237835,0.0001,100.01817890133424,0.0001
5.0,1.7179967,99.0,250.0,0.0625,0.0,0.06249998,0.0,11.25,0.0,100.0,72.0,FAU,OSDA-free,0.20000000298023224,0.20000000298023224,1.0,0.0001,0.0001,0.0001,0.0001,0.07501250018626451,0.0001,0.07501247783079738,0.0001,13.502250033527613,0.0001
18.000002,1.7179967,99.0,250.0,0.8947365,0.0,0.7157897,0.0,9.473683,0.0,70.0,16.0,FAU,OSDA-free,0.0555555485188961,0.0555555485188961,1.0,0.0001,0.0001,0.0001,0.0001,0.9446230543172521,0.0001,0.7556989217061034,0.0001,10.001893769315954,0.0001
1.5,1.7179967,99.0,250.0,1.2000016,0.0,0.96000004,0.0,23.400002,0.0,100.0,4.0,FAU,OSDA-free,0.6666666865348816,0.6666666865348816,1.0,0.0001,0.0001,0.0001,0.0001,2.0002426865021703,0.0001,1.6001920826594043,0.0001,39.00468300835295,0.0001
1.5,1.7179967,99.0,250.0,1.2000016,0.0,0.96000004,0.0,23.400002,0.0,100.0,3.0,FAU,OSDA-free,0.6666666865348816,0.6666666865348816,1.0,0.0001,0.0001,0.0001,0.0001,2.0002426865021703,0.0001,1.6001920826594043,0.0001,39.00468300835295,0.0001
3.9936078,1.7179967,99.0,250.0,0.6397956,0.0,0.5118361,0.0,12.476007,0.0,100.0,24.0,FAU,OSDA-free,0.2504001557826996,0.2504001557826996,1.0,0.0001,0.0001,0.0001,0.0001,0.8001284787398447,0.0001,0.6401023208340919,0.0001,15.602496874957865,0.0001
6.0,1.7179967,99.0,250.0,0.5714285,0.0,0.4571429,0.0,11.428571,0.0,100.0,72.0,FAU,OSDA-free,0.1666666716337204,0.1666666716337204,1.0,0.0001,0.0001,0.0001,0.0001,0.6667808459253534,0.0001,0.5334248019314949,0.0001,13.335618309520536,0.0001
5.0,1.7179967,99.0,250.0,0.5,0.0,0.0,0.0,11.666666,0.0,110.0,144.0,FAU,OSDA-free,0.20000000298023224,0.20000000298023224,1.0,0.0001,0.0001,0.0001,0.0001,0.6001000014901161,0.0001,0.0001,0.0001,14.002332605036097,0.0001
0.0,0.0,0.0,0.0,0.0,0.0,0.0,0.0,200.0,0.0,235.81308,662.31854,FAU,OSDA-free,inf,inf,1.0,inf,inf,inf,inf,,,,,inf,
7.2500014,1.7179967,99.0,250.0,1.3939389,0.0,1.1151506,0.0,4.393939,0.0,90.0,8.0,FAU,OSDA-free,0.1379310041666031,0.1379310041666031,1.0,0.0001,0.0001,0.0001,0.0001,1.5864850789115372,0.0001,1.269187439020603,0.0001,5.000878227087135,0.0001
7.0,1.7179967,99.0,250.0,0.75,0.0,0.6,0.0,15.0,0.0,50.0,394.10367,FAU,OSDA-free,0.1428571492433548,0.1428571492433548,1.0,0.0001,0.0001,0.0001,0.0001,0.8572928619325161,0.0001,0.685834316798619,0.0001,17.145857238650322,0.0001
1.7500005,1.7179967,99.0,250.0,1.2727282,0.0,1.0181823,0.0,27.272728,0.0,90.0,48.0,FAU,OSDA-free,0.5714284181594849,0.5714284181594849,1.0,0.0001,0.0001,0.0001,0.0001,2.0002558151423275,0.0001,1.6002042024673648,0.0001,42.86259431258352,0.0001
2.2499998,1.7179967,99.0,250.0,1.3846158,0.0,1.384615,0.0,20.769232,0.0,90.0,24.0,FAU,OSDA-free,0.444444477558136,0.444444477558136,1.0,0.0001,0.0001,0.0001,0.0001,2.000277538561019,0.0001,2.000276333055726,0.0001,30.004156017598568,0.0001
3.9878042,1.7179967,99.0,250.0,1.920999,0.0,1.9559902,0.0,42.29829,0.0,65.0,168.0,FAU,OSDA-free,0.2507645785808563,0.2507645785808563,1.0,0.0001,0.0001,0.0001,0.0001,2.4031017672130868,0.0001,2.446874450339668,0.0001,52.913662840641514,0.0001
18.000002,1.7179967,99.0,250.0,0.8947365,0.0,0.7157897,0.0,9.473683,0.0,60.0,16.0,FAU,OSDA-free,0.0555555485188961,0.0555555485188961,1.0,0.0001,0.0001,0.0001,0.0001,0.9446230543172521,0.0001,0.7556989217061034,0.0001,10.001893769315954,0.0001
7.5,1.7179967,99.0,250.0,1.920999,0.0,1.6000001,0.0,21.176474,0.0,60.0,16.0,FAU,OSDA-free,0.13333334028720856,0.13333334028720856,1.0,0.0001,0.0001,0.0001,0.0001,2.1775164699941807,0.0001,1.8136535066127786,0.0001,24.004238875209605,0.0001
2.0,1.7179967,99.0,250.0,1.8333344,0.0,1.4666667,0.0,31.666674,0.0,100.0,4.0,FAU,OSDA-free,0.5,0.5,1.0,0.0001,0.0001,0.0001,0.0001,2.7503683358192443,0.0001,2.200293381023407,0.0001,47.506343825149536,0.0001
2.4999998,1.7179967,99.0,250.0,1.4285727,0.0,1.1428573,0.0,3.571428,0.0,90.0,8.0,FAU,OSDA-free,0.40000003576278687,0.40000003576278687,1.0,0.0001,0.0001,0.0001,0.0001,2.000287482234454,0.0001,1.6002288507529727,0.0001,5.000713698080589,0.0001
6.0,1.7179967,99.0,250.0,1.920999,0.0,2.0000017,0.0,57.142853,0.0,105.82481,50.0,FAU,OSDA-free,0.1666666716337204,0.1666666716337204,1.0,0.0001,0.0001,0.0001,0.0001,2.2415497678488445,0.0001,2.3337352906862976,0.0001,66.67809043479191,0.0001
12.5,1.7179967,99.0,250.0,0.81481445,0.0,0.8148146,0.0,37.03704,0.0,100.0,6.4999986,FAU,OSDA-free,0.07999999821186066,0.07999999821186066,1.0,0.0001,0.0001,0.0001,0.0001,0.8801625656578282,0.0001,0.8801627588126397,0.0001,40.00741130919985,0.0001
2.3999984,1.7179967,99.0,250.0,1.920999,0.0,2.4341676,0.0,143.38235,0.0,90.0,24.0,FAU,OSDA-free,0.4166669547557831,0.4166669547557831,1.0,0.0001,0.0001,0.0001,0.0001,2.7218000742611532,0.0001,3.4488916681017585,0.0001,203.15372032097466,0.0001
23.500004,1.7179967,99.0,250.0,1.0102042,0.0,0.808163,0.0,4.7959185,0.0,90.0,8.0,FAU,OSDA-free,0.04255318641662598,0.04255318641662598,1.0,0.0001,0.0001,0.0001,0.0001,1.053393644285688,0.0001,0.8427145300803641,0.0001,5.0009592608192195,0.0001
2.0,1.7179967,99.0,250.0,0.53333336,0.0,0.4266667,0.0,10.4,0.0,100.0,24.0,FAU,OSDA-free,0.5,0.5,1.0,0.0001,0.0001,0.0001,0.0001,0.8001067083954811,0.0001,0.6400853935420513,0.0001,15.602079427719117,0.0001
1.6666654,1.7179967,99.0,250.0,1.68919,0.0,1.3513523,0.0,29.22297,0.0,100.0,168.0,FAU,OSDA-free,0.6000004410743713,0.6000004410743713,1.0,0.0001,0.0001,0.0001,0.0001,2.7030426312211886,0.0001,2.162434600949721,0.0001,46.76260797159499,0.0001
20.499992,1.7179967,99.0,250.0,0.7906977,0.0,0.6325584,0.0,8.372092,0.0,60.0,16.0,FAU,OSDA-free,0.04878050461411476,0.04878050461411476,1.0,0.0001,0.0001,0.0001,0.0001,0.829426465865522,0.0001,0.663541435293681,0.0001,8.782161549943709,0.0001
7.5,1.7179967,99.0,250.0,1.920999,0.0,1.6000001,0.0,21.176474,0.0,60.0,16.0,FAU,OSDA-free,0.13333334028720856,0.13333334028720856,1.0,0.0001,0.0001,0.0001,0.0001,2.1775164699941807,0.0001,1.8136535066127786,0.0001,24.004238875209605,0.0001
4.989418,1.7179967,99.0,250.0,0.8833925,0.0,0.70671374,0.0,16.607777,0.0,100.0,48.0,FAU,OSDA-free,0.2004241794347763,0.2004241794347763,1.0,0.0001,0.0001,0.0001,0.0001,1.0606224107972952,0.0001,0.8484975994490587,0.0001,19.939698202852043,0.0001
0.73333347,1.7179967,99.0,250.0,1.920999,0.5749998,1.3499993,0.0,21.249998,0.0,70.0,24.0,FAU,OSDA-free,1.3636361360549927,1.3636361360549927,1.0,0.0001,0.0001,0.0001,0.0001,4.540926972049149,1.3592053273656588,3.1911771492851275,0.0001,50.23151338250898,0.0001
400.0,1.7179967,99.0,250.0,0.024987513,0.0,0.019989982,0.0,0.9995003,0.0,90.0,12.0,FAU,OSDA-free,0.0001,0.0001,1.0,0.0001,0.0001,0.0001,0.0001,0.02499500945340842,0.0001,0.019995979242026805,0.0001,0.9998001247406005,0.0001
2.5,1.7179967,99.0,250.0,1.920999,0.0,2.4341676,0.0,135.71436,0.0,80.0,10.0,FAU,OSDA-free,0.4000000059604645,0.4000000059604645,1.0,0.0001,0.0001,0.0001,0.0001,2.689782881456608,0.0001,3.40832152096133,0.0001,190.02724133626435,0.0001
1.5,1.7179967,99.0,250.0,0.7999998,0.0,0.64000005,0.0,26.64,0.0,100.0,168.0,FAU,OSDA-free,0.6666666865348816,0.6666666865348816,1.0,0.0001,0.0001,0.0001,0.0001,1.3334929716865176,0.0001,1.0667947548906018,0.0001,44.40532751191456,0.0001
11.499991,1.7179967,99.0,250.0,1.2799988,0.0,1.0240005,0.0,4.6,0.0,90.0,8.0,FAU,OSDA-free,0.08695658296346664,0.08695658296346664,1.0,0.0001,0.0001,0.0001,0.0001,1.391559099097799,0.0001,1.1132489122277043,0.0001,5.000920177952615,0.0001
1.5,1.7179967,99.0,250.0,0.4,0.0,0.4,0.0,8.0,0.0,100.0,72.0,FAU,OSDA-free,0.6666666865348816,0.6666666865348816,1.0,0.0001,0.0001,0.0001,0.0001,0.6667466845492523,0.0001,0.6667466845492523,0.0001,13.334933492279053,0.0001
1.5,1.7179967,99.0,250.0,1.920999,0.0,1.7582425,0.0,38.021984,0.0,65.0,168.0,FAU,OSDA-free,0.6666666865348816,0.6666666865348816,1.0,0.0001,0.0001,0.0001,0.0001,3.2020493215441515,0.0001,2.9307558299430707,0.0001,63.377578652818684,0.0001
1.7500005,1.7179967,99.0,250.0,1.920999,0.0,2.4341676,0.0,3.1818185,0.0,90.0,8.0,FAU,OSDA-free,0.5714284181594849,0.5714284181594849,1.0,0.0001,0.0001,0.0001,0.0001,3.0190966984579997,0.0001,3.825607011687609,0.0001,5.0006363528597975,0.0001
0.5,1.7179967,99.0,250.0,1.920999,0.0,2.4341676,0.0,48.33332,0.0,100.0,168.0,FAU,OSDA-free,2.0,2.0,1.0,0.0001,0.0001,0.0001,0.0001,5.763381350231171,0.0001,7.302989704084397,0.0001,145.0096285171509,0.0001
2.166667,1.7179967,99.0,250.0,1.7543857,0.0,1.4035087,0.0,30.350874,0.0,65.0,24.0,FAU,OSDA-free,0.4615384042263031,0.4615384042263031,1.0,0.0001,0.0001,0.0001,0.0001,2.564452967785774,0.0001,2.0515625136308566,0.0001,44.3650380503713,0.0001
5.0,1.7179967,99.0,250.0,1.6666662,0.0,1.3333341,0.0,28.833334,0.0,65.0,168.0,FAU,OSDA-free,0.20000000298023224,0.20000000298023224,1.0,0.0001,0.0001,0.0001,0.0001,2.000332718308765,0.0001,1.6002675767819108,0.0001,34.60576751566331,0.0001
0.5,1.7179967,99.0,250.0,1.920999,0.0,2.4341676,0.0,48.33332,0.0,100.0,168.0,FAU,OSDA-free,2.0,2.0,1.0,0.0001,0.0001,0.0001,0.0001,5.763381350231171,0.0001,7.302989704084397,0.0001,145.0096285171509,0.0001
5.688528,1.7179967,99.0,250.0,1.2254912,0.0,0.9803921,0.0,10.416667,0.0,100.0,6.0,FAU,OSDA-free,0.175792396068573,0.175792396068573,1.0,0.0001,0.0001,0.0001,0.0001,1.4411682928002216,0.0001,1.1529336529156509,0.0001,12.249921166218883,0.0001
23.500004,1.7179967,99.0,250.0,1.0102042,0.0,0.808163,0.0,4.7959185,0.0,90.0,8.0,FAU,OSDA-free,0.04255318641662598,0.04255318641662598,1.0,0.0001,0.0001,0.0001,0.0001,1.053393644285688,0.0001,0.8427145300803641,0.0001,5.0009592608192195,0.0001
0.0,0.0,0.0,0.0,1.50641,0.0,0.0,0.0,12.448717,0.0,70.0,12.0,FAU,OSDA-free,inf,inf,1.0,inf,inf,inf,inf,inf,,,,inf,
3.0,1.7179967,99.0,250.0,1.250002,0.0,0.99999946,0.0,31.500015,0.0,100.0,24.0,FAU,OSDA-free,0.3333333432674408,0.3333333432674408,1.0,0.0001,0.0001,0.0001,0.0001,1.6669193815668626,0.0001,1.3335326279044097,0.0001,42.006320661028376,0.0001
400.0,0.0,99.0,250.0,1.920999,0.0,2.4341676,0.0,197.18217,0.0,25.0,353.99985,FAU,OSDA-free,0.0001,0.0001,1.0,0.0001,0.0001,0.0001,0.0001,1.9215753498554229,0.0001,2.4348978738069533,0.0001,197.24132933502196,0.0001
2.994012,1.7179967,99.0,250.0,0.749625,0.0,0.59970015,0.0,16.866568,0.0,80.0,8.999997,FAU,OSDA-free,0.33399999141693115,0.33399999141693115,1.0,0.0001,0.0001,0.0001,0.0001,1.0001497048290966,0.0001,0.8001199388172137,0.0001,22.50337436275567,0.0001
2.5151517,1.7179967,99.0,250.0,1.920999,0.0,2.4341676,0.0,139.65509,0.0,80.0,5.0,FAU,OSDA-free,0.3975903391838074,0.3975903391838074,1.0,0.0001,0.0001,0.0001,0.0001,2.6851539138674947,0.0001,3.4024559881101197,0.0001,195.2085360839552,0.0001
1.503906,1.7179967,99.0,250.0,1.5600625,0.0,1.2480499,0.0,28.861156,0.0,120.0,1.5,FAU,OSDA-free,0.6649351716041565,0.6649351716041565,1.0,0.0001,0.0001,0.0001,0.0001,2.597714984702612,0.0001,2.0781717098626764,0.0001,48.05772672074937,0.0001
12.5,1.7179967,99.0,250.0,1.6296314,0.0,1.3037038,0.0,36.66666,0.0,100.0,5.0,FAU,OSDA-free,0.07999999821186066,0.07999999821186066,1.0,0.0001,0.0001,0.0001,0.0001,1.760327835483018,0.0001,1.4082608261638216,0.0001,39.60732640004159,0.0001
2.3999984,1.7179967,99.0,250.0,1.920999,0.0,2.4341676,0.0,143.38235,0.0,90.0,24.0,FAU,OSDA-free,0.4166669547557831,0.4166669547557831,1.0,0.0001,0.0001,0.0001,0.0001,2.7218000742611532,0.0001,3.4488916681017585,0.0001,203.15372032097466,0.0001
2.5,1.7179967,99.0,250.0,1.5698597,0.0,1.2558867,0.0,27.158552,0.0,65.0,168.0,FAU,OSDA-free,0.4000000059604645,0.4000000059604645,1.0,0.0001,0.0001,0.0001,0.0001,2.1981176216713174,0.0001,1.7584925283186834,0.0001,38.02740491003127,0.0001
12.5,1.7179967,99.0,250.0,0.81481445,0.0,0.8148146,0.0,37.03704,0.0,100.0,6.4999986,FAU,OSDA-free,0.07999999821186066,0.07999999821186066,1.0,0.0001,0.0001,0.0001,0.0001,0.8801625656578282,0.0001,0.8801627588126397,0.0001,40.00741130919985,0.0001
4.04444,1.7179967,99.0,250.0,1.920999,0.0,2.4341676,0.0,76.21153,0.0,65.0,168.0,FAU,OSDA-free,0.24725303053855896,0.24725303053855896,1.0,0.0001,0.0001,0.0001,0.0001,2.396356086759311,0.0001,3.036509778798738,0.0001,95.07030729484339,0.0001
2.7999995,1.7179967,99.0,250.0,1.1198212,0.0,0.89585644,0.0,15.677492,0.0,100.0,47.000015,FAU,OSDA-free,0.35714292526245117,0.35714292526245117,1.0,0.0001,0.0001,0.0001,0.0001,1.5199813709375647,0.0001,1.215984400976143,0.0001,21.279733044426248,0.0001
4.0,1.7179967,99.0,250.0,1.6000006,0.0,1.2800004,0.0,4.0,0.0,90.0,8.0,FAU,OSDA-free,0.25,0.25,1.0,0.0001,0.0001,0.0001,0.0001,2.0003207749843597,0.0001,1.6002565603733063,0.0001,5.0008,0.0001
2.035399,1.7179967,99.0,250.0,1.920999,0.0,2.3323627,0.0,50.437305,0.0,100.0,72.0,FAU,OSDA-free,0.4913041591644287,0.4913041591644287,1.0,0.0001,0.0001,0.0001,0.0001,2.865178073035295,0.0001,3.478728595876691,0.0001,75.22745085637715,0.0001
2.166667,1.7179967,99.0,250.0,1.7543857,0.0,1.4035087,0.0,30.350874,0.0,65.0,168.0,FAU,OSDA-free,0.4615384042263031,0.4615384042263031,1.0,0.0001,0.0001,0.0001,0.0001,2.564452967785774,0.0001,2.0515625136308566,0.0001,44.3650380503713,0.0001
5.006004,1.7179967,99.0,250.0,0.5,0.0,0.4,0.0,9.749999,0.0,100.0,142.00003,FAU,OSDA-free,0.19976013898849487,0.19976013898849487,1.0,0.0001,0.0001,0.0001,0.0001,0.5999800694942474,0.0001,0.4799840627477177,0.0001,11.699610210766659,0.0001
13.000003,1.7179967,99.0,250.0,1.2142837,0.0,0.9714286,0.0,12.857142,0.0,60.0,16.0,FAU,OSDA-free,0.07692305743694305,0.07692305743694305,1.0,0.0001,0.0001,0.0001,0.0001,1.3079329766644618,0.0001,1.0463481147730742,0.0001,13.848724583950155,0.0001
1.503906,1.7179967,99.0,250.0,1.5600625,0.0,1.2480499,0.0,31.20125,0.0,60.0,62.999947,FAU,OSDA-free,0.6649351716041565,0.6649351716041565,1.0,0.0001,0.0001,0.0001,0.0001,2.597714984702612,0.0001,2.0781717098626764,0.0001,51.95429890005392,0.0001
1.0,1.7179967,99.0,250.0,1.920999,0.0,2.1978033,0.0,47.527473,0.0,80.0,168.0,FAU,OSDA-free,1.0,1.0,1.0,0.0001,0.0001,0.0001,0.0001,3.8423823000907906,0.0001,4.396046078443528,0.0001,95.06445239410402,0.0001
7.0,1.7179967,99.0,250.0,1.920999,0.0,2.0000017,0.0,64.374985,0.0,90.0,24.0,FAU,OSDA-free,0.1428571492433548,0.1428571492433548,1.0,0.0001,0.0001,0.0001,0.0001,2.195811697952656,0.0001,2.286116206169139,0.0001,73.58428654087304,0.0001
5.0,1.7179967,99.0,250.0,1.920999,0.0,2.4341676,0.0,57.666656,0.0,65.0,6.0,FAU,OSDA-free,0.20000000298023224,0.20000000298023224,1.0,0.0001,0.0001,0.0001,0.0001,2.3055830657035083,0.0001,2.9214879890029657,0.0001,69.2115212961276,0.0001
0.5,1.7179967,99.0,250.0,1.920999,0.0,2.4341676,0.0,48.33332,0.0,100.0,168.0,FAU,OSDA-free,2.0,2.0,1.0,0.0001,0.0001,0.0001,0.0001,5.763381350231171,0.0001,7.302989704084397,0.0001,145.0096285171509,0.0001
1.1001104,1.7179967,99.0,250.0,1.920999,0.7831329,2.4341676,0.0,28.968046,0.0,100.0,2.0,FAU,OSDA-free,0.9089996814727783,0.9089996814727783,1.0,0.0001,0.0001,0.0001,0.0001,3.667570774637525,1.4951571037136153,4.647312051475538,0.0001,55.305784555695126,0.0001
2.5,1.7179967,99.0,250.0,1.5698597,0.0,1.2558867,0.0,27.158552,0.0,80.0,168.0,FAU,OSDA-free,0.4000000059604645,0.4000000059604645,1.0,0.0001,0.0001,0.0001,0.0001,2.1981176216713174,0.0001,1.7584925283186834,0.0001,38.02740491003127,0.0001
7.0,1.7179967,99.0,250.0,0.75,0.0,0.6,0.0,15.0,0.0,100.0,380.08267,FAU,OSDA-free,0.1428571492433548,0.1428571492433548,1.0,0.0001,0.0001,0.0001,0.0001,0.8572928619325161,0.0001,0.685834316798619,0.0001,17.145857238650322,0.0001
23.500004,1.7179967,99.0,250.0,1.0102042,0.0,0.808163,0.0,4.7959185,0.0,90.0,8.0,FAU,OSDA-free,0.04255318641662598,0.04255318641662598,1.0,0.0001,0.0001,0.0001,0.0001,1.053393644285688,0.0001,0.8427145300803641,0.0001,5.0009592608192195,0.0001
2.0,1.7179967,99.0,250.0,1.7999996,0.0,1.4400008,0.0,45.0,0.0,100.0,48.0,FAU,OSDA-free,0.5,0.5,1.0,0.0001,0.0001,0.0001,0.0001,2.7003593919515607,0.0001,2.16028915886879,0.0001,67.509,0.0001
23.500004,1.7179967,99.0,250.0,1.0102042,0.0,0.808163,0.0,4.7959185,0.0,90.0,8.0,FAU,OSDA-free,0.04255318641662598,0.04255318641662598,1.0,0.0001,0.0001,0.0001,0.0001,1.053393644285688,0.0001,0.8427145300803641,0.0001,5.0009592608192195,0.0001
12.5,1.7179967,99.0,250.0,0.81481445,0.0,0.8148146,0.0,37.03704,0.0,100.0,6.4999986,FAU,OSDA-free,0.07999999821186066,0.07999999821186066,1.0,0.0001,0.0001,0.0001,0.0001,0.8801625656578282,0.0001,0.8801627588126397,0.0001,40.00741130919985,0.0001
1.0999994,1.7179967,99.0,250.0,1.920999,0.78571534,0.9400005,0.0,29.047619,0.0,100.0,5.0,FAU,OSDA-free,0.9090913534164429,0.9090913534164429,1.0,0.0001,0.0001,0.0001,0.0001,3.667746876354229,1.5001595079024164,1.7947347780804142,0.0001,55.46036753812675,0.0001
6.024096,1.7179967,99.0,250.0,0.8576325,0.0,0.8576332,0.0,17.15266,0.0,100.0,24.0,FAU,OSDA-free,0.16600000858306885,0.16600000858306885,1.0,0.0001,0.0001,0.0001,0.0001,1.0001710496365477,0.0001,1.0001718142568574,0.0001,20.00343267056841,0.0001
13.000003,1.7179967,99.0,250.0,1.142858,0.0,0.9142857,0.0,4.642857,0.0,90.0,8.0,FAU,OSDA-free,0.07692305743694305,0.07692305743694305,1.0,0.0001,0.0001,0.0001,0.0001,1.2309987337793449,0.0001,0.9847982294453368,0.0001,5.00092840758405,0.0001
5.0,1.7179967,99.0,250.0,1.920999,0.0,1.866665,0.0,70.0,0.0,90.0,12.0,FAU,OSDA-free,0.20000000298023224,0.20000000298023224,1.0,0.0001,0.0001,0.0001,0.0001,2.3055830657035083,0.0001,2.2403713453849106,0.0001,84.01400020861625,0.0001
14.083332,1.7179967,99.0,250.0,0.92080986,0.0,0.7366487,0.0,15.101288,0.0,100.0,20.99999,FAU,OSDA-free,0.0710059255361557,0.0710059255361557,1.0,0.0001,0.0001,0.0001,0.0001,0.9863769836778592,0.0001,0.7891024297470899,0.0001,16.176589019359916,0.0001
1.5,1.7179967,99.0,250.0,1.920999,0.0,1.7582425,0.0,38.021984,0.0,95.0,168.0,FAU,OSDA-free,0.6666666865348816,0.6666666865348816,1.0,0.0001,0.0001,0.0001,0.0001,3.2020493215441515,0.0001,2.9307558299430707,0.0001,63.377578652818684,0.0001
5.0,1.7179967,99.0,250.0,0.4,0.0,0.32,0.0,9.166667,0.0,100.0,240.0,FAU,OSDA-free,0.20000000298023224,0.20000000298023224,1.0,0.0001,0.0001,0.0001,0.0001,0.48008000834584236,0.0001,0.38406399236917493,0.0001,11.001833742185434,0.0001
10.0,1.7179967,99.0,250.0,1.920999,0.0,2.4341676,0.0,90.90909,0.0,75.0,432.0,FAU,OSDA-free,0.10000000149011612,0.10000000149011612,1.0,0.0001,0.0001,0.0001,0.0001,2.1134831578269586,0.0001,2.6780712230237835,0.0001,100.01817890133424,0.0001
2.5,1.7179967,99.0,250.0,1.920999,0.0,2.4341676,0.0,135.71436,0.0,80.0,20.0,FAU,OSDA-free,0.4000000059604645,0.4000000059604645,1.0,0.0001,0.0001,0.0001,0.0001,2.689782881456608,0.0001,3.40832152096133,0.0001,190.02724133626435,0.0001
9.200003,1.7179967,99.0,250.0,0.5411766,0.0,0.43294114,0.0,0.0,0.0,70.0,336.0,FAU,OSDA-free,0.1086956188082695,0.1086956188082695,1.0,0.0001,0.0001,0.0001,0.0001,0.6001083797541676,0.0001,0.48008653195547757,0.0001,0.0001,0.0001
14.499995,1.7179967,99.0,250.0,1.1612903,0.0,0.9290323,0.0,4.677419,0.0,90.0,8.0,FAU,OSDA-free,0.06896553933620453,0.06896553933620453,1.0,0.0001,0.0001,0.0001,0.0001,1.2416115570649413,0.0001,0.9932893476155246,0.0001,5.00093540631462,0.0001
5.0,1.7179967,99.0,250.0,0.45000008,0.0,0.36,0.0,11.666666,0.0,110.0,192.0,FAU,OSDA-free,0.20000000298023224,0.20000000298023224,1.0,0.0001,0.0001,0.0001,0.0001,0.5400900943398478,0.0001,0.43207201824188235,0.0001,14.002332605036097,0.0001
5.0,1.7179967,99.0,250.0,1.333334,0.0,1.3333341,0.0,33.333332,0.0,100.0,12.0,FAU,OSDA-free,0.20000000298023224,0.20000000298023224,1.0,0.0001,0.0001,0.0001,0.0001,1.6002674337069211,0.0001,1.6002675767819108,0.0001,40.006665239874515,0.0001
12.5,1.7179967,99.0,250.0,0.81481445,0.0,0.8148146,0.0,37.03704,0.0,100.0,5.0,FAU,OSDA-free,0.07999999821186066,0.07999999821186066,1.0,0.0001,0.0001,0.0001,0.0001,0.8801625656578282,0.0001,0.8801627588126397,0.0001,40.00741130919985,0.0001
5.0,1.7179967,99.0,250.0,1.920999,0.0,2.4341676,0.0,57.666656,0.0,65.0,168.0,FAU,OSDA-free,0.20000000298023224,0.20000000298023224,1.0,0.0001,0.0001,0.0001,0.0001,2.3055830657035083,0.0001,2.9214879890029657,0.0001,69.2115212961276,0.0001
1.9761909,1.7179967,99.0,250.0,1.0,0.0,0.8,0.0,17.299997,0.0,65.0,168.0,FAU,OSDA-free,0.5060240030288696,0.5060240030288696,1.0,0.0001,0.0001,0.0001,0.0001,1.5062240030288696,0.0001,1.204979220378685,0.0001,26.057671230347434,0.0001
4.5000024,1.7179967,99.0,250.0,0.7272726,0.0,0.58181816,0.0,15.454546,0.0,90.0,3.0,FAU,OSDA-free,0.22222210466861725,0.22222210466861725,1.0,0.0001,0.0001,0.0001,0.0001,0.8890341387120275,0.0001,0.7112273838316573,0.0001,18.89197861712912,0.0001
4.5000024,1.7179967,99.0,250.0,0.7272726,0.0,0.58181816,0.0,15.454546,0.0,100.0,24.0,FAU,OSDA-free,0.22222210466861725,0.22222210466861725,1.0,0.0001,0.0001,0.0001,0.0001,0.8890341387120275,0.0001,0.7112273838316573,0.0001,18.89197861712912,0.0001
5.0,1.7179967,99.0,250.0,0.53333336,0.0,0.0,0.06666631,11.666667,0.0,110.0,144.0,FAU,OSDA-free,0.20000000298023224,0.20000000298023224,1.0,0.0001,0.0001,0.0001,0.0001,0.6401067016402882,0.0001,0.0001,0.080012908480067,14.002333749636016,0.0001
2.0,1.7179967,99.0,250.0,1.920999,0.0,2.4341676,0.0,115.33342,0.0,65.0,24.0,FAU,OSDA-free,0.5,0.5,1.0,0.0001,0.0001,0.0001,0.0001,2.8818827750205993,0.0001,3.65173826880455,0.0001,173.023196383667,0.0001
0.8333332,1.7179967,99.0,250.0,0.54545456,0.0,0.43636364,0.0,1.3636364,0.0,80.0,3.7499993,LTA,OSDA-free,1.2000001668930054,1.2000001668930054,1.0,0.0001,0.0001,0.0001,0.0001,1.2001092177076802,0.0001,0.9600873479377143,0.0001,3.000272978698126,0.0001
0.5,1.7179967,99.0,250.0,1.333334,0.0,1.0666671,0.0,31.066666,0.0,100.0,24.0,LTA,OSDA-free,2.0,2.0,1.0,0.0001,0.0001,0.0001,0.0001,4.000268574142456,0.0001,3.200214573192597,0.0001,93.20621028137208,0.0001
0.7249992,1.7179967,99.0,250.0,1.920999,0.0,2.168697,0.0,50.875362,0.0,80.0,6.0,LTA,OSDA-free,1.3793119192123413,1.3793119192123413,1.0,0.0001,0.0001,0.0001,0.0001,4.571040136604623,0.0001,5.160440643248873,0.0001,121.058531216101,0.0001
0.59999996,1.7179967,99.0,250.0,0.78124946,0.0,0.7812498,0.0,45.312504,0.0,100.0,24.0,LTA,OSDA-free,1.6666667461395264,1.6666667461395264,1.0,0.0001,0.0001,0.0001,0.0001,2.0834882148026996,0.0001,2.08348916854857,0.0001,120.8424096077366,0.0001
1.0,1.7179967,99.0,250.0,1.920999,0.0,1.6000001,0.0,120.00007,0.0,80.0,72.0,LTA,OSDA-free,1.0,1.0,1.0,0.0001,0.0001,0.0001,0.0001,3.8423823000907906,0.0001,3.2003202861309057,0.0001,240.02413734283454,0.0001
2.5,1.7179967,99.0,250.0,1.920999,0.0,2.4341676,0.0,135.71436,0.0,80.0,5.0,LTA,OSDA-free,0.4000000059604645,0.4000000059604645,1.0,0.0001,0.0001,0.0001,0.0001,2.689782881456608,0.0001,3.40832152096133,0.0001,190.02724133626435,0.0001
1.0,1.7179967,99.0,250.0,1.920999,0.0,1.6000001,0.0,30.239994,0.0,90.0,4.0,LTA,OSDA-free,1.0,1.0,1.0,0.0001,0.0001,0.0001,0.0001,3.8423823000907906,0.0001,3.2003202861309057,0.0001,60.48603609695436,0.0001
0.7462687,1.7179967,99.0,250.0,1.920999,0.0,2.2769222,0.0,85.470024,0.0,100.0,4.0,LTA,OSDA-free,1.3399999141693115,1.3399999141693115,1.0,0.0001,0.0001,0.0001,0.0001,4.495521812257849,0.0001,5.328453197743417,0.0001,200.01694308366572,0.0001
1.5,1.7179967,99.0,250.0,0.32,0.0,0.32,0.0,24.0,0.0,80.0,6.0,LTA,OSDA-free,0.6666666865348816,0.6666666865348816,1.0,0.0001,0.0001,0.0001,0.0001,0.5333973277688024,0.0001,0.5333973277688024,0.0001,40.00480047683716,0.0001
0.8333332,1.7179967,99.0,250.0,0.54545456,0.0,0.43636364,0.0,1.3636364,0.0,80.0,5.0,LTA,OSDA-free,1.2000001668930054,1.2000001668930054,1.0,0.0001,0.0001,0.0001,0.0001,1.2001092177076802,0.0001,0.9600873479377143,0.0001,3.000272978698126,0.0001
0.95000035,1.7179967,99.0,250.0,1.6410278,0.0,1.3128198,0.0,30.769234,0.0,99.00001,4.0,LTA,OSDA-free,1.052631139755249,1.052631139755249,1.0,0.0001,0.0001,0.0001,0.0001,3.3687529858554885,0.0001,2.6949974454102477,0.0001,63.16404109318409,0.0001
2.5,1.7179967,99.0,250.0,1.920999,0.0,2.4341676,0.0,200.0,0.0,100.0,6.8533473,LTA,OSDA-free,0.4000000059604645,0.4000000059604645,1.0,0.0001,0.0001,0.0001,0.0001,2.689782881456608,0.0001,3.40832152096133,0.0001,280.0400011920929,0.0001
1.0,1.7179967,99.0,250.0,1.4999999,0.0,1.5000007,0.0,50.0,0.0,90.0,24.0,LTA,OSDA-free,1.0,1.0,1.0,0.0001,0.0001,0.0001,0.0001,3.0002997615575797,0.0001,3.0003014306545266,0.0001,100.01000000000002,0.0001
1.0,1.7179967,99.0,250.0,1.920999,0.0,1.5624985,0.0,24.023438,0.0,80.0,3.0,LTA,OSDA-free,1.0,1.0,1.0,0.0001,0.0001,0.0001,0.0001,3.8423823000907906,0.0001,3.125309400248528,0.0001,48.05167968750001,0.0001
1.0,1.7179967,99.0,250.0,1.920999,0.0,2.4341676,0.0,100.0,0.0,40.0,16.0,LTA,OSDA-free,1.0,1.0,1.0,0.0001,0.0001,0.0001,0.0001,3.8423823000907906,0.0001,4.8688220805645,0.0001,200.02000000000004,0.0001
0.50055,1.7179967,99.0,250.0,0.73313797,0.0,0.5865103,0.0,25.219938,0.0,100.0,24.0,LTA,OSDA-free,1.997802495956421,1.997802495956421,1.0,0.0001,0.0001,0.0001,0.0001,2.1979494495570018,0.0001,1.758359345211753,0.0001,75.60943790590522,0.0001
1.0,1.7179967,99.0,250.0,1.920999,0.0,1.9500003,0.0,25.0,0.0,80.0,2.0,LTA,OSDA-free,1.0,1.0,1.0,0.0001,0.0001,0.0001,0.0001,3.8423823000907906,0.0001,3.900390572261811,0.0001,50.00500000000001,0.0001
2.5,1.7179967,99.0,250.0,1.920999,0.0,2.4341676,0.0,135.71436,0.0,80.0,3.0,LTA,OSDA-free,0.4000000059604645,0.4000000059604645,1.0,0.0001,0.0001,0.0001,0.0001,2.689782881456608,0.0001,3.40832152096133,0.0001,190.02724133626435,0.0001
1.0,1.7179967,99.0,250.0,1.920999,0.0,2.4341676,0.0,100.0,0.0,40.0,29.999996,LTA,OSDA-free,1.0,1.0,1.0,0.0001,0.0001,0.0001,0.0001,3.8423823000907906,0.0001,4.8688220805645,0.0001,200.02000000000004,0.0001
2.5,1.7179967,99.0,250.0,1.920999,0.0,2.4341676,0.0,200.0,0.0,100.0,12.0,LTA,OSDA-free,0.4000000059604645,0.4000000059604645,1.0,0.0001,0.0001,0.0001,0.0001,2.689782881456608,0.0001,3.40832152096133,0.0001,280.0400011920929,0.0001
1.0,1.7179967,99.0,250.0,1.920999,0.0,1.6000001,0.0,120.00007,0.0,80.0,160.0001,LTA,OSDA-free,1.0,1.0,1.0,0.0001,0.0001,0.0001,0.0001,3.8423823000907906,0.0001,3.2003202861309057,0.0001,240.02413734283454,0.0001
1.5,1.7179967,99.0,250.0,0.47999987,0.0,0.47999996,0.0,24.0,0.0,80.0,6.0,LTA,OSDA-free,0.6666666865348816,0.6666666865348816,1.0,0.0001,0.0001,0.0001,0.0001,0.8000957929472102,0.0001,0.8000959419767054,0.0001,40.00480047683716,0.0001
0.59999996,1.7179967,99.0,250.0,0.78124946,0.0,0.7812498,0.0,45.312504,0.0,100.0,24.0,LTA,OSDA-free,1.6666667461395264,1.6666667461395264,1.0,0.0001,0.0001,0.0001,0.0001,2.0834882148026996,0.0001,2.08348916854857,0.0001,120.8424096077366,0.0001
1.0,1.7179967,99.0,250.0,1.4250004,0.0,1.4249997,0.0,19.249998,0.0,80.0,0.0,LTA,OSDA-free,1.0,1.0,1.0,0.0001,0.0001,0.0001,0.0001,2.850285858392716,0.0001,2.8502844277381905,0.0001,38.50384618492127,0.0001
1.0,1.7179967,99.0,250.0,0.749625,0.0,0.59970015,0.0,25.862066,0.0,100.0,24.0,LTA,OSDA-free,1.0,1.0,1.0,0.0001,0.0001,0.0001,0.0001,1.4993999793648722,0.0001,1.199520245778561,0.0001,51.72930495109559,0.0001
1.994682,1.7179967,99.0,250.0,0.8880997,0.0,0.71047956,0.0,15.364121,0.0,65.0,6.0,LTA,OSDA-free,0.5013330578804016,0.5013330578804016,1.0,0.0001,0.0001,0.0001,0.0001,1.3335110138135386,0.0001,1.0668085425557974,0.0001,23.069736243053683,0.0001
1.5,1.7179967,99.0,250.0,0.32,0.0,0.32,0.0,24.0,0.0,80.0,8.0,LTA,OSDA-free,0.6666666865348816,0.6666666865348816,1.0,0.0001,0.0001,0.0001,0.0001,0.5333973277688024,0.0001,0.5333973277688024,0.0001,40.00480047683716,0.0001
0.66666627,1.7179967,99.0,250.0,0.2133333,0.0,0.2133334,0.0,16.0,0.0,80.0,2.0,LTA,OSDA-free,1.5000009536743164,1.5000009536743164,1.0,0.0001,0.0001,0.0001,0.0001,0.5333761045982064,0.0001,0.5333763653894884,0.0001,40.00321525878907,0.0001
1.0,1.7179967,99.0,250.0,1.920999,0.0,2.4341676,0.0,100.0,0.0,60.0,24.0,LTA,OSDA-free,1.0,1.0,1.0,0.0001,0.0001,0.0001,0.0001,3.8423823000907906,0.0001,4.8688220805645,0.0001,200.02000000000004,0.0001
1.0972228,1.7179967,99.0,250.0,1.920999,0.0,2.4341676,0.0,114.5696,0.0,65.0,168.0,LTA,OSDA-free,0.9113919138908386,0.9113919138908386,1.0,0.0001,0.0001,0.0001,0.0001,3.6721662508403337,0.0001,4.653135146175515,0.0001,219.01032660807934,0.0001
2.5,1.7179967,99.0,250.0,1.920999,0.0,2.4341676,0.0,142.85709,0.0,65.0,12.0,LTA,OSDA-free,0.4000000059604645,0.4000000059604645,1.0,0.0001,0.0001,0.0001,0.0001,2.689782881456608,0.0001,3.40832152096133,0.0001,200.02849292302778,0.0001
1.0,1.7179967,99.0,250.0,1.920999,0.0,1.6000001,0.0,120.00007,0.0,80.0,136.00003,LTA,OSDA-free,1.0,1.0,1.0,0.0001,0.0001,0.0001,0.0001,3.8423823000907906,0.0001,3.2003202861309057,0.0001,240.02413734283454,0.0001
1.5,1.7179967,99.0,250.0,0.32,0.0,0.32,0.0,24.0,0.0,80.0,4.0,LTA,OSDA-free,0.6666666865348816,0.6666666865348816,1.0,0.0001,0.0001,0.0001,0.0001,0.5333973277688024,0.0001,0.5333973277688024,0.0001,40.00480047683716,0.0001
1.0,1.7179967,99.0,250.0,1.920999,0.0,1.9500003,0.0,25.0,0.0,80.0,1.5,LTA,OSDA-free,1.0,1.0,1.0,0.0001,0.0001,0.0001,0.0001,3.8423823000907906,0.0001,3.900390572261811,0.0001,50.00500000000001,0.0001
1.5824989,1.7179967,99.0,250.0,0.74578905,0.0,0.5966313,0.0,24.782187,0.0,99.00001,8.0,LTA,OSDA-free,0.6319119930267334,0.6319119930267334,1.0,0.0001,0.0001,0.0001,0.0001,1.2172112544963745,0.0001,0.9737690814222641,0.0001,40.44730381342378,0.0001
1.0,1.7179967,99.0,250.0,0.72463757,0.0,0.5797101,0.0,7.391304,0.0,200.0,1.5,LTA,OSDA-free,1.0,1.0,1.0,0.0001,0.0001,0.0001,0.0001,1.4494200635075571,0.0001,1.1595361938714983,0.0001,14.78408629302979,0.0001
0.49925035,1.7179967,99.0,250.0,1.0000005,0.0,0.8,0.0,27.799995,0.0,100.0,168.0,LTA,OSDA-free,2.0030031204223633,2.0030031204223633,1.0,0.0001,0.0001,0.0001,0.0001,3.003204552461205,0.0001,2.402562532138862,0.0001,83.48903300016883,0.0001
1.5,1.7179967,99.0,250.0,0.16000003,0.0,0.16000006,0.0,24.0,0.0,80.0,6.0,LTA,OSDA-free,0.6666666865348816,0.6666666865348816,1.0,0.0001,0.0001,0.0001,0.0001,0.26669871356089964,0.0001,0.266698763237398,0.0001,40.00480047683716,0.0001
1.0,1.7179967,99.0,250.0,1.250002,0.0,1.0,0.0,16.5,0.0,0.0,0.0,LTA,OSDA-free,1.0,1.0,1.0,0.0001,0.0001,0.0001,0.0001,2.500254053521157,0.0001,2.0002000000000004,0.0001,33.00330000000001,0.0001
1.0,1.7179967,99.0,250.0,0.72463757,0.0,0.5797101,0.0,7.391304,0.0,200.0,0.5,LTA,OSDA-free,1.0,1.0,1.0,0.0001,0.0001,0.0001,0.0001,1.4494200635075571,0.0001,1.1595361938714983,0.0001,14.78408629302979,0.0001
2.1999998,1.7179967,99.0,250.0,1.920999,0.0,2.4341676,0.0,130.203,0.0,80.0,5.0,LTA,OSDA-free,0.4545454978942871,0.4545454978942871,1.0,0.0001,0.0001,0.0001,0.0001,2.794564719650921,0.0001,3.541094391435607,0.0001,189.41223232427956,0.0001
0.66599995,1.7179967,99.0,250.0,0.6002401,0.0,0.4801921,0.0,10.384154,0.0,65.0,168.0,LTA,OSDA-free,1.5015015602111816,1.5015015602111816,1.0,0.0001,0.0001,0.0001,0.0001,1.5016216230681634,0.0001,1.201297313365834,0.0001,25.97805506322524,0.0001
0.30032995,1.7179967,99.0,250.0,0.84602356,0.0,0.6768189,0.0,25.97293,0.0,100.0,168.0,LTA,OSDA-free,3.3296711444854736,3.3296711444854736,1.0,0.0001,0.0001,0.0001,0.0001,3.663172998138383,0.0001,2.9305386565911378,0.0001,112.45944407714359,0.0001
2.5,1.7179967,99.0,250.0,1.920999,0.0,2.4341676,0.0,139.99992,0.0,85.0,3.0,LTA,OSDA-free,0.4000000059604645,0.4000000059604645,1.0,0.0001,0.0001,0.0001,0.0001,2.689782881456608,0.0001,3.40832152096133,0.0001,196.02789400768233,0.0001
0.9749995,1.7179967,99.0,250.0,1.920999,0.0,1.5797453,0.0,69.3671,0.0,90.0,4.0,LTA,OSDA-free,1.0256415605545044,1.0256415605545044,1.0,0.0001,0.0001,0.0001,0.0001,3.8916397135601106,0.0001,3.200313668968208,0.0001,140.52676136088718,0.0001
1.0,1.7179967,99.0,250.0,1.0,0.0,0.8,0.0,30.0,0.0,0.0,0.0,LTA,OSDA-free,1.0,1.0,1.0,0.0001,0.0001,0.0001,0.0001,2.0002000000000004,0.0001,1.6001600238442424,0.0001,60.006000000000014,0.0001
0.98000014,1.7179967,99.0,250.0,1.598487,0.0,1.278787,0.0,32.323235,0.0,105.00001,4.0,LTA,OSDA-free,1.020408034324646,1.020408034324646,1.0,0.0001,0.0001,0.0001,0.0001,3.229915714443918,0.0001,2.583927320474723,0.0001,65.31258744346798,0.0001
1.5,1.7179967,99.0,250.0,0.24,0.0,0.24000001,0.0,24.0,0.0,80.0,6.0,LTA,OSDA-free,0.6666666865348816,0.6666666865348816,1.0,0.0001,0.0001,0.0001,0.0001,0.4000479958266019,0.0001,0.40004802066485107,0.0001,40.00480047683716,0.0001
0.8750008,1.7179967,99.0,250.0,0.66666645,0.0,0.53333354,0.0,11.533334,0.0,100.0,168.0,LTA,OSDA-free,1.1428561210632324,1.1428561210632324,1.0,0.0001,0.0001,0.0001,0.0001,1.4287036123431263,0.0001,1.1429637073855334,0.0001,24.71658155002549,0.0001
0.5,1.7179967,99.0,250.0,1.920999,0.0,1.6000001,0.0,136.66669,0.0,110.0,2.3330004,LTA,OSDA-free,2.0,2.0,1.0,0.0001,0.0001,0.0001,0.0001,5.763381350231171,0.0001,4.800320429182054,0.0001,410.02739437255866,0.0001
1.0,1.7179967,99.0,250.0,1.920999,0.0,2.4341676,0.0,100.0,0.0,70.0,24.0,LTA,OSDA-free,1.0,1.0,1.0,0.0001,0.0001,0.0001,0.0001,3.8423823000907906,0.0001,4.8688220805645,0.0001,200.02000000000004,0.0001
2.5,1.7179967,99.0,250.0,1.920999,0.0,2.4341676,0.0,135.71436,0.0,80.0,6.0,LTA,OSDA-free,0.4000000059604645,0.4000000059604645,1.0,0.0001,0.0001,0.0001,0.0001,2.689782881456608,0.0001,3.40832152096133,0.0001,190.02724133626435,0.0001
1.0,1.7179967,99.0,250.0,1.0,0.0,0.8,0.0,30.0,0.0,100.0,3.4999995,LTA,OSDA-free,1.0,1.0,1.0,0.0001,0.0001,0.0001,0.0001,2.0002000000000004,0.0001,1.6001600238442424,0.0001,60.006000000000014,0.0001
12.5,1.7179967,99.0,250.0,0.7407405,0.0,0.59259266,0.0,27.111109,0.0,100.0,336.0,LTA,OSDA-free,0.07999999821186066,0.07999999821186066,1.0,0.0001,0.0001,0.0001,0.0001,0.8001478630529514,0.0001,0.6401185866130722,0.0001,29.285419655577346,0.0001
1.0,1.7179967,99.0,250.0,1.4999999,0.0,1.200001,0.0,50.0,0.0,90.0,24.0,LTA,OSDA-free,1.0,1.0,1.0,0.0001,0.0001,0.0001,0.0001,3.0002997615575797,0.0001,2.4002420029163365,0.0001,100.01000000000002,0.0001
1.0,1.7179967,99.0,250.0,1.920999,0.0,1.6000001,0.0,30.0,0.0,90.0,6.0,LTA,OSDA-free,1.0,1.0,1.0,0.0001,0.0001,0.0001,0.0001,3.8423823000907906,0.0001,3.2003202861309057,0.0001,60.006000000000014,0.0001
400.0,0.0,99.0,250.0,1.920999,0.0,2.4000013,0.0,52.000027,0.0,65.0,168.0,LTA,OSDA-free,0.0001,0.0001,1.0,0.0001,0.0001,0.0001,0.0001,1.9215753498554229,0.0001,2.400721287846565,0.0001,52.01562671089172,0.0001
1.0,1.7179967,99.0,250.0,1.1249995,0.0,0.9,0.0,41.750004,0.0,100.0,7.0,LTA,OSDA-free,1.0,1.0,1.0,0.0001,0.0001,0.0001,0.0001,2.2502240462303167,0.0001,1.8001799523115163,0.0001,83.50835763015749,0.0001
1.5,1.7179967,99.0,250.0,0.32,0.0,0.32,0.0,24.0,0.0,100.0,6.0,LTA,OSDA-free,0.6666666865348816,0.6666666865348816,1.0,0.0001,0.0001,0.0001,0.0001,0.5333973277688024,0.0001,0.5333973277688024,0.0001,40.00480047683716,0.0001
0.9003682,1.7179967,99.0,250.0,1.920999,0.0,1.5533962,0.0,29.514566,0.0,90.0,2.5,LTA,OSDA-free,1.11065673828125,1.11065673828125,1.0,0.0001,0.0001,0.0001,0.0001,4.054953789220704,0.0001,3.2789968887103726,0.0001,62.30102140829136,0.0001
0.66666627,1.7179967,99.0,250.0,0.2133333,0.0,0.2133334,0.0,16.0,0.0,80.0,4.0,LTA,OSDA-free,1.5000009536743164,1.5000009536743164,1.0,0.0001,0.0001,0.0001,0.0001,0.5333761045982064,0.0001,0.5333763653894884,0.0001,40.00321525878907,0.0001
0.0,0.0,0.0,0.0,0.0,0.0,0.0,0.0,200.0,0.0,150.0,1.0,LTA,OSDA-free,inf,inf,1.0,inf,inf,inf,inf,,,,,inf,
2.5,1.7179967,99.0,250.0,1.920999,0.0,2.4341676,0.0,142.85709,0.0,65.0,4.0,LTA,OSDA-free,0.4000000059604645,0.4000000059604645,1.0,0.0001,0.0001,0.0001,0.0001,2.689782881456608,0.0001,3.40832152096133,0.0001,200.02849292302778,0.0001
5.0,1.7179967,99.0,250.0,1.920999,0.0,2.4341676,0.0,166.66733,0.0,0.0,0.0,LTA,OSDA-free,0.20000000298023224,0.20000000298023224,1.0,0.0001,0.0001,0.0001,0.0001,2.3055830657035083,0.0001,2.9214879890029657,0.0001,200.03412741931476,0.0001
1.0,1.7179967,99.0,250.0,0.2666666,0.0,0.26666668,0.0,20.0,0.0,80.0,6.0,LTA,OSDA-free,1.0,1.0,1.0,0.0001,0.0001,0.0001,0.0001,0.5333865156531336,0.0001,0.5333866944849492,0.0001,40.004000000000005,0.0001
1.0,1.7179967,99.0,250.0,0.72463757,0.0,0.5797101,0.0,7.391304,0.0,100.0,96.0,LTA,OSDA-free,1.0,1.0,1.0,0.0001,0.0001,0.0001,0.0001,1.4494200635075571,0.0001,1.1595361938714983,0.0001,14.78408629302979,0.0001
0.5,1.7179967,99.0,250.0,1.920999,0.0,1.6000001,0.0,136.66669,0.0,110.0,1.0,LTA,OSDA-free,2.0,2.0,1.0,0.0001,0.0001,0.0001,0.0001,5.763381350231171,0.0001,4.800320429182054,0.0001,410.02739437255866,0.0001
0.88681805,1.7179967,99.0,250.0,0.7057163,0.0,0.5645728,0.0,12.208891,0.0,65.0,168.0,LTA,OSDA-free,1.1276270151138306,1.1276270151138306,1.0,0.0001,0.0001,0.0001,0.0001,1.5016422335345792,0.0001,1.2013132795141699,0.0001,25.97840791333819,0.0001
0.25000003,1.7179967,99.0,250.0,1.6000006,0.0,1.2800004,0.0,33.280006,0.0,100.0,168.0,LTA,OSDA-free,3.999999523162842,3.999999523162842,1.0,0.0001,0.0001,0.0001,0.0001,8.000322336625757,0.0001,6.400257630872512,0.0001,166.40667217559508,0.0001
0.9003597,1.7179967,99.0,250.0,0.6317119,0.0,0.50536954,0.0,24.636765,0.0,100.0,720.0,LTA,OSDA-free,1.1106672286987305,1.1106672286987305,1.0,0.0001,0.0001,0.0001,0.0001,1.3334599481834222,0.0001,1.0667680088737344,0.0001,52.00493885987591,0.0001
2.5,1.7179967,99.0,250.0,1.920999,0.0,2.4341676,0.0,135.71436,0.0,80.0,8.999997,LTA,OSDA-free,0.4000000059604645,0.4000000059604645,1.0,0.0001,0.0001,0.0001,0.0001,2.689782881456608,0.0001,3.40832152096133,0.0001,190.02724133626435,0.0001
1.0,1.7179967,99.0,250.0,0.5,0.0,0.5,0.0,30.0,0.0,100.0,48.0,LTA,OSDA-free,1.0,1.0,1.0,0.0001,0.0001,0.0001,0.0001,1.0001000000000002,0.0001,1.0001000000000002,0.0001,60.006000000000014,0.0001
0.98809516,1.7179967,99.0,250.0,1.920999,0.0,2.4341676,0.0,71.85624,0.0,90.0,2.0,LTA,OSDA-free,1.0120482444763184,1.0120482444763184,1.0,0.0001,0.0001,0.0001,0.0001,3.8655269662856573,0.0001,4.898149527189006,0.0001,144.59259142402144,0.0001
2.166667,1.7179967,99.0,250.0,1.7543857,0.0,1.4035087,0.0,30.350874,0.0,65.0,6.0,LTA,OSDA-free,0.4615384042263031,0.4615384042263031,1.0,0.0001,0.0001,0.0001,0.0001,2.564452967785774,0.0001,2.0515625136308566,0.0001,44.3650380503713,0.0001
0.25,1.7179967,99.0,250.0,1.0,0.0,0.79999995,0.0,27.400003,0.0,100.0,168.0,LTA,OSDA-free,4.0,4.0,1.0,0.0001,0.0001,0.0001,0.0001,5.0001999999999995,0.0001,4.000159761571884,0.0001,137.00549716682434,0.0001
1.0,1.7179967,99.0,250.0,1.920999,0.0,1.6000001,0.0,120.00007,0.0,80.0,98.00001,LTA,OSDA-free,1.0,1.0,1.0,0.0001,0.0001,0.0001,0.0001,3.8423823000907906,0.0001,3.2003202861309057,0.0001,240.02413734283454,0.0001
0.6678902,1.7179967,99.0,250.0,1.1001102,0.0,0.8800883,0.0,19.031904,0.0,65.0,168.0,LTA,OSDA-free,1.497252106666565,1.497252106666565,1.0,0.0001,0.0001,0.0001,0.0001,2.7474724696871022,0.0001,2.1979784521008683,0.0001,47.53126928956645,0.0001
3.333329,1.7179967,99.0,250.0,1.920999,0.0,2.4341676,0.0,153.84573,0.0,50.0,645.34,LTA,OSDA-free,0.30000039935112,0.30000039935112,1.0,0.0001,0.0001,0.0001,0.0001,2.4976837321456453,0.0001,3.1649057161881373,0.0001,200.03028432054612,0.0001
0.5,1.7179967,99.0,250.0,1.831501,0.0,1.4652008,0.0,31.684977,0.0,65.0,168.0,LTA,OSDA-free,2.0,2.0,1.0,0.0001,0.0001,0.0001,0.0001,5.4948693214416515,0.0001,4.395895385622979,0.0001,95.06126672859193,0.0001
1.0,1.7179967,99.0,250.0,1.920999,0.0,1.6000001,0.0,120.00007,0.0,80.0,44.0,LTA,OSDA-free,1.0,1.0,1.0,0.0001,0.0001,0.0001,0.0001,3.8423823000907906,0.0001,3.2003202861309057,0.0001,240.02413734283454,0.0001
0.25000003,1.7179967,99.0,250.0,1.6000006,0.0,1.2800004,0.0,33.280006,0.0,100.0,24.0,LTA,OSDA-free,3.999999523162842,3.999999523162842,1.0,0.0001,0.0001,0.0001,0.0001,8.000322336625757,0.0001,6.400257630872512,0.0001,166.40667217559508,0.0001
1.0,1.7179967,99.0,250.0,0.72463757,0.0,0.5797101,0.0,7.391304,0.0,200.0,1.0,LTA,OSDA-free,1.0,1.0,1.0,0.0001,0.0001,0.0001,0.0001,1.4494200635075571,0.0001,1.1595361938714983,0.0001,14.78408629302979,0.0001
1.0,1.7179967,99.0,250.0,0.2666666,0.0,0.26666668,0.0,20.0,0.0,80.0,4.0,LTA,OSDA-free,1.0,1.0,1.0,0.0001,0.0001,0.0001,0.0001,0.5333865156531336,0.0001,0.5333866944849492,0.0001,40.004000000000005,0.0001
1.5,1.7179967,99.0,250.0,0.4,0.0,0.4,0.0,24.0,0.0,80.0,6.0,LTA,OSDA-free,0.6666666865348816,0.6666666865348816,1.0,0.0001,0.0001,0.0001,0.0001,0.6667466845492523,0.0001,0.6667466845492523,0.0001,40.00480047683716,0.0001
1.0,1.7179967,99.0,250.0,1.920999,0.0,1.9500003,0.0,25.0,0.0,80.0,3.0,LTA,OSDA-free,1.0,1.0,1.0,0.0001,0.0001,0.0001,0.0001,3.8423823000907906,0.0001,3.900390572261811,0.0001,50.00500000000001,0.0001
0.9003682,1.7179967,99.0,250.0,1.920999,0.0,1.5533962,0.0,20.582521,0.0,90.0,4.499998,LTA,OSDA-free,1.11065673828125,1.11065673828125,1.0,0.0001,0.0001,0.0001,0.0001,4.054953789220704,0.0001,3.2789968887103726,0.0001,43.44675406948422,0.0001
1.0,1.7179967,99.0,250.0,1.7499986,0.0,1.7500005,0.0,32.00001,0.0,70.0,16.999998,LTA,OSDA-free,1.0,1.0,1.0,0.0001,0.0001,0.0001,0.0001,3.500347138690949,0.0001,3.5003509537696846,0.0001,64.00642289047242,0.0001
1.2499987,1.7179967,99.0,250.0,1.8222226,0.0,1.8222202,0.0,28.88889,0.0,80.0,0.0,LTA,OSDA-free,0.8000008463859558,0.8000008463859558,1.0,0.0001,0.0001,0.0001,0.0001,3.280366649625348,0.0001,3.280362357612069,0.0001,52.005802991952194,0.0001
1.0,1.7179967,99.0,250.0,1.5015017,0.0,1.2012022,0.0,33.333332,0.0,100.0,24.0,LTA,OSDA-free,1.0,1.0,1.0,0.0001,0.0001,0.0001,0.0001,3.003303659176827,0.0001,2.402644548749924,0.0001,66.67333078994753,0.0001
2.0,1.7179967,99.0,250.0,1.920999,0.0,2.4341676,0.0,69.07003,0.0,100.0,2.0,LTA,OSDA-free,0.5,0.5,1.0,0.0001,0.0001,0.0001,0.0001,2.8818827750205993,0.0001,3.65173826880455,0.0001,103.618859324646,0.0001
0.7500004,1.7179967,99.0,250.0,0.71428585,0.0,0.5714286,0.0,25.285713,0.0,100.0,24.0,LTA,OSDA-free,1.3333325386047363,1.3333325386047363,1.0,0.0001,0.0001,0.0001,0.0001,1.6668092740648188,0.0001,1.333447224526726,0.0001,59.00503450422829,0.0001
0.917431,1.7179967,99.0,250.0,0.9569375,0.0,0.76555026,0.0,16.555025,0.0,65.0,168.0,LTA,OSDA-free,1.0900002717971802,1.0900002717971802,1.0,0.0001,0.0001,0.0001,0.0001,2.000191005649267,0.0001,1.6001533526962501,0.0001,34.60331796510903,0.0001
0.24972497,1.7179967,99.0,250.0,0.8802816,0.0,0.70422524,0.0,26.232393,0.0,100.0,336.0,LTA,OSDA-free,4.004405498504639,4.004405498504639,1.0,0.0001,0.0001,0.0001,0.0001,4.405462271608591,0.0001,3.5243695189891393,0.0001,131.28277957180651,0.0001
1.0,1.7179967,99.0,250.0,1.920999,0.0,2.4341676,0.0,100.0,0.0,80.0,24.0,LTA,OSDA-free,1.0,1.0,1.0,0.0001,0.0001,0.0001,0.0001,3.8423823000907906,0.0001,4.8688220805645,0.0001,200.02000000000004,0.0001
1.0,1.7179967,99.0,250.0,1.920999,0.0,2.4341676,0.0,100.0,0.0,40.0,20.0,LTA,OSDA-free,1.0,1.0,1.0,0.0001,0.0001,0.0001,0.0001,3.8423823000907906,0.0001,4.8688220805645,0.0001,200.02000000000004,0.0001
2.5,1.7179967,99.0,250.0,1.920999,0.0,2.4341676,0.0,142.85709,0.0,65.0,11.500003,LTA,OSDA-free,0.4000000059604645,0.4000000059604645,1.0,0.0001,0.0001,0.0001,0.0001,2.689782881456608,0.0001,3.40832152096133,0.0001,200.02849292302778,0.0001
1.0,1.7179967,99.0,250.0,1.920999,0.0,1.6000001,0.0,120.00007,0.0,80.0,24.999998,LTA,OSDA-free,1.0,1.0,1.0,0.0001,0.0001,0.0001,0.0001,3.8423823000907906,0.0001,3.2003202861309057,0.0001,240.02413734283454,0.0001
1.0,1.7179967,99.0,250.0,1.920999,0.0,2.1978033,0.0,47.527473,0.0,65.0,168.0,LTA,OSDA-free,1.0,1.0,1.0,0.0001,0.0001,0.0001,0.0001,3.8423823000907906,0.0001,4.396046078443528,0.0001,95.06445239410402,0.0001
1.994682,1.7179967,99.0,250.0,0.8880997,0.0,0.71047956,0.0,15.364121,0.0,65.0,4.0,LTA,OSDA-free,0.5013330578804016,0.5013330578804016,1.0,0.0001,0.0001,0.0001,0.0001,1.3335110138135386,0.0001,1.0668085425557974,0.0001,23.069736243053683,0.0001
1.5,1.7179967,99.0,250.0,1.0000005,0.0,0.8,0.0,28.599998,0.0,100.0,24.0,LTA,OSDA-free,0.6666666865348816,0.6666666865348816,1.0,0.0001,0.0001,0.0001,0.0001,1.6668674813588555,0.0001,1.3334933690985047,0.0001,47.6723846914609,0.0001
2.4999998,1.7179967,99.0,250.0,1.920999,0.0,2.4341676,0.0,142.85709,0.0,90.0,0.16669996,LTA,OSDA-free,0.40000003576278687,0.40000003576278687,1.0,0.0001,0.0001,0.0001,0.0001,2.689782938706841,0.0001,3.4083215935051783,0.0001,200.02849718050072,0.0001
0.5,1.7179967,99.0,250.0,1.920999,0.0,2.4341676,0.0,63.36998,0.0,80.0,168.0,LTA,OSDA-free,2.0,2.0,1.0,0.0001,0.0001,0.0001,0.0001,5.763381350231171,0.0001,7.302989704084397,0.0001,190.12261357116702,0.0001
1.2499987,1.7179967,99.0,250.0,1.5200007,0.0,1.5200005,0.0,23.333334,0.0,80.0,0.0,LTA,OSDA-free,0.8000008463859558,0.8000008463859558,1.0,0.0001,0.0001,0.0001,0.0001,2.7363065397745303,0.0001,2.7363061105732025,0.0001,42.00468756020918,0.0001
1.0,1.7179967,99.0,250.0,0.2666666,0.0,0.26666668,0.0,20.0,0.0,80.0,8.0,LTA,OSDA-free,1.0,1.0,1.0,0.0001,0.0001,0.0001,0.0001,0.5333865156531336,0.0001,0.5333866944849492,0.0001,40.004000000000005,0.0001
2.5,1.7179967,99.0,250.0,1.920999,0.0,2.4341676,0.0,142.85709,0.0,90.0,0.4167001,LTA,OSDA-free,0.4000000059604645,0.4000000059604645,1.0,0.0001,0.0001,0.0001,0.0001,2.689782881456608,0.0001,3.40832152096133,0.0001,200.02849292302778,0.0001
0.9629991,1.7179967,99.0,250.0,1.61233,0.0,1.2898629,0.0,32.603153,0.0,99.00001,3.4999995,LTA,OSDA-free,1.0384225845336914,1.0384225845336914,1.0,0.0001,0.0001,0.0001,0.0001,3.2869322699100287,0.0001,2.6295435801187232,0.0001,66.46552449916221,0.0001
1.5,1.7179967,99.0,250.0,1.2000016,0.0,0.96000004,0.0,3.0,0.0,90.0,8.0,LTA,OSDA-free,0.6666666865348816,0.6666666865348816,1.0,0.0001,0.0001,0.0001,0.0001,2.0002426865021703,0.0001,1.6001920826594043,0.0001,5.000600059604645,0.0001
1.0,1.7179967,99.0,250.0,1.5450002,0.0,1.5449996,0.0,24.750002,0.0,80.0,0.0,LTA,OSDA-free,1.0,1.0,1.0,0.0001,0.0001,0.0001,0.0001,3.090309391045571,0.0001,3.0903081988334664,0.0001,49.50495381507874,0.0001
1.0,1.7179967,99.0,250.0,1.4999999,0.0,1.5000007,0.0,50.0,0.0,100.0,3.0,LTA,OSDA-free,1.0,1.0,1.0,0.0001,0.0001,0.0001,0.0001,3.0002997615575797,0.0001,3.0003014306545266,0.0001,100.01000000000002,0.0001
5.0,1.7179967,99.0,250.0,1.920999,0.0,2.4341676,0.0,83.33329,0.0,60.0,24.0,LTA,OSDA-free,0.20000000298023224,0.20000000298023224,1.0,0.0001,0.0001,0.0001,0.0001,2.3055830657035083,0.0001,2.9214879890029657,0.0001,100.01661502648976,0.0001
1.0,1.7179967,99.0,250.0,0.2666666,0.0,0.26666668,0.0,20.0,0.0,80.0,2.0,LTA,OSDA-free,1.0,1.0,1.0,0.0001,0.0001,0.0001,0.0001,0.5333865156531336,0.0001,0.5333866944849492,0.0001,40.004000000000005,0.0001
0.66666627,1.7179967,99.0,250.0,0.2133333,0.0,0.2133334,0.0,16.0,0.0,80.0,6.0,LTA,OSDA-free,1.5000009536743164,1.5000009536743164,1.0,0.0001,0.0001,0.0001,0.0001,0.5333761045982064,0.0001,0.5333763653894884,0.0001,40.00321525878907,0.0001
2.0,1.7179967,99.0,250.0,1.920999,0.0,2.4341676,0.0,69.16665,0.0,80.0,6.0,LTA,OSDA-free,0.5,0.5,1.0,0.0001,0.0001,0.0001,0.0001,2.8818827750205993,0.0001,3.65173826880455,0.0001,103.76380662689209,0.0001
0.9003682,1.7179967,99.0,250.0,1.920999,0.0,1.5533962,0.0,26.99029,0.0,90.0,4.499998,LTA,OSDA-free,1.11065673828125,1.11065673828125,1.0,0.0001,0.0001,0.0001,0.0001,4.054953789220704,0.0001,3.2789968887103726,0.0001,56.972634856310684,0.0001
1.0,1.7179967,99.0,250.0,1.920999,0.0,2.4341676,0.0,100.0,0.0,40.0,24.0,LTA,OSDA-free,1.0,1.0,1.0,0.0001,0.0001,0.0001,0.0001,3.8423823000907906,0.0001,4.8688220805645,0.0001,200.02000000000004,0.0001
1.5,1.7179967,99.0,250.0,0.32,0.0,0.32,0.0,24.0,0.0,90.0,6.0,LTA,OSDA-free,0.6666666865348816,0.6666666865348816,1.0,0.0001,0.0001,0.0001,0.0001,0.5333973277688024,0.0001,0.5333973277688024,0.0001,40.00480047683716,0.0001
2.7777736,1.7179967,99.0,250.0,1.920999,0.0,2.4341676,0.0,110.29419,0.0,85.0,0.0,LTA,OSDA-free,0.3600005507469177,0.3600005507469177,1.0,0.0001,0.0001,0.0001,0.0001,2.612943965985252,0.0001,3.3109561421220803,0.0001,150.0222172383255,0.0001
1.0,1.7179967,99.0,250.0,1.920999,0.0,2.4341676,0.0,100.0,0.0,50.0,24.0,LTA,OSDA-free,1.0,1.0,1.0,0.0001,0.0001,0.0001,0.0001,3.8423823000907906,0.0001,4.8688220805645,0.0001,200.02000000000004,0.0001
1.0,1.7179967,99.0,250.0,0.72463757,0.0,0.5797101,0.0,7.391304,0.0,140.0,98.00001,LTA,OSDA-free,1.0,1.0,1.0,0.0001,0.0001,0.0001,0.0001,1.4494200635075571,0.0001,1.1595361938714983,0.0001,14.78408629302979,0.0001
0.24924925,1.7179967,99.0,250.0,1.920999,0.0,1.9230765,0.0,41.346157,0.0,100.0,168.0,LTA,OSDA-free,4.012048244476318,4.012048244476318,1.0,0.0001,0.0001,0.0001,0.0001,9.628524116706798,0.0001,9.638936863393315,0.0001,207.23720320987132,0.0001
0.7502743,1.7179967,99.0,250.0,0.62853557,0.0,0.5028283,0.0,24.45003,0.0,100.0,504.0,LTA,OSDA-free,1.3328458070755005,1.3328458070755005,1.0,0.0001,0.0001,0.0001,0.0001,1.466402273186344,0.0001,1.1731214569921222,0.0001,57.043038511944644,0.0001
1.5,1.7179967,99.0,250.0,0.32,0.0,0.32,0.0,24.0,0.0,70.0,6.0,LTA,OSDA-free,0.6666666865348816,0.6666666865348816,1.0,0.0001,0.0001,0.0001,0.0001,0.5333973277688024,0.0001,0.5333973277688024,0.0001,40.00480047683716,0.0001
1.0,1.7179967,99.0,250.0,1.920999,0.0,2.0000017,0.0,50.0,0.0,50.0,24.0,LTA,OSDA-free,1.0,1.0,1.0,0.0001,0.0001,0.0001,0.0001,3.8423823000907906,0.0001,4.000403338193895,0.0001,100.01000000000002,0.0001
1.0,1.7179967,99.0,250.0,1.0,0.0,0.79999995,0.0,37.5,0.0,100.0,4.0,LTA,OSDA-free,1.0,1.0,1.0,0.0001,0.0001,0.0001,0.0001,2.0002000000000004,0.0001,1.600159904623032,0.0001,75.00750000000002,0.0001
1.0,1.7179967,99.0,250.0,1.920999,0.0,1.9500003,0.0,25.0,0.0,80.0,4.0,LTA,OSDA-free,1.0,1.0,1.0,0.0001,0.0001,0.0001,0.0001,3.8423823000907906,0.0001,3.900390572261811,0.0001,50.00500000000001,0.0001
0.5,1.7179967,99.0,250.0,1.920999,0.0,1.6000001,0.0,136.66669,0.0,110.0,1.6600004,LTA,OSDA-free,2.0,2.0,1.0,0.0001,0.0001,0.0001,0.0001,5.763381350231171,0.0001,4.800320429182054,0.0001,410.02739437255866,0.0001
