Si/Al,Al/P,Si/Ge,Si/B,Na/T,K/T,OH/T,F/T,H2O/T,sda1/T,cryst_temp,cryst_time,zeo,osda
400.0,0.0,99.0,9.091,0.0,0.0,0.049953256,0.0,27.293482,0.26343888,170.0,168.0,MWW,CCCCCCC[N+](C)(C)C
400.0,0.0,2.0,6.6,0.0,0.0,0.0,0.0,26.22407,0.29,170.0,168.0,MWW,CCCCCCC[N+](C)(C)C
400.0,0.0,99.0,7.45698,0.0,0.050996803,0.038369972,0.0,26.682747,0.2702594,170.0,168.0,MWW,CCCCCCC[N+](C)(C)C
400.0,0.0,99.0,10.0,0.0,0.011078722,0.051544517,0.0,26.574999,0.2696283,170.0,168.0,MWW,CCCCCCC[N+](C)(C)C
400.0,0.0,99.0,10.0,0.0,0.0,0.0633632,0.0,26.244614,0.26713726,170.0,168.0,MWW,CCCCCCC[N+](C)(C)C
45.90545,1.7179967,99.0,250.0,0.0,0.13113172,0.19378355,0.0,40.7799,0.1934368,165.0,168.0,MWW,CCCCCCC[N+](C)(C)C
400.0,0.0,99.0,10.997268,0.0,0.03400716,0.034345023,0.0,25.995401,0.26832655,170.0,168.0,MWW,CCCCCCC[N+](C)(C)C
400.0,0.0,99.0,9.173429,0.0,0.07520594,0.06085041,0.0,26.674255,0.26067057,170.0,168.0,MWW,CCCCCCC[N+](C)(C)C
400.0,0.0,99.0,9.091,0.0,0.0,0.069203466,0.0,28.170107,0.2777778,170.0,168.0,MWW,CCCCCCC[N+](C)(C)C
400.0,0.0,99.0,6.464796,0.0,0.09376754,0.0,0.0,27.272728,0.2857143,170.0,168.0,MWW,CCCCCCC[N+](C)(C)C
400.0,0.0,99.0,10.0,0.0,0.0,0.040131666,0.0,29.850746,0.2784668,170.0,168.0,MWW,CCCCCCC[N+](C)(C)C
400.0,0.0,99.0,12.617099,0.0,0.048847865,0.047898695,0.0,27.272728,0.26893118,170.0,168.0,MWW,CCCCCCC[N+](C)(C)C
400.0,0.0,99.0,8.7763405,0.0,0.044931002,0.03142525,0.0,26.666666,0.27933875,170.0,168.0,MWW,CCCCCCC[N+](C)(C)C
400.0,0.0,99.0,10.0,0.0,0.0,0.0,0.0,25.0,0.28570423,170.0,168.0,MWW,CCCCCCC[N+](C)(C)C
400.0,0.0,99.0,10.0,0.0,0.0,0.07982148,0.0,25.98709,0.27005115,170.0,168.0,MWW,CCCCCCC[N+](C)(C)C
400.0,0.0,99.0,10.0,0.0,0.08626288,0.0016509751,0.0,28.165026,0.270145,170.0,168.0,MWW,CCCCCCC[N+](C)(C)C
400.0,0.0,99.0,9.259392,0.0,0.09869571,0.064193785,0.0,27.777779,0.2701629,170.0,168.0,MWW,CCCCCCC[N+](C)(C)C
400.0,0.0,99.0,4.0,0.0,0.030041862,0.0,0.0,27.072632,0.27272728,170.0,168.0,MWW,CCCCCCC[N+](C)(C)C
400.0,0.0,99.0,12.257917,0.0,0.07020531,0.042408746,0.0,29.162497,0.2667677,170.0,168.0,MWW,CCCCCCC[N+](C)(C)C
400.0,0.0,99.0,8.874891,0.0,0.059215523,0.06300562,0.0,27.272728,0.2611657,170.0,168.0,MWW,CCCCCCC[N+](C)(C)C
400.0,0.0,99.0,18.067575,0.0,0.0962486,0.03989296,0.0,26.562489,0.2686699,170.0,168.0,MWW,CCCCCCC[N+](C)(C)C
400.0,0.0,99.0,10.0,0.0,0.0,0.0201709,0.0,25.950651,0.26026833,170.0,168.0,MWW,CCCCCCC[N+](C)(C)C
400.0,0.0,99.0,10.0,0.0,0.094197184,0.062976226,0.0,29.121384,0.27018896,170.0,168.0,MWW,CCCCCCC[N+](C)(C)C
400.0,0.0,99.0,10.0,0.0,0.025504515,0.06337285,0.0,29.621784,0.26708394,170.0,168.0,MWW,CCCCCCC[N+](C)(C)C
400.0,0.0,99.0,10.0,0.0,0.055907797,0.036400694,0.0,28.149298,0.26704103,170.0,168.0,MWW,CCCCCCC[N+](C)(C)C
400.0,0.0,99.0,10.0,0.0,0.04637997,0.0398518,0.0,25.6982,0.27701914,170.0,168.0,MWW,CCCCCCC[N+](C)(C)C
400.0,0.0,99.0,10.0,0.0,0.0,0.01938596,0.0,26.453783,0.2628534,170.0,168.0,MWW,CCCCCCC[N+](C)(C)C
400.0,0.0,99.0,11.041134,0.0,0.08256571,0.0,0.0,25.60999,0.27015197,170.0,168.0,MWW,CCCCCCC[N+](C)(C)C
400.0,0.0,99.0,9.524493,0.0,0.10043011,0.03994489,0.0,26.287512,0.27894908,170.0,168.0,MWW,CCCCCCC[N+](C)(C)C
29.154903,1.7179967,99.0,250.0,0.0,0.19685039,0.1962658,0.0,40.0,0.19607843,160.0,168.0,MWW,CCCCCCC[N+](C)(C)C
400.0,0.0,99.0,10.0,0.0,0.047211766,0.05559793,0.0,27.398296,0.29104123,170.0,168.0,MWW,CCCCCCC[N+](C)(C)C
400.0,0.0,99.0,6.5767803,0.0,0.09695845,0.0626729,0.0,25.0,0.2620255,170.0,168.0,MWW,CCCCCCC[N+](C)(C)C
400.0,0.0,99.0,10.0,0.0,0.0,0.0,0.0,27.464428,0.28872007,170.0,168.0,MWW,CCCCCCC[N+](C)(C)C
400.0,0.0,99.0,12.832112,0.0,0.06290361,0.024565548,0.0,28.384394,0.27272728,170.0,168.0,MWW,CCCCCCC[N+](C)(C)C
400.0,0.0,99.0,10.0,0.0,0.10136879,0.06446951,0.0,26.79085,0.28249246,170.0,168.0,MWW,CCCCCCC[N+](C)(C)C
400.0,0.0,99.0,8.7694,0.0,0.0019241254,0.040591743,0.0,27.777779,0.2621288,170.0,168.0,MWW,CCCCCCC[N+](C)(C)C
50.0,1.7179967,99.0,250.0,0.0,0.0,0.23974925,0.0,24.004162,0.29010656,170.0,168.0,MWW,CCCCCCC[N+](C)(C)C
400.0,0.0,99.0,9.091,0.0,0.09729628,0.0,0.0,25.641026,0.27272728,170.0,168.0,MWW,CCCCCCC[N+](C)(C)C
400.0,0.0,99.0,57.493305,0.0,0.060970195,0.035289686,0.0,29.620974,0.26208028,170.0,168.0,MWW,CCCCCCC[N+](C)(C)C
400.0,0.0,99.0,10.0,0.0,0.07763986,0.0,0.0,28.162712,0.2711398,170.0,168.0,MWW,CCCCCCC[N+](C)(C)C
400.0,0.0,99.0,10.0,0.0,0.04887475,0.06856945,0.0,27.773436,0.26041114,170.0,168.0,MWW,CCCCCCC[N+](C)(C)C
400.0,0.0,99.0,10.0,0.0,0.040938843,0.040253583,0.0,27.165491,0.26902792,170.0,168.0,MWW,CCCCCCC[N+](C)(C)C
400.0,0.0,99.0,9.091,0.0,0.09375808,0.0796146,0.0,29.336578,0.28235054,170.0,168.0,MWW,CCCCCCC[N+](C)(C)C
400.0,0.0,99.0,10.0,0.0,0.052695375,0.0,0.0,26.666666,0.27272728,170.0,168.0,MWW,CCCCCCC[N+](C)(C)C
34.986015,1.7179967,99.0,4.143067,0.0,0.019693349,0.0,0.0,26.674469,0.25,170.0,168.0,MWW,CCCCCCC[N+](C)(C)C
400.0,0.0,99.0,6.7247324,0.0,0.064183645,0.007133312,0.0,27.272728,0.27217445,170.0,168.0,MWW,CCCCCCC[N+](C)(C)C
400.0,0.0,99.0,6.106679,0.0,0.08776647,0.06377633,0.0,25.540247,0.26523915,170.0,168.0,MWW,CCCCCCC[N+](C)(C)C
400.0,0.0,99.0,4.0,0.0,0.0,0.0,0.0,25.02938,0.26084065,170.0,168.0,MWW,CCCCCCC[N+](C)(C)C
400.0,0.0,99.0,6.3832793,0.0,0.046843875,0.0,0.0,26.040813,0.27272728,170.0,168.0,MWW,CCCCCCC[N+](C)(C)C
400.0,0.0,99.0,10.0,0.0,0.09318533,0.062157888,0.0,26.243599,0.27272728,170.0,168.0,MWW,CCCCCCC[N+](C)(C)C
400.0,0.0,99.0,9.794923,0.0,0.018719278,0.0,0.0,25.641026,0.26584256,170.0,168.0,MWW,CCCCCCC[N+](C)(C)C
400.0,0.0,99.0,10.0,0.0,0.07813856,0.0,0.0,25.661108,0.2700754,170.0,168.0,MWW,CCCCCCC[N+](C)(C)C
400.0,0.0,99.0,8.545871,0.0,0.0,0.067355186,0.0,25.641026,0.2777778,170.0,168.0,MWW,CCCCCCC[N+](C)(C)C
400.0,0.0,99.0,10.0,0.0,0.12833881,0.0,0.0,25.641026,0.27995363,170.0,168.0,MWW,CCCCCCC[N+](C)(C)C
400.0,0.0,99.0,10.491403,0.0,0.036063276,9.21951e-05,0.0,26.666666,0.279029,170.0,168.0,MWW,CCCCCCC[N+](C)(C)C
400.0,0.0,99.0,10.0,0.0,0.13944668,0.06128024,0.0,25.751524,0.26856068,170.0,168.0,MWW,CCCCCCC[N+](C)(C)C
400.0,0.0,99.0,10.0,0.0,0.0,0.0,0.0,26.666666,0.25424924,170.0,168.0,MWW,CCCCCCC[N+](C)(C)C
400.0,0.0,99.0,10.0,0.0,0.012752837,0.06599769,0.0,28.014322,0.2777778,170.0,168.0,MWW,CCCCCCC[N+](C)(C)C
400.0,0.0,99.0,10.0,0.0,0.062691525,0.04936995,0.0,26.666666,0.2792202,170.0,168.0,MWW,CCCCCCC[N+](C)(C)C
40.0,1.7179967,99.0,250.0,0.0,0.16628926,0.193568,0.0,40.0,0.1923077,160.0,168.0,MWW,CCCCCCC[N+](C)(C)C
400.0,0.0,99.0,10.0,0.0,0.07796227,0.030844407,0.0,26.302933,0.25641027,170.0,168.0,MWW,CCCCCCC[N+](C)(C)C
400.0,0.0,99.0,5.3335147,0.0,0.08892556,0.02405708,0.0,27.33318,0.27005142,170.0,168.0,MWW,CCCCCCC[N+](C)(C)C
400.0,0.0,99.0,8.822711,0.0,0.049681805,0.06902475,0.0,27.67019,0.27247715,170.0,168.0,MWW,CCCCCCC[N+](C)(C)C
400.0,0.0,99.0,9.091,0.0,0.054104354,0.084515385,0.0,29.044691,0.25360417,170.0,168.0,MWW,CCCCCCC[N+](C)(C)C
400.0,0.0,99.0,9.077903,0.0,0.024031106,0.048306942,0.0,26.525082,0.26841503,170.0,168.0,MWW,CCCCCCC[N+](C)(C)C
400.0,0.0,99.0,9.575132,0.0,0.0,0.024347316,0.0,29.08572,0.27272728,170.0,168.0,MWW,CCCCCCC[N+](C)(C)C
400.0,0.0,99.0,9.267577,0.0,0.0,0.0,0.0,29.925186,0.27771047,170.0,168.0,MWW,CCCCCCC[N+](C)(C)C
400.0,0.0,99.0,8.963293,0.0,0.059794348,0.06293904,0.0,26.739477,0.2714419,170.0,168.0,MWW,CCCCCCC[N+](C)(C)C
400.0,0.0,99.0,10.100222,0.0,0.0011703843,0.0,0.0,27.272728,0.27272728,170.0,168.0,MWW,CCCCCCC[N+](C)(C)C
400.0,0.0,99.0,10.0,0.0,0.0,0.0,0.0,27.35458,0.27272728,170.0,168.0,MWW,CCCCCCC[N+](C)(C)C
400.0,0.0,99.0,10.0,0.0,0.053770967,0.04107572,0.0,27.272728,0.2701527,170.0,168.0,MWW,CCCCCCC[N+](C)(C)C
400.0,0.0,99.0,9.905062,0.0,0.0,0.0,0.0,22.232332,0.2777778,170.0,168.0,MWW,CCCCCCC[N+](C)(C)C
400.0,0.0,99.0,10.0,0.0,0.05780912,0.0,0.0,27.351767,0.27272728,170.0,168.0,MWW,CCCCCCC[N+](C)(C)C
400.0,0.0,99.0,12.316748,0.0,0.034475666,0.032069083,0.0,26.596363,0.2777778,170.0,168.0,MWW,CCCCCCC[N+](C)(C)C
400.0,0.0,99.0,6.6210814,0.0,0.05758766,0.038038474,0.0,26.666666,0.27272728,170.0,168.0,MWW,CCCCCCC[N+](C)(C)C
400.0,0.0,99.0,7.9114194,0.0,0.07787877,0.022721073,0.0,26.662903,0.2656875,170.0,168.0,MWW,CCCCCCC[N+](C)(C)C
400.0,0.0,99.0,1.8058448,0.0,0.060600087,0.039952934,0.0,25.641026,0.25641027,170.0,168.0,MWW,CCCCCCC[N+](C)(C)C
400.0,0.0,99.0,13.2,0.0,0.0,0.051646527,0.0,25.806496,0.2538254,170.0,168.0,MWW,CCCCCCC[N+](C)(C)C
400.0,0.0,99.0,6.6,0.0,0.062298037,0.0,0.0,28.328762,0.27022916,170.0,168.0,MWW,CCCCCCC[N+](C)(C)C
400.0,0.0,99.0,10.0,0.0,0.09399827,0.055970177,0.0,27.272728,0.29,170.0,168.0,MWW,CCCCCCC[N+](C)(C)C
400.0,0.0,99.0,9.091,0.0,0.029891636,0.024591612,0.0,26.91111,0.27996346,170.0,168.0,MWW,CCCCCCC[N+](C)(C)C
400.0,0.0,99.0,9.124156,0.0,0.0019443046,0.05527336,0.0,29.177252,0.27722725,170.0,168.0,MWW,CCCCCCC[N+](C)(C)C
400.0,0.0,99.0,9.748223,0.0,0.0,0.048008997,0.0,27.193548,0.27664554,170.0,168.0,MWW,CCCCCCC[N+](C)(C)C
400.0,0.0,99.0,10.0,0.0,0.0,0.0,0.0,27.272728,0.27272728,170.0,168.0,MWW,CCCCCCC[N+](C)(C)C
400.0,0.0,99.0,10.0,0.0,0.0,0.033667263,0.0,25.650852,0.26005265,170.0,168.0,MWW,CCCCCCC[N+](C)(C)C
400.0,0.0,99.0,12.564376,0.0,0.0,0.030278856,0.0,26.728838,0.2762138,170.0,168.0,MWW,CCCCCCC[N+](C)(C)C
400.0,0.0,99.0,10.0,0.0,0.0,0.021871325,0.0,28.234652,0.27272728,170.0,168.0,MWW,CCCCCCC[N+](C)(C)C
400.0,0.0,99.0,6.590318,0.0,0.13933885,0.0,0.0,25.641026,0.26939955,170.0,168.0,MWW,CCCCCCC[N+](C)(C)C
400.0,0.0,99.0,9.935968,0.0,0.09726902,0.0,0.0,28.328531,0.26724458,170.0,168.0,MWW,CCCCCCC[N+](C)(C)C
400.0,0.0,99.0,10.0,0.0,0.047505416,0.0,0.0,25.713486,0.2779592,170.0,168.0,MWW,CCCCCCC[N+](C)(C)C
400.0,0.0,99.0,9.676832,0.0,0.0,0.0,0.0,25.0,0.27806875,170.0,168.0,MWW,CCCCCCC[N+](C)(C)C
400.0,0.0,99.0,4.0503902,0.0,0.036027685,0.039861403,0.0,26.666666,0.26023716,170.0,168.0,MWW,CCCCCCC[N+](C)(C)C
400.0,0.0,99.0,10.0,0.0,0.099837005,0.08736697,0.0,26.666666,0.2726239,170.0,168.0,MWW,CCCCCCC[N+](C)(C)C
400.0,0.0,99.0,15.822691,0.0,0.044391815,0.0,0.0,27.272728,0.26104486,170.0,168.0,MWW,CCCCCCC[N+](C)(C)C
400.0,0.0,99.0,6.3040147,0.0,0.093944095,0.08729898,0.0,26.59207,0.27272728,170.0,168.0,MWW,CCCCCCC[N+](C)(C)C
400.0,0.0,99.0,9.823953,0.0,0.06174838,0.055120647,0.0,26.81575,0.26676285,170.0,168.0,MWW,CCCCCCC[N+](C)(C)C
400.0,0.0,99.0,10.0,0.0,0.0,0.0,0.0,26.233027,0.25996533,170.0,168.0,MWW,CCCCCCC[N+](C)(C)C
400.0,0.0,99.0,10.0,0.0,0.0,0.0679005,0.0,25.727394,0.26761407,170.0,168.0,MWW,CCCCCCC[N+](C)(C)C
400.0,0.0,99.0,10.0,0.0,0.035778105,0.011731292,0.0,28.648018,0.25667474,170.0,168.0,MWW,CCCCCCC[N+](C)(C)C
400.0,0.0,99.0,6.629137,0.0,0.028549783,0.062560596,0.0,27.29318,0.26577565,170.0,168.0,MWW,CCCCCCC[N+](C)(C)C
400.0,0.0,99.0,10.0,0.0,0.0,0.029456524,0.0,26.666666,0.25,170.0,168.0,MWW,CCCCCCC[N+](C)(C)C
400.0,0.0,99.0,10.0,0.0,0.012981904,0.07776374,0.0,27.272728,0.25252524,170.0,168.0,MWW,CCCCCCC[N+](C)(C)C
400.0,0.0,99.0,10.342778,0.0,0.000277705,0.023891032,0.0,26.17408,0.26442516,170.0,168.0,MWW,CCCCCCC[N+](C)(C)C
400.0,0.0,99.0,11.760478,0.0,0.0,0.0,0.0,24.5,0.2777778,170.0,168.0,MWW,CCCCCCC[N+](C)(C)C
400.0,0.0,99.0,9.450019,0.0,0.0,0.0,0.0,27.272728,0.27917695,170.0,168.0,MWW,CCCCCCC[N+](C)(C)C
400.0,0.0,99.0,10.0,0.0,0.05557147,0.0,0.0,26.639454,0.26729035,170.0,168.0,MWW,CCCCCCC[N+](C)(C)C
400.0,0.0,99.0,9.091,0.0,0.0,0.0,0.0,26.413433,0.25996533,170.0,168.0,MWW,CCCCCCC[N+](C)(C)C
400.0,0.0,99.0,5.955385,0.0,0.054025605,0.006406909,0.0,26.75574,0.25252524,170.0,168.0,MWW,CCCCCCC[N+](C)(C)C
400.0,0.0,99.0,10.0,0.0,0.10053751,0.039455853,0.0,26.789919,0.2595893,170.0,168.0,MWW,CCCCCCC[N+](C)(C)C
400.0,0.0,99.0,9.091,0.0,0.014658159,0.0438968,0.0,26.595465,0.2599457,170.0,168.0,MWW,CCCCCCC[N+](C)(C)C
400.0,0.0,99.0,10.0,0.0,0.057874646,0.0,0.0,27.037989,0.2785618,170.0,168.0,MWW,CCCCCCC[N+](C)(C)C
400.0,0.0,99.0,9.143002,0.0,0.0,0.021855803,0.0,25.0,0.28666374,170.0,168.0,MWW,CCCCCCC[N+](C)(C)C
400.0,0.0,99.0,5.691114,0.0,0.00022907654,0.08569384,0.0,29.161858,0.2701033,170.0,168.0,MWW,CCCCCCC[N+](C)(C)C
400.0,0.0,99.0,9.736906,0.0,0.0,0.050559517,0.0,28.339323,0.26376086,170.0,168.0,MWW,CCCCCCC[N+](C)(C)C
41.285515,1.7179967,99.0,9.846447,0.0,0.1,0.011273121,0.0,27.272728,0.25,170.0,168.0,MWW,CCCCCCC[N+](C)(C)C
400.0,0.0,99.0,13.2,0.0,0.06081942,0.061717447,0.0,28.134777,0.25252524,170.0,168.0,MWW,CCCCCCC[N+](C)(C)C
400.0,0.0,99.0,10.0,0.0,0.0014327134,0.0,0.0,27.155504,0.26246223,170.0,168.0,MWW,CCCCCCC[N+](C)(C)C
400.0,0.0,99.0,16.12584,0.0,0.10176776,0.06263097,0.0,27.110641,0.27878475,170.0,168.0,MWW,CCCCCCC[N+](C)(C)C
400.0,0.0,99.0,9.411656,0.0,0.0,0.08099494,0.0,25.68189,0.2776722,170.0,168.0,MWW,CCCCCCC[N+](C)(C)C
400.0,0.0,99.0,11.973252,0.0,0.075209804,0.0,0.0,27.376905,0.25996533,170.0,168.0,MWW,CCCCCCC[N+](C)(C)C
400.0,0.0,99.0,6.6,0.0,0.124377646,0.030720124,0.0,27.272728,0.27011365,170.0,168.0,MWW,CCCCCCC[N+](C)(C)C
400.0,0.0,99.0,6.41401,0.0,0.0,0.03170267,0.0,26.666666,0.27920175,170.0,168.0,MWW,CCCCCCC[N+](C)(C)C
400.0,0.0,99.0,6.167142,0.0,0.00094990234,0.080019675,0.0,25.647385,0.2637378,170.0,168.0,MWW,CCCCCCC[N+](C)(C)C
400.0,0.0,99.0,10.0,0.0,0.017124373,0.062277194,0.0,25.42409,0.28056163,170.0,168.0,MWW,CCCCCCC[N+](C)(C)C
400.0,0.0,99.0,9.091,0.0,0.0,0.061395235,0.0,26.667637,0.25641027,170.0,168.0,MWW,CCCCCCC[N+](C)(C)C
400.0,0.0,99.0,10.0,0.0,0.08910853,0.048007954,0.0,26.343431,0.27272728,170.0,168.0,MWW,CCCCCCC[N+](C)(C)C
400.0,0.0,99.0,6.1160793,0.0,0.096529365,0.0,0.0,25.699556,0.2679309,170.0,168.0,MWW,CCCCCCC[N+](C)(C)C
400.0,0.0,99.0,9.452848,0.0,0.05663327,0.0,0.0,26.287037,0.27272728,170.0,168.0,MWW,CCCCCCC[N+](C)(C)C
400.0,0.0,99.0,10.0,0.0,0.0058123255,0.0,0.0,25.624681,0.2640795,170.0,168.0,MWW,CCCCCCC[N+](C)(C)C
400.0,0.0,99.0,9.091,0.0,0.063595116,0.0470266,0.0,26.666666,0.25940415,170.0,168.0,MWW,CCCCCCC[N+](C)(C)C
400.0,0.0,99.0,13.20763,0.0,0.0,0.023902567,0.0,25.958984,0.26692995,170.0,168.0,MWW,CCCCCCC[N+](C)(C)C
400.0,0.0,99.0,10.0,0.0,0.0011149744,0.064470515,0.0,26.009584,0.2641916,170.0,168.0,MWW,CCCCCCC[N+](C)(C)C
400.0,0.0,99.0,6.17354,0.0,0.069994584,0.09439938,0.0,26.644543,0.28834036,170.0,168.0,MWW,CCCCCCC[N+](C)(C)C
400.0,0.0,99.0,8.551156,0.0,0.0,0.0,0.0,26.776659,0.27272728,170.0,168.0,MWW,CCCCCCC[N+](C)(C)C
400.0,0.0,99.0,6.7346787,0.0,0.057365596,0.03994906,0.0,27.272728,0.2777778,170.0,168.0,MWW,CCCCCCC[N+](C)(C)C
400.0,0.0,99.0,12.792164,0.0,0.03868574,0.034911085,0.0,26.244745,0.26786008,170.0,168.0,MWW,CCCCCCC[N+](C)(C)C
400.0,0.0,99.0,6.7028227,0.0,0.011374154,0.04364375,0.0,28.85676,0.2670604,170.0,168.0,MWW,CCCCCCC[N+](C)(C)C
400.0,0.0,99.0,9.098322,0.0,0.14803225,0.0,0.0,27.653965,0.25999936,170.0,168.0,MWW,CCCCCCC[N+](C)(C)C
400.0,0.0,99.0,9.091,0.0,0.04231076,0.055493623,0.0,27.272728,0.25996533,170.0,168.0,MWW,CCCCCCC[N+](C)(C)C
400.0,0.0,99.0,11.257799,0.0,0.06898597,0.047992475,0.0,26.665758,0.26050833,170.0,168.0,MWW,CCCCCCC[N+](C)(C)C
400.0,0.0,99.0,8.863222,0.0,0.016583819,0.0,0.0,25.641026,0.2777778,170.0,168.0,MWW,CCCCCCC[N+](C)(C)C
400.0,0.0,99.0,9.091,0.0,0.068214,0.037057612,0.0,29.70297,0.25,170.0,168.0,MWW,CCCCCCC[N+](C)(C)C
400.0,0.0,99.0,10.0,0.0,0.0,0.0,0.0,26.704004,0.28558627,170.0,168.0,MWW,CCCCCCC[N+](C)(C)C
400.0,0.0,99.0,12.988056,0.0,0.0003567676,0.0636167,0.0,27.777779,0.27809083,170.0,168.0,MWW,CCCCCCC[N+](C)(C)C
400.0,0.0,99.0,10.0,0.0,0.034420498,0.0,0.0,27.272728,0.27272728,170.0,168.0,MWW,CCCCCCC[N+](C)(C)C
400.0,0.0,99.0,8.806365,0.096162215,0.0,0.11609122,0.0,26.666666,0.25252524,170.0,168.0,MWW,CCCCCCC[N+](C)(C)C
400.0,0.0,99.0,6.711332,0.0,0.087537564,0.038413797,0.0,28.083982,0.26104215,170.0,168.0,MWW,CCCCCCC[N+](C)(C)C
400.0,0.0,99.0,7.5528316,0.0,0.0,0.0,0.0,29.411764,0.25996533,170.0,168.0,MWW,CCCCCCC[N+](C)(C)C
50.0,1.7179967,99.0,250.0,0.0,0.09920742,0.19952488,0.0,40.0,0.1980198,160.0,168.0,MWW,CCCCCCC[N+](C)(C)C
400.0,0.0,99.0,6.426401,0.0,0.035347342,0.038649026,0.0,26.597446,0.2777778,170.0,168.0,MWW,CCCCCCC[N+](C)(C)C
400.0,0.0,99.0,6.6,0.0,0.04638225,0.0,0.0,27.18392,0.26556665,170.0,168.0,MWW,CCCCCCC[N+](C)(C)C
400.0,0.0,99.0,6.3532076,0.0,0.08900784,0.088515475,0.0,26.397846,0.27924952,170.0,168.0,MWW,CCCCCCC[N+](C)(C)C
400.0,0.0,99.0,10.0,0.0,0.045935966,0.052852664,0.0,27.656214,0.25996533,170.0,168.0,MWW,CCCCCCC[N+](C)(C)C
400.0,0.0,99.0,4.0,0.0,0.07336967,0.08778055,0.0,25.916319,0.25617588,170.0,168.0,MWW,CCCCCCC[N+](C)(C)C
400.0,0.0,99.0,250.0,0.0,0.094636865,0.22502889,0.0,26.666666,0.26779106,170.0,168.0,MWW,CCCCCCC[N+](C)(C)C
400.0,0.0,99.0,10.0,0.0,0.0,0.064214796,0.0,27.953234,0.2775349,170.0,168.0,MWW,CCCCCCC[N+](C)(C)C
400.0,0.0,99.0,13.017872,0.0,0.040658653,0.06180058,0.0,27.065971,0.27010617,170.0,168.0,MWW,CCCCCCC[N+](C)(C)C
400.0,0.0,99.0,10.0,0.0,0.0,0.047464307,0.0,28.202402,0.2857143,170.0,168.0,MWW,CCCCCCC[N+](C)(C)C
400.0,0.0,99.0,10.0,0.0,0.043013647,0.031117728,0.0,26.610405,0.27272728,170.0,168.0,MWW,CCCCCCC[N+](C)(C)C
400.0,0.0,99.0,12.697383,0.0,0.06378742,0.039908778,0.0,27.272728,0.28366223,170.0,168.0,MWW,CCCCCCC[N+](C)(C)C
400.0,0.0,99.0,13.2,0.0,0.0,0.039911687,0.0,27.09652,0.26061445,170.0,168.0,MWW,CCCCCCC[N+](C)(C)C
400.0,0.0,99.0,6.6,0.0,0.0,0.039932273,0.0,27.272728,0.2879309,170.0,168.0,MWW,CCCCCCC[N+](C)(C)C
400.0,0.0,99.0,9.985838,0.0,0.0,0.08778055,0.0,27.82374,0.27272728,170.0,168.0,MWW,CCCCCCC[N+](C)(C)C
400.0,0.0,99.0,12.563467,0.0,0.0021603208,0.0,0.0,26.101976,0.2772238,170.0,168.0,MWW,CCCCCCC[N+](C)(C)C
400.0,0.0,99.0,10.9124155,0.0,0.089349955,0.06503926,0.0,25.641026,0.25229722,170.0,168.0,MWW,CCCCCCC[N+](C)(C)C
400.0,0.0,99.0,9.091,0.0,0.02673773,0.07986603,0.0,27.278484,0.26122758,170.0,168.0,MWW,CCCCCCC[N+](C)(C)C
400.0,0.0,99.0,15.812308,0.0,0.0,0.06492606,0.0,27.11092,0.26357633,170.0,168.0,MWW,CCCCCCC[N+](C)(C)C
400.0,0.0,99.0,10.0,0.0,0.033576004,0.03989577,0.0,25.85435,0.27240604,170.0,168.0,MWW,CCCCCCC[N+](C)(C)C
400.0,0.0,99.0,13.279732,0.0,0.09010696,0.0798488,0.0,27.276577,0.26763695,170.0,168.0,MWW,CCCCCCC[N+](C)(C)C
400.0,0.0,99.0,6.674049,0.0,0.032042336,0.039080035,0.0,27.683985,0.26076326,170.0,168.0,MWW,CCCCCCC[N+](C)(C)C
400.0,0.0,99.0,7.907637,0.0,0.09001036,0.019668018,0.0,26.666666,0.26176962,170.0,168.0,MWW,CCCCCCC[N+](C)(C)C
400.0,0.0,99.0,10.0,0.0,0.03819212,0.01712239,0.0,27.272728,0.26443833,170.0,168.0,MWW,CCCCCCC[N+](C)(C)C
400.0,0.0,99.0,6.5642056,0.0,0.0,0.052106906,0.0,29.850746,0.27272728,170.0,168.0,MWW,CCCCCCC[N+](C)(C)C
400.0,0.0,99.0,9.7313595,0.0,0.04781516,0.04994874,0.0,26.666666,0.28963405,170.0,168.0,MWW,CCCCCCC[N+](C)(C)C
400.0,0.0,99.0,10.0,0.0,0.111087084,0.00016086381,0.0,25.230263,0.25252524,170.0,168.0,MWW,CCCCCCC[N+](C)(C)C
400.0,0.0,99.0,11.572911,0.0,0.0,0.0,0.0,27.852907,0.25996533,170.0,168.0,MWW,CCCCCCC[N+](C)(C)C
400.0,0.0,99.0,13.2,0.0,0.09256125,0.07952884,0.0,29.221869,0.25087252,170.0,168.0,MWW,CCCCCCC[N+](C)(C)C
400.0,0.0,99.0,10.0,0.0,0.09678275,0.039135594,0.0,25.121035,0.27270803,170.0,168.0,MWW,CCCCCCC[N+](C)(C)C
400.0,0.0,99.0,9.616132,0.0,0.11821133,0.0,0.0,26.893774,0.2700658,170.0,168.0,MWW,CCCCCCC[N+](C)(C)C
400.0,0.0,99.0,9.091,0.0,0.0,0.0,0.0,25.0,0.26053518,170.0,168.0,MWW,CCCCCCC[N+](C)(C)C
400.0,0.0,99.0,7.6079073,0.0,0.03926481,0.049540635,0.0,26.717749,0.27962688,170.0,168.0,MWW,CCCCCCC[N+](C)(C)C
400.0,0.0,99.0,10.604747,0.0,0.036910236,0.016417706,0.0,26.255482,0.27272728,170.0,168.0,MWW,CCCCCCC[N+](C)(C)C
400.0,0.0,99.0,8.143794,0.0,0.0,0.059597433,0.0,25.769598,0.2655224,170.0,168.0,MWW,CCCCCCC[N+](C)(C)C
400.0,0.0,99.0,9.225833,0.0,0.00016506562,0.0,0.0,26.744385,0.27272728,170.0,168.0,MWW,CCCCCCC[N+](C)(C)C
400.0,0.0,99.0,5.361409,0.0,0.066256106,0.0,0.0,27.667858,0.25179195,170.0,168.0,MWW,CCCCCCC[N+](C)(C)C
400.0,0.0,99.0,9.417724,0.0,0.05953042,0.017942289,0.0,26.666666,0.28025323,170.0,168.0,MWW,CCCCCCC[N+](C)(C)C
400.0,0.0,99.0,9.091,0.0,0.0,0.031237543,0.0,27.777779,0.2596295,170.0,168.0,MWW,CCCCCCC[N+](C)(C)C
400.0,0.0,99.0,10.0,0.09393801,0.0,0.09478287,0.0,27.272728,0.27442735,170.0,168.0,MWW,CCCCCCC[N+](C)(C)C
400.0,0.0,99.0,12.869254,0.0,0.054047316,0.0,0.0,28.606812,0.27272728,170.0,168.0,MWW,CCCCCCC[N+](C)(C)C
400.0,0.0,99.0,10.0,0.0,0.047304675,0.023907749,0.0,28.256283,0.27306455,170.0,168.0,MWW,CCCCCCC[N+](C)(C)C
400.0,0.0,99.0,8.967684,0.0,0.0348194,0.054090504,0.0,26.741488,0.26007846,170.0,168.0,MWW,CCCCCCC[N+](C)(C)C
400.0,0.0,99.0,9.551358,0.0,0.035070956,0.039988518,0.0,27.325571,0.27272728,170.0,168.0,MWW,CCCCCCC[N+](C)(C)C
400.0,0.0,99.0,4.0570893,0.0,0.051287506,0.0035527642,0.0,27.305563,0.27272728,170.0,168.0,MWW,CCCCCCC[N+](C)(C)C
400.0,0.0,99.0,5.4394026,0.0,0.020213565,0.0,0.0,26.666666,0.25982916,170.0,168.0,MWW,CCCCCCC[N+](C)(C)C
400.0,0.0,99.0,8.714181,0.0,0.001110674,0.0,0.0,25.617397,0.270432,170.0,168.0,MWW,CCCCCCC[N+](C)(C)C
400.0,0.0,99.0,6.6,0.0,0.0,0.030840892,0.0,28.100172,0.27023318,170.0,168.0,MWW,CCCCCCC[N+](C)(C)C
400.0,0.0,99.0,10.461272,0.0,0.036966395,0.0,0.0,29.411077,0.26470223,170.0,168.0,MWW,CCCCCCC[N+](C)(C)C
400.0,0.0,99.0,6.6,0.0,0.009130583,0.004930755,0.0,25.641026,0.27019083,170.0,168.0,MWW,CCCCCCC[N+](C)(C)C
400.0,0.0,99.0,9.866092,0.0,0.0,0.0,0.0,27.012846,0.281065,170.0,168.0,MWW,CCCCCCC[N+](C)(C)C
400.0,0.0,99.0,12.353021,0.0,0.1,0.039962858,0.0,26.666666,0.26673645,170.0,168.0,MWW,CCCCCCC[N+](C)(C)C
400.0,0.0,99.0,10.0,0.0,0.094094,0.0,0.0,27.299936,0.27272728,170.0,168.0,MWW,CCCCCCC[N+](C)(C)C
400.0,0.0,99.0,10.0,0.0,0.0004966984,0.0,0.0,27.316336,0.2746938,170.0,168.0,MWW,CCCCCCC[N+](C)(C)C
400.0,0.0,99.0,10.236103,0.0,0.0,0.023917912,0.0,26.666365,0.2702409,170.0,168.0,MWW,CCCCCCC[N+](C)(C)C
400.0,0.0,99.0,9.159123,0.0,0.0,0.0,0.0,25.60396,0.26765543,170.0,168.0,MWW,CCCCCCC[N+](C)(C)C
400.0,0.0,99.0,10.0,0.0,0.0,0.0,0.0,25.805546,0.27272728,170.0,168.0,MWW,CCCCCCC[N+](C)(C)C
400.0,0.0,99.0,10.0,0.0,0.049575437,0.0399758,0.0,25.641026,0.26029864,170.0,168.0,MWW,CCCCCCC[N+](C)(C)C
400.0,0.0,99.0,11.434767,0.0,0.038413048,0.0,0.0,25.641026,0.28616083,170.0,168.0,MWW,CCCCCCC[N+](C)(C)C
400.0,0.0,99.0,6.4482765,0.0,0.0,0.02913396,0.0,27.98259,0.2746778,170.0,168.0,MWW,CCCCCCC[N+](C)(C)C
400.0,0.0,99.0,9.091,0.0,0.0,0.039118864,0.0,24.781532,0.25252524,170.0,168.0,MWW,CCCCCCC[N+](C)(C)C
400.0,0.0,99.0,6.3737063,0.0,0.0799439,0.0860813,0.0,27.799553,0.27272728,170.0,168.0,MWW,CCCCCCC[N+](C)(C)C
400.0,0.0,99.0,10.0,0.0,0.10085575,0.08405544,0.0,26.652142,0.2618492,170.0,168.0,MWW,CCCCCCC[N+](C)(C)C
400.0,0.0,99.0,10.0,0.0,0.0,0.077745214,0.0,27.777779,0.27825555,170.0,168.0,MWW,CCCCCCC[N+](C)(C)C
400.0,0.0,99.0,9.63048,0.0,0.006531638,0.079302855,0.0,27.384087,0.26445022,170.0,168.0,MWW,CCCCCCC[N+](C)(C)C
400.0,0.0,99.0,7.7252088,0.0,0.016300162,0.07505124,0.0,26.890455,0.27883884,170.0,168.0,MWW,CCCCCCC[N+](C)(C)C
400.0,0.0,99.0,9.96661,0.0,0.001333637,0.057267502,0.0,29.009047,0.25252524,170.0,168.0,MWW,CCCCCCC[N+](C)(C)C
400.0,0.0,99.0,9.091,0.0,0.12546264,0.07522722,0.0,28.121048,0.2711085,170.0,168.0,MWW,CCCCCCC[N+](C)(C)C
400.0,0.0,99.0,2.072366,0.0,0.0,0.0,0.0,26.671,0.27272728,170.0,168.0,MWW,CCCCCCC[N+](C)(C)C
400.0,0.0,99.0,10.0,0.0,0.0,0.0,0.0,26.69056,0.27272728,170.0,168.0,MWW,CCCCCCC[N+](C)(C)C
400.0,0.0,99.0,9.470272,0.0,0.08925745,0.0,0.0,27.272728,0.25996533,170.0,168.0,MWW,CCCCCCC[N+](C)(C)C
400.0,0.0,99.0,10.0,0.0,0.051598076,0.044558704,0.0,26.896477,0.25,170.0,168.0,MWW,CCCCCCC[N+](C)(C)C
400.0,0.0,99.0,10.320925,0.0,0.0,0.0,0.0,26.666666,0.2693002,170.0,168.0,MWW,CCCCCCC[N+](C)(C)C
400.0,0.0,99.0,13.116371,0.0,0.0215494,0.0,0.0,28.813108,0.28157243,170.0,168.0,MWW,CCCCCCC[N+](C)(C)C
400.0,0.0,99.0,10.0,0.0,0.059982434,0.041227475,0.0,28.654615,0.27004838,170.0,168.0,MWW,CCCCCCC[N+](C)(C)C
400.0,0.0,99.0,10.0,0.0,0.058616985,0.0,0.0,27.701385,0.25994805,170.0,168.0,MWW,CCCCCCC[N+](C)(C)C
400.0,0.0,99.0,10.0,0.0,0.046529904,0.0,0.0,27.993778,0.27272728,170.0,168.0,MWW,CCCCCCC[N+](C)(C)C
400.0,0.0,99.0,10.0,0.0,0.04723707,0.0,0.0,25.949911,0.26480108,170.0,168.0,MWW,CCCCCCC[N+](C)(C)C
400.0,0.0,99.0,10.0,0.0,0.0,0.028464777,0.0,26.55449,0.26061526,170.0,168.0,MWW,CCCCCCC[N+](C)(C)C
400.0,0.0,99.0,11.7568655,0.0,0.0,0.039898064,0.0,26.26172,0.25996533,170.0,168.0,MWW,CCCCCCC[N+](C)(C)C
400.0,0.0,99.0,6.2200503,0.0,0.058981933,0.018225713,0.0,25.641026,0.2657677,170.0,168.0,MWW,CCCCCCC[N+](C)(C)C
400.0,0.0,99.0,9.091,0.0,0.05325065,0.0,0.0,27.272728,0.27937776,170.0,168.0,MWW,CCCCCCC[N+](C)(C)C
400.0,0.0,99.0,12.991094,0.0,0.06775777,0.0004299798,0.0,25.80794,0.25998518,170.0,168.0,MWW,CCCCCCC[N+](C)(C)C
400.0,0.0,99.0,7.0611396,0.0,0.048277933,0.062770225,0.0,26.279907,0.26940945,170.0,168.0,MWW,CCCCCCC[N+](C)(C)C
400.0,0.0,99.0,10.0,0.0,0.0,0.0625994,0.0,27.272728,0.260199,170.0,168.0,MWW,CCCCCCC[N+](C)(C)C
400.0,0.0,99.0,8.107215,0.0,0.08778633,0.0873476,0.0,25.0,0.27272728,170.0,168.0,MWW,CCCCCCC[N+](C)(C)C
400.0,0.0,99.0,8.251148,0.0,0.09250735,0.03143433,0.0,26.666666,0.26372638,170.0,168.0,MWW,CCCCCCC[N+](C)(C)C
30.0,1.7179967,99.0,250.0,0.0,0.1141638,0.19379905,0.0,40.0,0.19830318,165.0,168.0,MWW,CCCCCCC[N+](C)(C)C
400.0,0.0,99.0,10.0,0.0,0.029804217,0.08778055,0.0,25.641026,0.27134886,170.0,168.0,MWW,CCCCCCC[N+](C)(C)C
400.0,0.0,99.0,13.019425,0.0,0.0,0.02001221,0.0,27.333252,0.2791823,170.0,168.0,MWW,CCCCCCC[N+](C)(C)C
400.0,0.0,99.0,4.0,0.0,0.09382401,0.06763998,0.0,26.77379,0.27007478,170.0,168.0,MWW,CCCCCCC[N+](C)(C)C
400.0,0.0,99.0,10.0,0.0,0.06997276,0.0,0.0,27.049528,0.25972962,170.0,168.0,MWW,CCCCCCC[N+](C)(C)C
400.0,0.0,99.0,10.395833,0.0,0.0,0.0,0.0,27.777779,0.28494668,170.0,168.0,MWW,CCCCCCC[N+](C)(C)C
400.0,0.0,99.0,10.0,0.0,0.050547875,0.013105033,0.0,26.781712,0.2688988,170.0,168.0,MWW,CCCCCCC[N+](C)(C)C
400.0,0.0,99.0,9.755508,0.0,0.089696035,0.039718054,0.0,27.51481,0.2865524,170.0,168.0,MWW,CCCCCCC[N+](C)(C)C
400.0,0.0,99.0,10.0,0.0,0.021566374,0.027852857,0.0,26.666666,0.28681487,170.0,168.0,MWW,CCCCCCC[N+](C)(C)C
400.0,0.0,99.0,11.12156,0.0,0.07713653,0.0,0.0,26.261986,0.2857143,170.0,168.0,MWW,CCCCCCC[N+](C)(C)C
400.0,0.0,99.0,12.411124,0.0,0.12552895,0.0,0.0,27.777779,0.25996533,170.0,168.0,MWW,CCCCCCC[N+](C)(C)C
400.0,0.0,99.0,10.0,0.0,0.0004887591,0.03673772,0.0,27.314463,0.29411766,170.0,168.0,MWW,CCCCCCC[N+](C)(C)C
400.0,0.0,99.0,2.4485226,0.0,0.0,0.03384455,0.0,27.398281,0.2593596,170.0,168.0,MWW,CCCCCCC[N+](C)(C)C
400.0,0.0,99.0,10.306902,0.0,0.0964564,0.0638404,0.0,26.750065,0.28093857,170.0,168.0,MWW,CCCCCCC[N+](C)(C)C
400.0,0.0,99.0,6.7081017,0.0,0.05241498,0.0,0.0,26.629372,0.25109637,170.0,168.0,MWW,CCCCCCC[N+](C)(C)C
400.0,0.0,99.0,10.0,0.0,0.089264065,0.0,0.0,26.510542,0.254693,170.0,168.0,MWW,CCCCCCC[N+](C)(C)C
400.0,0.0,99.0,10.0,0.0,0.0967496,0.03925883,0.0,27.005709,0.2562032,170.0,168.0,MWW,CCCCCCC[N+](C)(C)C
400.0,0.0,99.0,13.332207,0.055869453,0.0,0.09471595,0.0,26.06853,0.25985733,170.0,168.0,MWW,CCCCCCC[N+](C)(C)C
400.0,0.0,99.0,9.717456,0.0,0.046627786,0.0,0.0,27.3,0.25611624,170.0,168.0,MWW,CCCCCCC[N+](C)(C)C
400.0,0.0,99.0,9.120339,0.0,0.036295757,0.024831487,0.0,25.0,0.27272728,170.0,168.0,MWW,CCCCCCC[N+](C)(C)C
400.0,0.0,99.0,10.0,0.0,0.0,0.018095987,0.0,29.455694,0.27008733,170.0,168.0,MWW,CCCCCCC[N+](C)(C)C
400.0,0.0,99.0,10.0,0.0,0.0099655,0.0,0.0,26.413925,0.27023146,170.0,168.0,MWW,CCCCCCC[N+](C)(C)C
400.0,0.0,99.0,11.112033,0.0,0.0,0.039980397,0.0,27.879393,0.27826315,170.0,168.0,MWW,CCCCCCC[N+](C)(C)C
400.0,0.0,99.0,15.8210745,0.0,0.09159194,0.028016172,0.0,26.272017,0.2700777,170.0,168.0,MWW,CCCCCCC[N+](C)(C)C
400.0,0.0,99.0,10.0,0.0,0.0020564476,0.0,0.0,27.305082,0.27001813,170.0,168.0,MWW,CCCCCCC[N+](C)(C)C
400.0,0.0,99.0,9.091,0.0,0.043295447,0.05600599,0.0,25.0,0.2777778,170.0,168.0,MWW,CCCCCCC[N+](C)(C)C
400.0,0.0,99.0,9.463548,0.0,0.0,0.0,0.0,25.0,0.28109017,170.0,168.0,MWW,CCCCCCC[N+](C)(C)C
400.0,0.0,99.0,11.595935,0.0,0.019327268,0.0,0.0,27.272728,0.25252524,170.0,168.0,MWW,CCCCCCC[N+](C)(C)C
400.0,0.0,99.0,6.6,0.0,0.009919473,3.742362e-05,0.0,27.88926,0.25522977,170.0,168.0,MWW,CCCCCCC[N+](C)(C)C
400.0,0.0,99.0,11.390545,0.0,0.037840392,0.03884468,0.0,26.666666,0.25778827,170.0,168.0,MWW,CCCCCCC[N+](C)(C)C
400.0,0.0,99.0,13.301048,0.0,0.0,0.0,0.0,28.085806,0.2690373,170.0,168.0,MWW,CCCCCCC[N+](C)(C)C
16.808788,1.7179967,99.0,250.0,0.0,0.1393765,0.18977727,0.0,39.965946,0.19740206,165.0,168.0,MWW,CCCCCCC[N+](C)(C)C
400.0,0.0,99.0,4.065937,0.0,0.047949996,0.07530294,0.0,27.272728,0.27645326,170.0,168.0,MWW,CCCCCCC[N+](C)(C)C
400.0,0.0,99.0,6.001108,0.0,0.035136122,0.015382059,0.0,25.989887,0.2547177,170.0,168.0,MWW,CCCCCCC[N+](C)(C)C
400.0,0.0,99.0,9.808006,0.0,0.0880631,0.06372277,0.0,25.0,0.26435483,170.0,168.0,MWW,CCCCCCC[N+](C)(C)C
400.0,0.0,99.0,10.0,0.0,0.0,0.049964268,0.0,25.996864,0.27991614,170.0,168.0,MWW,CCCCCCC[N+](C)(C)C
400.0,0.0,99.0,10.0,0.0,0.0,0.038123503,0.0,27.272728,0.2779386,170.0,168.0,MWW,CCCCCCC[N+](C)(C)C
400.0,0.0,99.0,9.878591,0.0,0.015555159,0.065039545,0.0,25.975418,0.27677393,170.0,168.0,MWW,CCCCCCC[N+](C)(C)C
400.0,0.0,99.0,10.969817,0.0,0.049567133,0.0,0.0,28.05834,0.2688974,170.0,168.0,MWW,CCCCCCC[N+](C)(C)C
400.0,0.0,99.0,9.891937,0.0,0.0,0.01594582,0.0,25.0,0.25,170.0,168.0,MWW,CCCCCCC[N+](C)(C)C
400.0,0.0,99.0,10.0,0.0,0.035119485,0.03942052,0.0,26.540226,0.2607554,170.0,168.0,MWW,CCCCCCC[N+](C)(C)C
400.0,0.0,99.0,5.5312657,0.0,0.0013675446,0.052460257,0.0,27.153612,0.2796154,170.0,168.0,MWW,CCCCCCC[N+](C)(C)C
400.0,0.0,99.0,10.0,0.0,0.0,0.0,0.0,29.530006,0.2642303,170.0,168.0,MWW,CCCCCCC[N+](C)(C)C
400.0,0.0,99.0,5.4333844,0.0,0.095983565,0.0,0.0,26.665628,0.27000132,170.0,168.0,MWW,CCCCCCC[N+](C)(C)C
400.0,0.0,99.0,9.091,0.0,0.016526017,0.016254853,0.0,26.661,0.26542875,170.0,168.0,MWW,CCCCCCC[N+](C)(C)C
400.0,0.0,99.0,6.741712,0.0,0.08854758,0.060047314,0.0,26.666666,0.25996533,170.0,168.0,MWW,CCCCCCC[N+](C)(C)C
60.0,1.7179967,99.0,250.0,0.0,0.29532015,0.23042239,0.0,41.33858,0.19343744,160.0,168.0,MWW,CCCCCCC[N+](C)(C)C
400.0,0.0,99.0,10.0,0.0,0.016420048,0.054644994,0.0,26.569536,0.27272728,170.0,168.0,MWW,CCCCCCC[N+](C)(C)C
400.0,0.0,99.0,10.0,0.0,0.06500949,0.06444078,0.0,25.641026,0.2701763,170.0,168.0,MWW,CCCCCCC[N+](C)(C)C
400.0,0.0,99.0,9.360094,0.0,0.045303043,0.023924263,0.0,25.875853,0.27272728,170.0,168.0,MWW,CCCCCCC[N+](C)(C)C
400.0,0.0,99.0,6.4415503,0.0,0.04445092,0.06124442,0.0,25.200312,0.26032597,170.0,168.0,MWW,CCCCCCC[N+](C)(C)C
400.0,0.0,99.0,6.6,0.0,0.0,0.0,0.0,25.890793,0.26002285,170.0,168.0,MWW,CCCCCCC[N+](C)(C)C
400.0,0.0,99.0,8.068978,0.0,0.089294136,0.06505678,0.0,27.272728,0.27946693,170.0,168.0,MWW,CCCCCCC[N+](C)(C)C
400.0,0.0,99.0,13.111129,0.0,0.0013928512,0.030974476,0.0,27.777779,0.25767982,170.0,168.0,MWW,CCCCCCC[N+](C)(C)C
400.0,0.0,99.0,10.0,0.0,0.0,0.0030152577,0.0,25.641026,0.2858759,170.0,168.0,MWW,CCCCCCC[N+](C)(C)C
400.0,0.0,99.0,4.200013,0.0,0.0388445,0.0,0.0,25.010225,0.26054293,170.0,168.0,MWW,CCCCCCC[N+](C)(C)C
400.0,0.0,99.0,10.0,0.0,0.0018224026,0.048422158,0.0,29.38065,0.26174182,170.0,168.0,MWW,CCCCCCC[N+](C)(C)C
400.0,0.0,99.0,9.091,0.0,0.05104979,0.06637751,0.0,26.666666,0.25252524,170.0,168.0,MWW,CCCCCCC[N+](C)(C)C
400.0,0.0,99.0,9.95596,0.0,0.05859757,0.06867897,0.0,26.666666,0.26390603,170.0,168.0,MWW,CCCCCCC[N+](C)(C)C
400.0,0.0,99.0,10.0,0.0,0.06385221,0.044587977,0.0,28.112293,0.27272728,170.0,168.0,MWW,CCCCCCC[N+](C)(C)C
400.0,0.0,99.0,12.9845295,0.0,0.0016525338,0.0,0.0,29.194124,0.26295507,170.0,168.0,MWW,CCCCCCC[N+](C)(C)C
400.0,0.0,99.0,10.0,0.0,0.0,0.063186266,0.0,28.84041,0.26696724,170.0,168.0,MWW,CCCCCCC[N+](C)(C)C
400.0,0.0,99.0,9.091,0.0,0.14895298,0.043967385,0.0,24.831999,0.264096,170.0,168.0,MWW,CCCCCCC[N+](C)(C)C
400.0,0.0,99.0,10.0,0.0,0.0066900584,0.0,0.0,26.725239,0.2857143,170.0,168.0,MWW,CCCCCCC[N+](C)(C)C
400.0,0.0,99.0,9.091,0.0,0.0,0.031102274,0.0,26.666666,0.26060835,170.0,168.0,MWW,CCCCCCC[N+](C)(C)C
400.0,0.0,99.0,5.1613407,0.0,0.047319606,0.06549722,0.0,27.272728,0.2687077,170.0,168.0,MWW,CCCCCCC[N+](C)(C)C
400.0,0.0,99.0,6.7040415,0.0,0.040899184,0.07955354,0.0,26.81136,0.27272728,170.0,168.0,MWW,CCCCCCC[N+](C)(C)C
400.0,0.0,99.0,6.638559,0.0,0.0,0.0,0.0,25.641026,0.26332238,170.0,168.0,MWW,CCCCCCC[N+](C)(C)C
400.0,0.0,99.0,250.0,0.0,0.12531273,0.19361044,0.0,28.144777,0.26508597,170.0,168.0,MWW,CCCCCCC[N+](C)(C)C
400.0,0.0,99.0,10.0,0.0,0.09094945,0.0,0.0,25.089132,0.2641725,170.0,168.0,MWW,CCCCCCC[N+](C)(C)C
400.0,0.0,99.0,10.0,0.0,0.039663006,0.020501487,0.0,28.004858,0.27272728,170.0,168.0,MWW,CCCCCCC[N+](C)(C)C
400.0,0.0,99.0,10.0,0.0,0.060219668,0.036399134,0.0,26.966991,0.26458657,170.0,168.0,MWW,CCCCCCC[N+](C)(C)C
400.0,0.0,99.0,9.091,0.0,0.09637136,0.017173277,0.0,25.641026,0.26012012,170.0,168.0,MWW,CCCCCCC[N+](C)(C)C
400.0,0.0,99.0,9.091,0.0,0.0,0.024909364,0.0,25.988504,0.27272728,170.0,168.0,MWW,CCCCCCC[N+](C)(C)C
400.0,0.0,99.0,9.988841,0.0,0.0,0.034929484,0.0,26.03887,0.2672977,170.0,168.0,MWW,CCCCCCC[N+](C)(C)C
400.0,0.0,99.0,9.091,0.0,0.0,0.023928082,0.0,25.654198,0.27272728,170.0,168.0,MWW,CCCCCCC[N+](C)(C)C
400.0,0.0,99.0,10.0,0.0,0.0,0.069431834,0.0,28.150303,0.25,170.0,168.0,MWW,CCCCCCC[N+](C)(C)C
400.0,0.0,99.0,10.0,0.0,0.0,0.02382658,0.0,27.276577,0.27272728,170.0,168.0,MWW,CCCCCCC[N+](C)(C)C
400.0,0.0,99.0,12.978455,0.0,0.04752491,0.0,0.0,28.997366,0.26756763,170.0,168.0,MWW,CCCCCCC[N+](C)(C)C
400.0,0.0,99.0,10.0,0.0,0.056490082,0.081540234,0.0,25.98376,0.2584343,170.0,168.0,MWW,CCCCCCC[N+](C)(C)C
400.0,0.0,99.0,9.571351,0.0,0.058194395,0.017709086,0.0,28.444136,0.27991748,170.0,168.0,MWW,CCCCCCC[N+](C)(C)C
400.0,0.0,99.0,2.025724,0.0,0.0769819,0.014563247,0.0,25.0,0.25,170.0,168.0,MWW,CCCCCCC[N+](C)(C)C
400.0,0.0,99.0,9.841581,0.0,0.0,0.0,0.0,25.0,0.26479712,170.0,168.0,MWW,CCCCCCC[N+](C)(C)C
400.0,0.0,99.0,5.4723988,0.0,0.0,0.0,0.0,27.56741,0.28525662,170.0,168.0,MWW,CCCCCCC[N+](C)(C)C
50.0,1.7179967,99.0,250.0,0.0,0.18389611,0.19730821,0.0,40.47358,0.19090356,160.0,168.0,MWW,CCCCCCC[N+](C)(C)C
400.0,0.0,99.0,9.6667385,0.0,0.05052874,0.03990963,0.0,26.62199,0.25,170.0,168.0,MWW,CCCCCCC[N+](C)(C)C
400.0,0.0,99.0,7.636248,0.0,0.07348564,0.0,0.0,26.666666,0.2702246,170.0,168.0,MWW,CCCCCCC[N+](C)(C)C
71.09307,1.7179967,99.0,4.0,0.0,0.099841036,0.05377392,0.0,28.948473,0.25,170.0,168.0,MWW,CCCCCCC[N+](C)(C)C
400.0,0.0,99.0,9.091,0.0,0.0,0.0,0.0,27.272728,0.25252524,170.0,168.0,MWW,CCCCCCC[N+](C)(C)C
400.0,0.0,99.0,12.185828,0.0,0.031326003,0.049970943,0.0,27.332315,0.27731448,170.0,168.0,MWW,CCCCCCC[N+](C)(C)C
400.0,0.0,99.0,4.8716903,0.0,0.09923546,0.032664154,0.0,25.641026,0.2579959,170.0,168.0,MWW,CCCCCCC[N+](C)(C)C
400.0,0.0,99.0,6.6,0.0,0.06676485,0.023907455,0.0,26.385561,0.2701645,170.0,168.0,MWW,CCCCCCC[N+](C)(C)C
400.0,0.0,99.0,7.775414,0.0,0.08754021,0.031087553,0.0,26.412083,0.27272728,170.0,168.0,MWW,CCCCCCC[N+](C)(C)C
400.0,0.0,99.0,10.0,0.0,0.04336251,0.080936,0.0,25.689455,0.27272728,170.0,168.0,MWW,CCCCCCC[N+](C)(C)C
400.0,0.0,99.0,6.528787,0.0,0.1347209,0.0,0.0,26.666666,0.27333543,170.0,168.0,MWW,CCCCCCC[N+](C)(C)C
400.0,0.0,99.0,13.191245,0.0,0.100673206,0.01333777,0.0,27.878107,0.2723389,170.0,168.0,MWW,CCCCCCC[N+](C)(C)C
400.0,0.0,99.0,15.869754,0.06248736,0.0,0.0,0.0,26.023176,0.2813798,170.0,168.0,MWW,CCCCCCC[N+](C)(C)C
400.0,0.0,99.0,10.0,0.0,0.13666362,0.031723324,0.0,29.116495,0.26761368,170.0,168.0,MWW,CCCCCCC[N+](C)(C)C
400.0,0.0,99.0,15.9170685,0.0,0.05394539,0.08778055,0.0,26.658062,0.27272728,170.0,168.0,MWW,CCCCCCC[N+](C)(C)C
400.0,0.0,99.0,12.843744,0.0,0.04678913,0.05606102,0.0,27.063696,0.2700947,170.0,168.0,MWW,CCCCCCC[N+](C)(C)C
400.0,0.0,99.0,9.700328,0.0,0.008314935,0.0,0.0,26.720266,0.25995246,170.0,168.0,MWW,CCCCCCC[N+](C)(C)C
400.0,0.0,99.0,13.316633,0.0,0.0,0.06393607,0.0,27.284111,0.26838863,170.0,168.0,MWW,CCCCCCC[N+](C)(C)C
400.0,0.0,99.0,12.750687,0.0,0.06287361,0.0,0.0,27.272728,0.26608598,170.0,168.0,MWW,CCCCCCC[N+](C)(C)C
400.0,0.0,99.0,13.2,0.0,0.036901455,0.0,0.0,27.189955,0.26421934,170.0,168.0,MWW,CCCCCCC[N+](C)(C)C
400.0,0.0,99.0,6.9855466,0.0,0.09114075,0.0,0.0,27.299772,0.25996533,170.0,168.0,MWW,CCCCCCC[N+](C)(C)C
400.0,0.0,99.0,11.253075,0.0,0.08356155,0.049974244,0.0,26.254728,0.25996533,170.0,168.0,MWW,CCCCCCC[N+](C)(C)C
400.0,0.0,99.0,10.0,0.0,0.04195577,0.057010617,0.0,27.035484,0.27024537,170.0,168.0,MWW,CCCCCCC[N+](C)(C)C
400.0,0.0,99.0,10.0,0.0,0.0462545,0.055415228,0.0,27.465729,0.25915542,170.0,168.0,MWW,CCCCCCC[N+](C)(C)C
400.0,0.0,99.0,6.6,0.0,0.08500273,0.0,0.0,26.585674,0.26739034,170.0,168.0,MWW,CCCCCCC[N+](C)(C)C
400.0,0.0,99.0,8.022762,0.0,0.061547205,0.0,0.0,26.90001,0.27047178,170.0,168.0,MWW,CCCCCCC[N+](C)(C)C
400.0,0.0,99.0,7.618062,0.0,0.078514315,0.016249897,0.0,25.855562,0.27272728,170.0,168.0,MWW,CCCCCCC[N+](C)(C)C
400.0,0.0,99.0,6.6,0.0,0.057862513,0.1,0.0,28.080553,0.27209252,170.0,168.0,MWW,CCCCCCC[N+](C)(C)C
400.0,0.0,99.0,10.0,0.0,0.03281893,0.02393117,0.0,29.142786,0.2702311,170.0,168.0,MWW,CCCCCCC[N+](C)(C)C
400.0,0.0,99.0,9.091,0.0,0.0,0.06267372,0.0,27.265574,0.26046255,170.0,168.0,MWW,CCCCCCC[N+](C)(C)C
400.0,0.0,99.0,10.0,0.0,0.0,0.0,0.0,28.121693,0.26650468,170.0,168.0,MWW,CCCCCCC[N+](C)(C)C
400.0,0.0,99.0,10.0,0.0,0.072370514,0.04144891,0.0,28.17505,0.2584766,170.0,168.0,MWW,CCCCCCC[N+](C)(C)C
400.0,0.0,99.0,7.5212784,0.0,0.0,0.0,0.0,29.925186,0.28553513,170.0,168.0,MWW,CCCCCCC[N+](C)(C)C
400.0,0.0,99.0,9.061456,0.0,0.0,0.03171168,0.0,27.066126,0.26887465,170.0,168.0,MWW,CCCCCCC[N+](C)(C)C
400.0,0.0,99.0,10.0,0.0,0.0,0.0,0.0,25.0,0.2777708,170.0,168.0,MWW,CCCCCCC[N+](C)(C)C
400.0,0.0,99.0,10.0,0.0,0.043310277,0.0976215,0.0,27.272728,0.26691264,170.0,168.0,MWW,CCCCCCC[N+](C)(C)C
400.0,0.0,99.0,10.0,0.07990811,0.0,0.0,0.0,26.090975,0.2799259,170.0,168.0,MWW,CCCCCCC[N+](C)(C)C
400.0,0.0,99.0,6.1472335,0.0,0.04455606,0.07638834,0.0,27.272728,0.26753932,170.0,168.0,MWW,CCCCCCC[N+](C)(C)C
400.0,0.0,99.0,15.654348,0.0,0.1,0.036657486,0.0,26.666666,0.2650591,170.0,168.0,MWW,CCCCCCC[N+](C)(C)C
400.0,0.0,99.0,5.5669594,0.0,0.086343855,0.049985792,0.0,27.166706,0.26522306,170.0,168.0,MWW,CCCCCCC[N+](C)(C)C
400.0,0.0,99.0,6.656621,0.0,0.04183486,0.03757951,0.0,27.272728,0.27272728,170.0,168.0,MWW,CCCCCCC[N+](C)(C)C
400.0,0.0,99.0,6.6,0.0,0.05641242,0.048069328,0.0,29.586962,0.25252524,170.0,168.0,MWW,CCCCCCC[N+](C)(C)C
400.0,0.0,99.0,11.757937,0.0,0.047146652,0.03906118,0.0,26.427273,0.26800272,170.0,168.0,MWW,CCCCCCC[N+](C)(C)C
400.0,0.0,99.0,9.667614,0.0,0.052603014,0.0,0.0,29.076538,0.2777778,170.0,168.0,MWW,CCCCCCC[N+](C)(C)C
400.0,0.0,99.0,9.058821,0.0,0.0070411516,0.0,0.0,26.656712,0.270267,170.0,168.0,MWW,CCCCCCC[N+](C)(C)C
400.0,0.0,99.0,6.490593,0.0,0.0,0.0,0.0,28.07587,0.26283365,170.0,168.0,MWW,CCCCCCC[N+](C)(C)C
400.0,0.0,99.0,8.2118225,0.0,0.0,0.0,0.0,28.83417,0.26694873,170.0,168.0,MWW,CCCCCCC[N+](C)(C)C
400.0,0.0,99.0,9.091,0.0,0.030457744,0.037368543,0.0,26.285278,0.27272728,170.0,168.0,MWW,CCCCCCC[N+](C)(C)C
400.0,0.0,99.0,9.493369,0.0,0.049795028,0.047850832,0.0,29.112066,0.26785576,170.0,168.0,MWW,CCCCCCC[N+](C)(C)C
400.0,0.0,99.0,13.38915,0.0,0.09845847,0.0,0.0,26.666666,0.2698748,170.0,168.0,MWW,CCCCCCC[N+](C)(C)C
400.0,0.0,99.0,9.091,0.0,0.0,0.04708437,0.0,25.641026,0.26900753,170.0,168.0,MWW,CCCCCCC[N+](C)(C)C
400.0,0.0,99.0,4.1123743,0.0,0.06356988,0.067703724,0.0,25.641026,0.25996533,170.0,168.0,MWW,CCCCCCC[N+](C)(C)C
400.0,0.0,99.0,4.042745,0.0,0.017942164,0.0,0.0,27.528309,0.26901516,170.0,168.0,MWW,CCCCCCC[N+](C)(C)C
400.0,0.0,99.0,8.1778345,0.0,0.0,0.023894558,0.0,25.667686,0.27272728,170.0,168.0,MWW,CCCCCCC[N+](C)(C)C
400.0,0.0,99.0,6.431545,0.0,0.049760494,0.0,0.0,26.666666,0.26360306,170.0,168.0,MWW,CCCCCCC[N+](C)(C)C
400.0,0.0,99.0,10.0,0.0,0.07061244,0.025067702,0.0,26.670885,0.2702282,170.0,168.0,MWW,CCCCCCC[N+](C)(C)C
400.0,0.0,99.0,6.570708,0.0,0.0,0.040433373,0.0,25.942585,0.27898186,170.0,168.0,MWW,CCCCCCC[N+](C)(C)C
400.0,0.0,99.0,10.0,0.0,0.0,0.0471759,0.0,27.02027,0.26339537,170.0,168.0,MWW,CCCCCCC[N+](C)(C)C
400.0,0.0,99.0,10.0,0.0,0.05699701,0.061916754,0.0,26.238598,0.28088978,170.0,168.0,MWW,CCCCCCC[N+](C)(C)C
400.0,0.0,99.0,6.496172,0.0,0.0,0.023905504,0.0,25.641026,0.26730186,170.0,168.0,MWW,CCCCCCC[N+](C)(C)C
400.0,0.0,99.0,10.0,0.0,0.0352794,0.0,0.0,27.777779,0.26388067,170.0,168.0,MWW,CCCCCCC[N+](C)(C)C
400.0,0.0,99.0,1.7134298,0.0,0.0,0.06234607,0.0,26.666666,0.28028536,170.0,168.0,MWW,CCCCCCC[N+](C)(C)C
400.0,0.0,99.0,10.0,0.0,0.0,0.031640198,0.0,26.28946,0.26441908,170.0,168.0,MWW,CCCCCCC[N+](C)(C)C
27.786713,1.7179967,99.0,250.0,0.0,0.101685055,0.19063275,0.0,39.96246,0.196834,160.0,168.0,MWW,CCCCCCC[N+](C)(C)C
400.0,0.0,99.0,8.644827,0.0,0.0,0.039874736,0.0,29.095871,0.25,170.0,168.0,MWW,CCCCCCC[N+](C)(C)C
400.0,0.0,99.0,13.323882,0.0,0.0,0.0,0.0,25.81738,0.27272728,170.0,168.0,MWW,CCCCCCC[N+](C)(C)C
400.0,0.0,99.0,11.149149,0.0,0.0,0.0638404,0.0,25.675217,0.27272728,170.0,168.0,MWW,CCCCCCC[N+](C)(C)C
400.0,0.0,99.0,6.6846786,0.0,0.061760657,0.0,0.0,26.639708,0.2618556,170.0,168.0,MWW,CCCCCCC[N+](C)(C)C
400.0,0.0,99.0,4.545559,0.0,0.0,0.0,0.0,26.583754,0.25790095,170.0,168.0,MWW,CCCCCCC[N+](C)(C)C
400.0,0.0,99.0,5.8907385,0.0,0.03907168,0.019913057,0.0,25.0,0.27355838,170.0,168.0,MWW,CCCCCCC[N+](C)(C)C
400.0,0.0,99.0,10.798774,0.0,0.04886355,0.057887923,0.0,29.603024,0.2647962,170.0,168.0,MWW,CCCCCCC[N+](C)(C)C
400.0,0.0,99.0,7.5924673,0.0,0.03915003,0.029625598,0.0,29.411764,0.2777778,170.0,168.0,MWW,CCCCCCC[N+](C)(C)C
400.0,0.0,99.0,13.2,0.0,0.0,0.0,0.0,23.027817,0.29,170.0,168.0,MWW,CCCCCCC[N+](C)(C)C
400.0,0.0,99.0,16.666666,0.0,0.09207457,0.09778145,0.0,27.720673,0.25,170.0,168.0,MWW,CCCCCCC[N+](C)(C)C
400.0,0.0,99.0,6.6,0.0,0.07731977,0.05511046,0.0,26.666666,0.26072636,170.0,168.0,MWW,CCCCCCC[N+](C)(C)C
400.0,0.0,99.0,10.0,0.0,0.014829424,0.031458277,0.0,27.272728,0.260194,170.0,168.0,MWW,CCCCCCC[N+](C)(C)C
400.0,0.0,99.0,6.7144904,0.0,0.036527775,0.0,0.0,26.656542,0.27893287,170.0,168.0,MWW,CCCCCCC[N+](C)(C)C
400.0,0.0,99.0,6.6107635,0.0,0.019817514,0.012961006,0.0,26.668896,0.27454236,170.0,168.0,MWW,CCCCCCC[N+](C)(C)C
400.0,0.0,99.0,10.535019,0.0,0.038229097,0.01016468,0.0,27.480091,0.26453152,170.0,168.0,MWW,CCCCCCC[N+](C)(C)C
400.0,0.0,99.0,8.152602,0.0,0.0,0.016832132,0.0,25.0,0.2900033,170.0,168.0,MWW,CCCCCCC[N+](C)(C)C
400.0,0.0,99.0,6.1156607,0.0,0.048817284,0.0,0.0,26.604723,0.25996533,170.0,168.0,MWW,CCCCCCC[N+](C)(C)C
400.0,0.0,99.0,10.0,0.0,0.08381669,0.0,0.0,26.739748,0.27272728,170.0,168.0,MWW,CCCCCCC[N+](C)(C)C
400.0,0.0,99.0,4.085835,0.0,0.09616147,0.064710364,0.0,26.930548,0.25,170.0,168.0,MWW,CCCCCCC[N+](C)(C)C
400.0,0.0,99.0,6.6,0.0,0.036017057,0.047820456,0.0,27.200857,0.2777778,170.0,168.0,MWW,CCCCCCC[N+](C)(C)C
400.0,0.0,99.0,10.0,0.0,0.0013260285,0.038078804,0.0,27.272728,0.25964805,170.0,168.0,MWW,CCCCCCC[N+](C)(C)C
400.0,0.0,99.0,9.242718,0.0,0.0,0.018769499,0.0,26.666666,0.26029053,170.0,168.0,MWW,CCCCCCC[N+](C)(C)C
400.0,0.0,99.0,6.6,0.0,0.0,0.03253038,0.0,26.22135,0.2774423,170.0,168.0,MWW,CCCCCCC[N+](C)(C)C
400.0,0.0,99.0,10.0,0.0,0.06262401,0.028890684,0.0,28.70235,0.2518367,170.0,168.0,MWW,CCCCCCC[N+](C)(C)C
400.0,0.0,99.0,10.0,0.0,0.044144392,0.0,0.0,28.300997,0.29411766,170.0,168.0,MWW,CCCCCCC[N+](C)(C)C
400.0,0.0,99.0,3.3737772,0.0,0.0,0.019217392,0.0,25.0,0.29096308,170.0,168.0,MWW,CCCCCCC[N+](C)(C)C
400.0,0.0,99.0,10.0,0.0,0.072478265,0.0475875,0.0,26.658382,0.26624104,170.0,168.0,MWW,CCCCCCC[N+](C)(C)C
400.0,0.0,99.0,8.945039,0.0,0.0,0.04492267,0.0,29.31959,0.25252524,170.0,168.0,MWW,CCCCCCC[N+](C)(C)C
400.0,0.0,99.0,10.0,0.0,0.09131159,0.047563184,0.0,26.666666,0.2772584,170.0,168.0,MWW,CCCCCCC[N+](C)(C)C
400.0,0.0,99.0,2.1069558,0.0,0.08546663,0.064055994,0.0,27.777779,0.26443437,170.0,168.0,MWW,CCCCCCC[N+](C)(C)C
400.0,0.0,99.0,9.834282,0.0,0.012610473,0.02475134,0.0,25.641026,0.2619905,170.0,168.0,MWW,CCCCCCC[N+](C)(C)C
400.0,0.0,99.0,10.0,0.046348754,0.0,0.0,0.0,25.641026,0.25641027,170.0,168.0,MWW,CCCCCCC[N+](C)(C)C
400.0,0.0,99.0,12.13716,0.0,0.00013578932,0.09102773,0.0,27.272728,0.29411766,170.0,168.0,MWW,CCCCCCC[N+](C)(C)C
400.0,0.0,99.0,10.0,0.0,0.06289611,0.063927844,0.0,25.0,0.25981975,170.0,168.0,MWW,CCCCCCC[N+](C)(C)C
400.0,0.0,99.0,11.044469,0.0,0.0,0.0026489603,0.0,26.373482,0.27272728,170.0,168.0,MWW,CCCCCCC[N+](C)(C)C
400.0,0.0,99.0,10.0,0.0,0.0,0.047866758,0.0,26.294283,0.26682764,170.0,168.0,MWW,CCCCCCC[N+](C)(C)C
400.0,0.0,99.0,6.6785088,0.0,0.063316874,0.07579129,0.0,27.328938,0.2798298,170.0,168.0,MWW,CCCCCCC[N+](C)(C)C
400.0,0.0,99.0,10.0,0.0,0.09554604,0.059160065,0.0,29.494274,0.28550047,170.0,168.0,MWW,CCCCCCC[N+](C)(C)C
400.0,0.0,99.0,10.0,0.0,0.069145545,0.0,0.0,27.313967,0.27768007,170.0,168.0,MWW,CCCCCCC[N+](C)(C)C
400.0,0.0,99.0,5.3626714,0.0,0.09437805,0.0,0.0,26.666666,0.26661208,170.0,168.0,MWW,CCCCCCC[N+](C)(C)C
400.0,0.0,99.0,10.0,0.0,0.0,0.0,0.0,26.622833,0.27272728,170.0,168.0,MWW,CCCCCCC[N+](C)(C)C
400.0,0.0,99.0,10.85689,0.0,0.0014505769,0.041939396,0.0,29.925186,0.27141222,170.0,168.0,MWW,CCCCCCC[N+](C)(C)C
400.0,0.0,99.0,10.0,0.0,0.073825836,0.039895345,0.0,27.272728,0.2772193,170.0,168.0,MWW,CCCCCCC[N+](C)(C)C
400.0,0.0,99.0,8.233583,0.0,0.0,0.05648732,0.0,25.988062,0.27002993,170.0,168.0,MWW,CCCCCCC[N+](C)(C)C
400.0,0.0,99.0,6.6656547,0.0,0.038055774,0.041150957,0.0,28.467905,0.26053602,170.0,168.0,MWW,CCCCCCC[N+](C)(C)C
400.0,0.0,99.0,11.278838,0.0,0.05642213,0.0,0.0,26.88153,0.27272728,170.0,168.0,MWW,CCCCCCC[N+](C)(C)C
400.0,0.0,99.0,250.0,0.0,0.0,0.0,0.0,27.31774,0.28880334,170.0,168.0,MWW,CCCCCCC[N+](C)(C)C
400.0,0.0,99.0,11.526942,0.0,0.03200499,0.0,0.0,25.641026,0.25,170.0,168.0,MWW,CCCCCCC[N+](C)(C)C
400.0,0.0,99.0,10.0,0.0,0.027559306,0.056079436,0.0,24.990467,0.25,170.0,168.0,MWW,CCCCCCC[N+](C)(C)C
400.0,0.0,99.0,12.424905,0.0,0.04908828,0.08501071,0.0,27.777779,0.26955032,170.0,168.0,MWW,CCCCCCC[N+](C)(C)C
400.0,0.0,99.0,250.0,0.1,0.0,0.19611703,0.0,27.039513,0.26441565,170.0,168.0,MWW,CCCCCCC[N+](C)(C)C
400.0,0.0,99.0,13.285566,0.0,0.09613089,0.052364986,0.0,26.801392,0.28047764,170.0,168.0,MWW,CCCCCCC[N+](C)(C)C
400.0,0.0,99.0,8.863898,0.0,0.086554214,0.0,0.0,27.073566,0.2777778,170.0,168.0,MWW,CCCCCCC[N+](C)(C)C
400.0,0.0,99.0,5.1133685,0.0,0.08700521,0.024363032,0.0,28.667381,0.27764112,170.0,168.0,MWW,CCCCCCC[N+](C)(C)C
400.0,0.0,99.0,6.6722345,0.0,0.032110233,0.033543013,0.0,27.416784,0.26267627,170.0,168.0,MWW,CCCCCCC[N+](C)(C)C
400.0,0.0,99.0,10.23527,0.0,0.08536148,0.0,0.0,27.272728,0.2667262,170.0,168.0,MWW,CCCCCCC[N+](C)(C)C
400.0,0.0,99.0,4.072235,0.0,0.07685665,0.049953632,0.0,27.272728,0.25394177,170.0,168.0,MWW,CCCCCCC[N+](C)(C)C
400.0,0.0,99.0,6.5688043,0.0,0.05888,0.0,0.0,25.960758,0.2669145,170.0,168.0,MWW,CCCCCCC[N+](C)(C)C
400.0,0.0,99.0,10.0,0.0,0.0,0.054140832,0.0,25.985725,0.28508678,170.0,168.0,MWW,CCCCCCC[N+](C)(C)C
400.0,0.0,99.0,11.362201,0.0,0.0,0.06310327,0.0,26.666666,0.27272728,170.0,168.0,MWW,CCCCCCC[N+](C)(C)C
400.0,0.0,99.0,6.7015386,0.0,0.0491671,0.024160199,0.0,26.670378,0.27272728,170.0,168.0,MWW,CCCCCCC[N+](C)(C)C
400.0,0.0,99.0,7.9646816,0.0,0.09658631,0.0,0.0,25.0,0.27061954,170.0,168.0,MWW,CCCCCCC[N+](C)(C)C
400.0,0.0,99.0,8.525489,0.0,0.00044707756,0.0,0.0,27.34155,0.25,170.0,168.0,MWW,CCCCCCC[N+](C)(C)C
400.0,0.0,99.0,9.091,0.0,0.0,0.0,0.0,26.963444,0.25996533,170.0,168.0,MWW,CCCCCCC[N+](C)(C)C
400.0,0.0,99.0,2.307459,0.0,0.057759974,0.0,0.0,27.272728,0.25955534,170.0,168.0,MWW,CCCCCCC[N+](C)(C)C
400.0,0.0,99.0,13.033025,0.0,0.038017873,0.0,0.0,27.271837,0.27272728,170.0,168.0,MWW,CCCCCCC[N+](C)(C)C
400.0,0.0,99.0,10.0,0.0,0.048834946,0.08778055,0.0,26.723686,0.26243347,170.0,168.0,MWW,CCCCCCC[N+](C)(C)C
400.0,0.0,99.0,10.0,0.0,0.13195015,0.03641861,0.0,27.29415,0.25996533,170.0,168.0,MWW,CCCCCCC[N+](C)(C)C
400.0,0.0,99.0,10.0,0.0,0.0,0.0,0.0,27.272728,0.26004812,170.0,168.0,MWW,CCCCCCC[N+](C)(C)C
400.0,0.0,99.0,13.2,0.0,0.0,0.0,0.0,25.641026,0.27350494,170.0,168.0,MWW,CCCCCCC[N+](C)(C)C
400.0,0.0,99.0,6.467818,0.0,0.0803328,0.023883618,0.0,26.666666,0.26071376,170.0,168.0,MWW,CCCCCCC[N+](C)(C)C
400.0,0.0,99.0,5.241548,0.0,0.09683255,0.048041422,0.0,25.641026,0.25,170.0,168.0,MWW,CCCCCCC[N+](C)(C)C
400.0,0.0,99.0,10.0,0.0,0.002985384,0.00070612616,0.0,27.272728,0.27976084,170.0,168.0,MWW,CCCCCCC[N+](C)(C)C
400.0,0.0,99.0,10.739973,0.0,0.0,0.06508525,0.0,27.272728,0.25252524,170.0,168.0,MWW,CCCCCCC[N+](C)(C)C
400.0,0.0,99.0,8.558688,0.0,0.0,0.031334363,0.0,27.432808,0.25641027,170.0,168.0,MWW,CCCCCCC[N+](C)(C)C
400.0,0.0,99.0,9.091,0.0,0.0,0.0,0.0,25.0,0.28196406,170.0,168.0,MWW,CCCCCCC[N+](C)(C)C
400.0,0.0,99.0,9.091,0.0,0.08502438,0.040234566,0.0,27.072683,0.25,170.0,168.0,MWW,CCCCCCC[N+](C)(C)C
400.0,0.0,99.0,6.6,0.0,0.08858845,0.07940915,0.0,28.811495,0.26241222,170.0,168.0,MWW,CCCCCCC[N+](C)(C)C
400.0,0.0,99.0,6.7761097,0.0,0.024299307,0.0,0.0,26.666666,0.26591668,170.0,168.0,MWW,CCCCCCC[N+](C)(C)C
400.0,0.0,99.0,12.721887,0.0,0.058940675,0.0638267,0.0,26.309202,0.28971165,170.0,168.0,MWW,CCCCCCC[N+](C)(C)C
400.0,0.0,99.0,13.289024,0.0,0.090946406,0.055223648,0.0,25.641026,0.25,170.0,168.0,MWW,CCCCCCC[N+](C)(C)C
22.99261,1.7179967,99.0,250.0,0.0,0.12521042,0.1896384,0.0,40.0,0.23929057,160.0,168.0,MWW,CCCCCCC[N+](C)(C)C
400.0,0.0,99.0,9.091,0.0,0.00162425,0.08778055,0.0,28.030836,0.27855867,170.0,168.0,MWW,CCCCCCC[N+](C)(C)C
400.0,0.0,99.0,10.0,0.0,0.074472204,0.03003524,0.0,25.928652,0.27911982,170.0,168.0,MWW,CCCCCCC[N+](C)(C)C
400.0,0.0,99.0,11.840705,0.0,0.033144847,0.0,0.0,26.254887,0.27220914,170.0,168.0,MWW,CCCCCCC[N+](C)(C)C
50.0,1.7179967,99.0,14.484453,0.0,0.15591362,0.06658365,0.0,26.555578,0.25,170.0,168.0,MWW,CCCCCCC[N+](C)(C)C
400.0,0.0,99.0,8.577415,0.0,0.0,0.0638404,0.0,27.272728,0.27782503,170.0,168.0,MWW,CCCCCCC[N+](C)(C)C
400.0,0.0,99.0,6.637466,0.0,0.0,0.06250488,0.0,27.272728,0.26079273,170.0,168.0,MWW,CCCCCCC[N+](C)(C)C
400.0,0.0,99.0,9.765714,0.0,0.046301786,0.033310525,0.0,25.478962,0.27000713,170.0,168.0,MWW,CCCCCCC[N+](C)(C)C
400.0,0.0,99.0,12.339956,0.0,0.09011874,0.03755212,0.0,25.51465,0.2684193,170.0,168.0,MWW,CCCCCCC[N+](C)(C)C
400.0,0.0,99.0,16.666666,0.0,0.0,0.003170726,0.0,27.43489,0.25927302,170.0,168.0,MWW,CCCCCCC[N+](C)(C)C
400.0,0.0,99.0,8.017581,0.0,0.0,0.0,0.0,29.248804,0.26146618,170.0,168.0,MWW,CCCCCCC[N+](C)(C)C
400.0,0.0,99.0,10.0,0.0,0.0,0.03083679,0.0,25.641026,0.25988954,170.0,168.0,MWW,CCCCCCC[N+](C)(C)C
400.0,0.0,99.0,13.029007,0.0,0.056693945,0.05194629,0.0,27.568203,0.26712927,170.0,168.0,MWW,CCCCCCC[N+](C)(C)C
400.0,0.0,99.0,7.065181,0.0,0.05681711,0.0,0.0,27.064785,0.26010397,170.0,168.0,MWW,CCCCCCC[N+](C)(C)C
400.0,0.0,99.0,9.336274,0.0,0.055265315,0.0638404,0.0,27.272728,0.26017898,170.0,168.0,MWW,CCCCCCC[N+](C)(C)C
400.0,0.0,99.0,2.1899483,0.0,0.08771085,0.0,0.0,26.666666,0.27272728,170.0,168.0,MWW,CCCCCCC[N+](C)(C)C
400.0,0.0,99.0,8.766496,0.0,0.03727421,0.0,0.0,26.666666,0.27119496,170.0,168.0,MWW,CCCCCCC[N+](C)(C)C
400.0,0.0,99.0,9.687468,0.0,0.0,0.036480665,0.0,26.666666,0.2563216,170.0,168.0,MWW,CCCCCCC[N+](C)(C)C
400.0,0.0,99.0,13.1646595,0.0,0.0,0.0,0.0,26.666666,0.26448268,170.0,168.0,MWW,CCCCCCC[N+](C)(C)C
400.0,0.0,99.0,7.211134,0.0,0.0,0.0,0.0,26.277792,0.27272728,170.0,168.0,MWW,CCCCCCC[N+](C)(C)C
400.0,0.0,99.0,10.0,0.0,0.0,0.0638404,0.0,26.548208,0.25996533,170.0,168.0,MWW,CCCCCCC[N+](C)(C)C
400.0,0.0,99.0,6.7159934,0.0,0.0,0.04998535,0.0,25.641026,0.27780065,170.0,168.0,MWW,CCCCCCC[N+](C)(C)C
400.0,0.0,99.0,10.0,0.0,0.041718144,0.04801803,0.0,26.662354,0.27744022,170.0,168.0,MWW,CCCCCCC[N+](C)(C)C
400.0,0.0,99.0,8.825548,0.0,0.06094714,0.039875966,0.0,26.38869,0.25996533,170.0,168.0,MWW,CCCCCCC[N+](C)(C)C
400.0,0.0,99.0,6.6,0.0,0.07254373,0.051305555,0.0,27.327673,0.27004376,170.0,168.0,MWW,CCCCCCC[N+](C)(C)C
400.0,0.0,99.0,10.0,0.0,0.09648064,0.0064047864,0.0,28.319168,0.25980935,170.0,168.0,MWW,CCCCCCC[N+](C)(C)C
400.0,0.0,99.0,13.2,0.0,0.09556567,0.061879344,0.0,27.272728,0.27272728,170.0,168.0,MWW,CCCCCCC[N+](C)(C)C
400.0,0.0,99.0,9.18922,0.0,0.060180534,0.08054364,0.0,26.842684,0.27388245,170.0,168.0,MWW,CCCCCCC[N+](C)(C)C
400.0,0.0,99.0,9.0779705,0.0,0.0,0.0,0.0,25.976782,0.28241488,170.0,168.0,MWW,CCCCCCC[N+](C)(C)C
400.0,0.0,99.0,10.0,0.0,0.027148519,0.0,0.0,27.316133,0.2713464,170.0,168.0,MWW,CCCCCCC[N+](C)(C)C
400.0,0.0,99.0,9.469904,0.0,0.0,0.0,0.0,25.710546,0.288199,170.0,168.0,MWW,CCCCCCC[N+](C)(C)C
400.0,0.0,99.0,8.207782,0.0,0.04951823,0.0,0.0,25.511839,0.26031744,170.0,168.0,MWW,CCCCCCC[N+](C)(C)C
400.0,0.0,99.0,12.612899,0.0,0.035440706,0.0,0.0,25.0,0.2791012,170.0,168.0,MWW,CCCCCCC[N+](C)(C)C
400.0,0.0,99.0,10.0,0.0,0.09670149,0.087253086,0.0,25.641026,0.2777778,170.0,168.0,MWW,CCCCCCC[N+](C)(C)C
400.0,0.0,99.0,9.091,0.0,0.0,0.0,0.0,27.063728,0.27179816,170.0,168.0,MWW,CCCCCCC[N+](C)(C)C
400.0,0.0,99.0,5.010403,0.0,0.042991076,0.055720143,0.0,26.27796,0.26719925,170.0,168.0,MWW,CCCCCCC[N+](C)(C)C
400.0,0.0,99.0,10.694332,0.0,0.071254835,0.056277495,0.0,28.35121,0.26771873,170.0,168.0,MWW,CCCCCCC[N+](C)(C)C
400.0,0.0,99.0,6.214735,0.0,0.045809466,0.025612198,0.0,25.985874,0.27272728,170.0,168.0,MWW,CCCCCCC[N+](C)(C)C
400.0,0.0,99.0,9.588576,0.0,0.017238908,0.0,0.0,25.641026,0.2603264,170.0,168.0,MWW,CCCCCCC[N+](C)(C)C
400.0,0.0,99.0,10.0,0.0,0.0,0.0,0.0,25.847336,0.25,170.0,168.0,MWW,CCCCCCC[N+](C)(C)C
400.0,0.0,99.0,3.2107608,0.0,0.06124808,0.0,0.0,26.625912,0.26470077,170.0,168.0,MWW,CCCCCCC[N+](C)(C)C
400.0,0.0,99.0,9.091,0.0,0.022673128,0.05544143,0.0,26.501207,0.2564471,170.0,168.0,MWW,CCCCCCC[N+](C)(C)C
400.0,0.0,99.0,13.2,0.0,0.0,0.04614011,0.0,25.641026,0.25,170.0,168.0,MWW,CCCCCCC[N+](C)(C)C
400.0,0.0,99.0,7.2793183,0.0,0.0,0.039935946,0.0,25.641026,0.28109172,170.0,168.0,MWW,CCCCCCC[N+](C)(C)C
400.0,0.0,99.0,2.0901415,0.0,0.0,0.02439547,0.0,26.73509,0.26021707,170.0,168.0,MWW,CCCCCCC[N+](C)(C)C
400.0,0.0,99.0,13.2,0.0,0.0,0.022423152,0.0,26.359133,0.2580016,170.0,168.0,MWW,CCCCCCC[N+](C)(C)C
400.0,0.0,99.0,5.64293,0.0,0.0,0.0,0.0,26.219103,0.26020643,170.0,168.0,MWW,CCCCCCC[N+](C)(C)C
400.0,0.0,99.0,13.230925,0.04987531,0.0,0.0,0.0,26.757128,0.27272728,170.0,168.0,MWW,CCCCCCC[N+](C)(C)C
400.0,0.0,99.0,5.7035165,0.0,0.0,0.0,0.0,28.110476,0.2672891,170.0,168.0,MWW,CCCCCCC[N+](C)(C)C
400.0,0.0,99.0,12.511073,0.0,0.044475596,0.0,0.0,27.25484,0.26892242,170.0,168.0,MWW,CCCCCCC[N+](C)(C)C
400.0,0.0,99.0,3.8964832,0.0,0.0966247,0.0,0.0,29.583342,0.2777778,170.0,168.0,MWW,CCCCCCC[N+](C)(C)C
400.0,0.0,99.0,10.0,0.0,0.0,0.0,0.0,24.94452,0.29169828,170.0,168.0,MWW,CCCCCCC[N+](C)(C)C
400.0,0.0,99.0,9.192037,0.0,0.089260936,0.008599384,0.0,25.84834,0.2857143,170.0,168.0,MWW,CCCCCCC[N+](C)(C)C
400.0,0.0,99.0,5.408983,0.0,0.097863,0.035892166,0.0,26.678505,0.26036283,170.0,168.0,MWW,CCCCCCC[N+](C)(C)C
400.0,0.0,99.0,13.182701,0.0,0.0,0.0,0.0,25.87926,0.27792022,170.0,168.0,MWW,CCCCCCC[N+](C)(C)C
400.0,0.0,99.0,7.091501,0.0,0.0,0.0,0.0,25.894878,0.29000366,170.0,168.0,MWW,CCCCCCC[N+](C)(C)C
400.0,0.0,99.0,10.0,0.0,0.0,0.0,0.0,25.0,0.2777778,170.0,168.0,MWW,CCCCCCC[N+](C)(C)C
400.0,0.0,99.0,10.128505,0.0,0.002087874,0.09301554,0.0,27.497171,0.26976818,170.0,168.0,MWW,CCCCCCC[N+](C)(C)C
400.0,0.0,99.0,4.0,0.0,0.0,0.0,0.0,25.641026,0.28344166,170.0,168.0,MWW,CCCCCCC[N+](C)(C)C
400.0,0.0,99.0,10.0,0.0,0.05256438,0.013837628,0.0,27.077955,0.29292035,170.0,168.0,MWW,CCCCCCC[N+](C)(C)C
400.0,0.0,99.0,6.930989,0.0,0.002483187,0.06919265,0.0,29.109571,0.26712686,170.0,168.0,MWW,CCCCCCC[N+](C)(C)C
400.0,0.0,99.0,4.04489,0.0,0.0,0.0,0.0,25.0,0.2857143,170.0,168.0,MWW,CCCCCCC[N+](C)(C)C
400.0,0.0,99.0,16.563992,0.0,0.058088217,0.049512032,0.0,26.666666,0.2607508,170.0,168.0,MWW,CCCCCCC[N+](C)(C)C
400.0,0.0,99.0,4.0327215,0.0,0.03617189,0.0638404,0.0,26.694294,0.27272728,170.0,168.0,MWW,CCCCCCC[N+](C)(C)C
400.0,0.0,99.0,6.6629605,0.0,0.095601924,0.0,0.0,26.554617,0.28137398,170.0,168.0,MWW,CCCCCCC[N+](C)(C)C
400.0,0.0,99.0,10.0,0.0,0.054950327,0.01276166,0.0,27.100832,0.2698804,170.0,168.0,MWW,CCCCCCC[N+](C)(C)C
400.0,0.0,99.0,18.018847,0.0,0.09266129,0.060022462,0.0,26.045837,0.2704753,170.0,168.0,MWW,CCCCCCC[N+](C)(C)C
400.0,0.0,99.0,10.776028,0.0,0.0,0.0,0.0,25.654604,0.26224297,170.0,168.0,MWW,CCCCCCC[N+](C)(C)C
400.0,0.0,99.0,8.953803,0.0,0.02064815,0.07992646,0.0,25.641026,0.2785832,170.0,168.0,MWW,CCCCCCC[N+](C)(C)C
400.0,0.0,99.0,12.459008,0.0,0.0,0.0,0.0,27.272728,0.25954622,170.0,168.0,MWW,CCCCCCC[N+](C)(C)C
400.0,0.0,99.0,7.1485977,0.0,0.010233101,0.039904613,0.0,25.960398,0.2695267,170.0,168.0,MWW,CCCCCCC[N+](C)(C)C
400.0,0.0,99.0,6.5941887,0.0,0.015475949,0.0,0.0,26.668924,0.2673386,170.0,168.0,MWW,CCCCCCC[N+](C)(C)C
400.0,0.0,99.0,8.530555,0.0,0.03261184,0.049775817,0.0,26.666666,0.27272728,170.0,168.0,MWW,CCCCCCC[N+](C)(C)C
400.0,0.0,99.0,8.902451,0.0,0.03602214,0.03886041,0.0,27.351694,0.2772039,170.0,168.0,MWW,CCCCCCC[N+](C)(C)C
400.0,0.0,99.0,10.0,0.0,0.03609817,0.030102666,0.0,26.216843,0.27272728,170.0,168.0,MWW,CCCCCCC[N+](C)(C)C
400.0,0.0,99.0,11.875678,0.0,0.042658657,0.049972862,0.0,29.05444,0.25996533,170.0,168.0,MWW,CCCCCCC[N+](C)(C)C
400.0,0.0,99.0,4.2498994,0.0,0.1,0.0,0.0,26.666666,0.27272728,170.0,168.0,MWW,CCCCCCC[N+](C)(C)C
400.0,0.0,99.0,6.016021,0.0,0.019372227,0.03992018,0.0,26.024155,0.2777778,170.0,168.0,MWW,CCCCCCC[N+](C)(C)C
400.0,0.0,99.0,7.320923,0.0,0.09384349,0.013817196,0.0,27.481928,0.2779156,170.0,168.0,MWW,CCCCCCC[N+](C)(C)C
400.0,0.0,99.0,10.0,0.0,0.0,0.04024877,0.0,28.351683,0.25935474,170.0,168.0,MWW,CCCCCCC[N+](C)(C)C
400.0,0.0,99.0,6.6,0.0,0.09695636,0.0,0.0,27.279663,0.27001095,170.0,168.0,MWW,CCCCCCC[N+](C)(C)C
400.0,0.0,99.0,10.0,0.0,0.04885498,0.048881985,0.0,29.522955,0.28086174,170.0,168.0,MWW,CCCCCCC[N+](C)(C)C
400.0,0.0,99.0,6.570089,0.068779446,0.0,0.0,0.0,25.641026,0.27001542,170.0,168.0,MWW,CCCCCCC[N+](C)(C)C
400.0,0.0,99.0,9.091,0.0,0.0014710869,0.047090355,0.0,26.666666,0.27737647,170.0,168.0,MWW,CCCCCCC[N+](C)(C)C
400.0,0.0,99.0,10.0,0.0,0.0006902198,0.0,0.0,28.08865,0.2717009,170.0,168.0,MWW,CCCCCCC[N+](C)(C)C
400.0,0.0,99.0,4.4980087,0.0,0.0574202,0.0,0.0,26.666666,0.2698997,170.0,168.0,MWW,CCCCCCC[N+](C)(C)C
400.0,0.0,99.0,2.3418756,0.0,0.047631506,0.036398355,0.0,26.666666,0.25996533,170.0,168.0,MWW,CCCCCCC[N+](C)(C)C
400.0,0.0,99.0,12.914002,0.0,0.053425808,0.08206003,0.0,26.850807,0.28810367,170.0,168.0,MWW,CCCCCCC[N+](C)(C)C
400.0,0.0,99.0,8.311301,0.0,0.015720002,0.00093632983,0.0,25.641026,0.26607662,170.0,168.0,MWW,CCCCCCC[N+](C)(C)C
400.0,0.0,99.0,10.0,0.0,0.0,0.034632925,0.0,27.004507,0.27272728,170.0,168.0,MWW,CCCCCCC[N+](C)(C)C
400.0,0.0,99.0,9.091,0.0,0.004285927,0.039755885,0.0,27.512892,0.26353428,170.0,168.0,MWW,CCCCCCC[N+](C)(C)C
400.0,0.0,99.0,10.0,0.0,0.028453026,0.039856266,0.0,25.952644,0.27272728,170.0,168.0,MWW,CCCCCCC[N+](C)(C)C
400.0,0.0,99.0,8.669988,0.0,0.054728806,0.054070834,0.0,28.082258,0.25508448,170.0,168.0,MWW,CCCCCCC[N+](C)(C)C
400.0,0.0,99.0,11.471248,0.0,0.13840641,0.040450737,0.0,29.082207,0.26036397,170.0,168.0,MWW,CCCCCCC[N+](C)(C)C
400.0,0.0,99.0,12.668874,0.0,0.07046991,0.04999938,0.0,27.272728,0.26137733,170.0,168.0,MWW,CCCCCCC[N+](C)(C)C
400.0,0.0,99.0,9.659189,0.0,0.08948708,0.066387296,0.0,27.277378,0.2808468,170.0,168.0,MWW,CCCCCCC[N+](C)(C)C
400.0,0.0,99.0,12.450512,0.0,0.056917224,0.03611975,0.0,28.45309,0.26384336,170.0,168.0,MWW,CCCCCCC[N+](C)(C)C
400.0,0.0,99.0,6.214587,0.0,0.054481894,0.03186738,0.0,29.44264,0.27272728,170.0,168.0,MWW,CCCCCCC[N+](C)(C)C
400.0,0.0,99.0,4.0838842,0.0,0.09752481,0.023792295,0.0,29.925186,0.27729765,170.0,168.0,MWW,CCCCCCC[N+](C)(C)C
400.0,0.0,99.0,12.107626,0.0,0.0,0.030351365,0.0,27.302345,0.25,170.0,168.0,MWW,CCCCCCC[N+](C)(C)C
400.0,0.0,99.0,13.193347,0.0,0.0,0.055481248,0.0,28.526987,0.27272728,170.0,168.0,MWW,CCCCCCC[N+](C)(C)C
400.0,0.0,99.0,5.001704,0.0,0.033407953,0.07012062,0.0,28.382118,0.27272728,170.0,168.0,MWW,CCCCCCC[N+](C)(C)C
400.0,0.0,99.0,9.091,0.0,0.08989344,0.049985822,0.0,27.272728,0.2520704,170.0,168.0,MWW,CCCCCCC[N+](C)(C)C
400.0,0.0,99.0,5.4325027,0.0,0.0,0.0,0.0,27.272728,0.25297648,170.0,168.0,MWW,CCCCCCC[N+](C)(C)C
40.0,1.7179967,99.0,9.9877,0.0,0.07359775,0.047842626,0.0,28.584543,0.25,170.0,168.0,MWW,CCCCCCC[N+](C)(C)C
400.0,0.0,99.0,16.666666,0.0,0.0,0.0,0.0,27.272728,0.25996533,170.0,168.0,MWW,CCCCCCC[N+](C)(C)C
400.0,0.0,99.0,6.5650373,0.0,0.0073205275,0.045174092,0.0,28.169905,0.25996533,170.0,168.0,MWW,CCCCCCC[N+](C)(C)C
400.0,0.0,99.0,250.0,0.0,0.09001157,0.24140693,0.0,29.383123,0.2802736,170.0,168.0,MWW,CCCCCCC[N+](C)(C)C
400.0,0.0,99.0,12.06126,0.0,0.0,0.054067362,0.0,26.666666,0.28019404,170.0,168.0,MWW,CCCCCCC[N+](C)(C)C
400.0,0.0,99.0,13.093377,0.0,0.092978485,0.0,0.0,28.189234,0.26044393,170.0,168.0,MWW,CCCCCCC[N+](C)(C)C
400.0,0.0,99.0,6.6,0.080063336,0.0,0.0,0.0,25.641026,0.2521742,170.0,168.0,MWW,CCCCCCC[N+](C)(C)C
400.0,0.0,99.0,5.5492854,0.0,0.051872954,0.047746055,0.0,26.808828,0.26448268,170.0,168.0,MWW,CCCCCCC[N+](C)(C)C
400.0,0.0,99.0,13.0969305,0.0,0.04193546,0.0,0.0,25.641026,0.26717907,170.0,168.0,MWW,CCCCCCC[N+](C)(C)C
400.0,0.0,99.0,13.293164,0.0,0.07047945,0.02450023,0.0,26.537418,0.27174038,170.0,168.0,MWW,CCCCCCC[N+](C)(C)C
400.0,0.0,99.0,9.025098,0.0,0.13738939,0.033118952,0.0,26.838564,0.27925044,170.0,168.0,MWW,CCCCCCC[N+](C)(C)C
400.0,0.0,99.0,13.07994,0.0,0.01592873,0.080460496,0.0,25.706318,0.27272728,170.0,168.0,MWW,CCCCCCC[N+](C)(C)C
400.0,0.0,99.0,10.0,0.0,0.0,0.031730648,0.0,26.584661,0.2588927,170.0,168.0,MWW,CCCCCCC[N+](C)(C)C
400.0,0.0,99.0,10.0,0.0,0.0,0.0,0.0,27.272728,0.27949798,170.0,168.0,MWW,CCCCCCC[N+](C)(C)C
400.0,0.0,99.0,5.0853186,0.0,0.027306383,0.06252682,0.0,25.641026,0.25963682,170.0,168.0,MWW,CCCCCCC[N+](C)(C)C
400.0,0.0,99.0,10.0,0.0,0.048289794,0.06388389,0.0,25.7223,0.27959806,170.0,168.0,MWW,CCCCCCC[N+](C)(C)C
400.0,0.0,99.0,10.0,0.0,0.0,0.0674736,0.0,25.641026,0.27193642,170.0,168.0,MWW,CCCCCCC[N+](C)(C)C
400.0,0.0,99.0,6.6,0.0,0.04561349,0.08554457,0.0,27.781448,0.27938786,170.0,168.0,MWW,CCCCCCC[N+](C)(C)C
400.0,0.0,99.0,10.0,0.0,0.06331961,0.047852382,0.0,27.272728,0.27272728,170.0,168.0,MWW,CCCCCCC[N+](C)(C)C
400.0,0.0,99.0,13.2,0.0,0.19415885,0.079848774,0.0,27.431522,0.27272728,170.0,168.0,MWW,CCCCCCC[N+](C)(C)C
400.0,0.0,99.0,10.083936,0.0,0.05103066,0.06364404,0.0,27.086737,0.26463172,170.0,168.0,MWW,CCCCCCC[N+](C)(C)C
400.0,0.0,99.0,9.213738,0.0,0.0008632312,0.01902728,0.0,27.272728,0.25996533,170.0,168.0,MWW,CCCCCCC[N+](C)(C)C
400.0,0.0,99.0,6.649631,0.0,0.0,0.0,0.0,26.137178,0.2799412,170.0,168.0,MWW,CCCCCCC[N+](C)(C)C
400.0,0.0,99.0,9.296556,0.0,0.051207285,0.06251428,0.0,28.094984,0.26443973,170.0,168.0,MWW,CCCCCCC[N+](C)(C)C
400.0,0.0,99.0,10.423283,0.0,0.051943235,0.064041555,0.0,26.666666,0.29152232,170.0,168.0,MWW,CCCCCCC[N+](C)(C)C
400.0,0.0,99.0,8.942911,0.0,0.0936056,0.03883644,0.0,26.471958,0.2802944,170.0,168.0,MWW,CCCCCCC[N+](C)(C)C
400.0,0.0,99.0,4.0,0.0,0.0,0.0,0.0,27.096575,0.27210686,170.0,168.0,MWW,CCCCCCC[N+](C)(C)C
400.0,0.0,99.0,9.586185,0.0,0.045819003,0.0558591,0.0,27.424059,0.27272728,170.0,168.0,MWW,CCCCCCC[N+](C)(C)C
400.0,0.0,99.0,3.367505,0.0,0.0,0.031483766,0.0,26.653444,0.27025262,170.0,168.0,MWW,CCCCCCC[N+](C)(C)C
400.0,0.0,99.0,9.22703,0.0,0.07280835,0.05414416,0.0,27.828773,0.2631536,170.0,168.0,MWW,CCCCCCC[N+](C)(C)C
400.0,0.0,99.0,8.925754,0.0,0.049659003,0.03987882,0.0,25.868326,0.26179183,170.0,168.0,MWW,CCCCCCC[N+](C)(C)C
400.0,0.0,99.0,8.90554,0.0,0.093148656,0.0,0.0,25.639933,0.2666589,170.0,168.0,MWW,CCCCCCC[N+](C)(C)C
400.0,0.0,99.0,10.0,0.0,0.086462654,0.062364038,0.0,27.471914,0.2800749,170.0,168.0,MWW,CCCCCCC[N+](C)(C)C
400.0,0.0,99.0,9.091,0.0,0.035402574,0.041738715,0.0,25.641026,0.25985694,170.0,168.0,MWW,CCCCCCC[N+](C)(C)C
400.0,0.0,99.0,9.482472,0.0,0.0325711,0.06579262,0.0,27.273361,0.27272728,170.0,168.0,MWW,CCCCCCC[N+](C)(C)C
400.0,0.0,99.0,4.73641,0.0,0.05013059,0.0,0.0,27.272728,0.27272728,170.0,168.0,MWW,CCCCCCC[N+](C)(C)C
400.0,0.0,99.0,6.559905,0.0,0.04749277,0.03685859,0.0,26.082726,0.27791697,170.0,168.0,MWW,CCCCCCC[N+](C)(C)C
400.0,0.0,99.0,10.0,0.0,0.1,0.0,0.0,28.122551,0.26580378,170.0,168.0,MWW,CCCCCCC[N+](C)(C)C
400.0,0.0,99.0,4.3281555,0.0,0.006770339,0.0,0.0,29.06945,0.27759093,170.0,168.0,MWW,CCCCCCC[N+](C)(C)C
400.0,0.0,99.0,9.859182,0.0,0.0,0.0653729,0.0,26.666666,0.25704938,170.0,168.0,MWW,CCCCCCC[N+](C)(C)C
400.0,0.0,99.0,13.2,0.0,0.08577897,0.048910588,0.0,27.098015,0.27272728,170.0,168.0,MWW,CCCCCCC[N+](C)(C)C
400.0,0.0,99.0,8.297467,0.0,0.0,0.0,0.0,27.155235,0.25996533,170.0,168.0,MWW,CCCCCCC[N+](C)(C)C
400.0,0.0,99.0,10.0,0.044574693,0.0,0.098580875,0.0,28.141333,0.25252524,170.0,168.0,MWW,CCCCCCC[N+](C)(C)C
400.0,0.0,99.0,6.7579927,0.0,0.09633688,0.066276535,0.0,28.64805,0.27272728,170.0,168.0,MWW,CCCCCCC[N+](C)(C)C
400.0,0.0,99.0,9.091,0.0,0.082797654,0.07763716,0.0,27.272728,0.25641027,170.0,168.0,MWW,CCCCCCC[N+](C)(C)C
400.0,0.0,99.0,10.0,0.0,0.0,0.0,0.0,26.602318,0.2695461,170.0,168.0,MWW,CCCCCCC[N+](C)(C)C
400.0,0.0,99.0,10.9495125,0.0,0.08664275,0.05649443,0.0,26.717598,0.27973714,170.0,168.0,MWW,CCCCCCC[N+](C)(C)C
400.0,0.0,99.0,8.990193,0.0,0.09121713,0.046916123,0.0,28.173317,0.26080695,170.0,168.0,MWW,CCCCCCC[N+](C)(C)C
400.0,0.0,99.0,10.0,0.0,0.08165491,0.062508,0.0,26.235575,0.2602078,170.0,168.0,MWW,CCCCCCC[N+](C)(C)C
400.0,0.0,99.0,8.58699,0.0,0.0,0.0,0.0,26.666666,0.28175262,170.0,168.0,MWW,CCCCCCC[N+](C)(C)C
400.0,0.0,99.0,9.046831,0.0,0.043863237,0.026326783,0.0,26.990963,0.27797168,170.0,168.0,MWW,CCCCCCC[N+](C)(C)C
400.0,0.0,99.0,11.976468,0.0,0.12347766,0.0,0.0,28.576168,0.25635,170.0,168.0,MWW,CCCCCCC[N+](C)(C)C
400.0,0.0,99.0,9.423606,0.0,0.018423846,0.0638404,0.0,26.666666,0.2667944,170.0,168.0,MWW,CCCCCCC[N+](C)(C)C
400.0,0.0,99.0,10.0,0.0,0.09611885,0.0074484935,0.0,26.990705,0.28058562,170.0,168.0,MWW,CCCCCCC[N+](C)(C)C
400.0,0.0,99.0,10.0,0.0,0.09685931,0.059954938,0.0,28.638943,0.27985355,170.0,168.0,MWW,CCCCCCC[N+](C)(C)C
400.0,0.0,99.0,10.0,0.0,0.039751027,0.015935624,0.0,27.318583,0.2658609,170.0,168.0,MWW,CCCCCCC[N+](C)(C)C
400.0,0.0,99.0,7.943698,0.0,0.0,0.06664978,0.0,27.272728,0.2700975,170.0,168.0,MWW,CCCCCCC[N+](C)(C)C
400.0,0.0,99.0,10.0,0.0,0.09152435,0.023924092,0.0,26.760498,0.2723566,170.0,168.0,MWW,CCCCCCC[N+](C)(C)C
400.0,0.0,99.0,10.0,0.0,0.021790441,0.0,0.0,27.284739,0.27272728,170.0,168.0,MWW,CCCCCCC[N+](C)(C)C
400.0,0.0,99.0,6.6119494,0.0,0.0,0.0,0.0,25.0,0.27063698,170.0,168.0,MWW,CCCCCCC[N+](C)(C)C
400.0,0.0,99.0,9.890075,0.0,0.088357836,0.054682016,0.0,26.579992,0.2762764,170.0,168.0,MWW,CCCCCCC[N+](C)(C)C
400.0,0.0,99.0,10.0,0.0,0.0019866477,0.014949977,0.0,29.70297,0.27006075,170.0,168.0,MWW,CCCCCCC[N+](C)(C)C
400.0,0.0,99.0,13.049757,0.0,0.0,0.0,0.0,29.8698,0.28877807,170.0,168.0,MWW,CCCCCCC[N+](C)(C)C
400.0,0.0,99.0,6.705741,0.0,0.04792917,0.030920355,0.0,27.905617,0.2672095,170.0,168.0,MWW,CCCCCCC[N+](C)(C)C
400.0,0.0,99.0,9.616159,0.0,0.049516123,0.04998267,0.0,28.683495,0.2857143,170.0,168.0,MWW,CCCCCCC[N+](C)(C)C
400.0,0.0,99.0,8.885124,0.0,0.0,0.06769215,0.0,27.057068,0.2701871,170.0,168.0,MWW,CCCCCCC[N+](C)(C)C
400.0,0.0,99.0,10.0,0.0,0.09671782,0.060487766,0.0,26.666666,0.28076705,170.0,168.0,MWW,CCCCCCC[N+](C)(C)C
400.0,0.0,99.0,10.94853,0.0,0.0,0.036504034,0.0,28.29303,0.26346654,170.0,168.0,MWW,CCCCCCC[N+](C)(C)C
400.0,0.0,99.0,9.836368,0.0,0.018687166,0.0,0.0,26.407818,0.25503466,170.0,168.0,MWW,CCCCCCC[N+](C)(C)C
400.0,0.0,99.0,10.0,0.0,0.0104921395,0.0478173,0.0,26.06706,0.27947235,170.0,168.0,MWW,CCCCCCC[N+](C)(C)C
400.0,0.0,99.0,12.237752,0.0,0.010531745,0.012964993,0.0,25.641026,0.2802796,170.0,168.0,MWW,CCCCCCC[N+](C)(C)C
400.0,0.0,99.0,10.0,0.0,0.091486834,0.03186899,0.0,26.666666,0.26776794,170.0,168.0,MWW,CCCCCCC[N+](C)(C)C
400.0,0.0,99.0,6.6045604,0.0,0.063255504,0.024828017,0.0,25.590553,0.25996533,170.0,168.0,MWW,CCCCCCC[N+](C)(C)C
400.0,0.0,99.0,13.276949,0.0,0.069011204,0.06982268,0.0,27.030947,0.27000228,170.0,168.0,MWW,CCCCCCC[N+](C)(C)C
400.0,0.0,99.0,9.091,0.0,0.01168029,0.0,0.0,25.990522,0.2809111,170.0,168.0,MWW,CCCCCCC[N+](C)(C)C
400.0,0.0,99.0,13.2,0.0,0.0,0.0,0.0,26.197737,0.26925927,170.0,168.0,MWW,CCCCCCC[N+](C)(C)C
400.0,0.0,99.0,11.719313,0.0,0.051817387,0.0,0.0,25.641026,0.263839,170.0,168.0,MWW,CCCCCCC[N+](C)(C)C
400.0,0.0,99.0,6.6,0.0,0.0,0.048061684,0.0,28.22831,0.29002053,170.0,168.0,MWW,CCCCCCC[N+](C)(C)C
400.0,0.0,99.0,11.795213,0.0,0.06864977,0.013848343,0.0,26.344475,0.25641027,170.0,168.0,MWW,CCCCCCC[N+](C)(C)C
400.0,0.0,99.0,12.499305,0.0,0.0,0.064170554,0.0,28.862999,0.25996533,170.0,168.0,MWW,CCCCCCC[N+](C)(C)C
400.0,0.0,99.0,11.942805,0.0,0.0,0.039912205,0.0,26.666666,0.27272728,170.0,168.0,MWW,CCCCCCC[N+](C)(C)C
400.0,0.0,99.0,10.0,0.0,0.0,0.040248472,0.0,27.272728,0.28344333,170.0,168.0,MWW,CCCCCCC[N+](C)(C)C
400.0,0.0,99.0,12.447414,0.0,0.08586523,0.050511412,0.0,27.272728,0.26068234,170.0,168.0,MWW,CCCCCCC[N+](C)(C)C
400.0,0.0,99.0,10.0,0.0,0.09081488,0.038251355,0.0,28.767103,0.27272728,170.0,168.0,MWW,CCCCCCC[N+](C)(C)C
400.0,0.0,99.0,10.0,0.0,0.061308518,0.058967944,0.0,27.272728,0.26787952,170.0,168.0,MWW,CCCCCCC[N+](C)(C)C
400.0,0.0,99.0,10.0,0.0,0.04404863,0.0048660208,0.0,26.666666,0.26192045,170.0,168.0,MWW,CCCCCCC[N+](C)(C)C
400.0,0.0,99.0,6.6,0.0,0.13829026,0.039900836,0.0,25.641026,0.25996533,170.0,168.0,MWW,CCCCCCC[N+](C)(C)C
400.0,0.0,99.0,10.0,0.0,0.066069245,0.09525161,0.0,27.272728,0.27272728,170.0,168.0,MWW,CCCCCCC[N+](C)(C)C
400.0,0.0,99.0,15.332719,0.0,0.048774842,0.06421265,0.0,26.305492,0.25936484,170.0,168.0,MWW,CCCCCCC[N+](C)(C)C
400.0,0.0,99.0,9.364332,0.0,0.09024806,0.01232933,0.0,26.299892,0.26481217,170.0,168.0,MWW,CCCCCCC[N+](C)(C)C
400.0,0.0,99.0,13.796492,0.0,0.0,0.034214277,0.0,27.395042,0.25221732,170.0,168.0,MWW,CCCCCCC[N+](C)(C)C
400.0,0.0,99.0,5.7115636,0.0,0.0035409245,0.0,0.0,26.147114,0.27553868,170.0,168.0,MWW,CCCCCCC[N+](C)(C)C
400.0,0.0,99.0,6.6,0.0,0.094605625,0.041517537,0.0,27.957518,0.25,170.0,168.0,MWW,CCCCCCC[N+](C)(C)C
400.0,0.0,99.0,6.5464935,0.0,0.023818923,0.017523829,0.0,28.311535,0.2714772,170.0,168.0,MWW,CCCCCCC[N+](C)(C)C
400.0,0.0,99.0,10.0,0.0,0.042490672,0.06388461,0.0,26.658863,0.27272728,170.0,168.0,MWW,CCCCCCC[N+](C)(C)C
400.0,0.0,99.0,9.9646225,0.0,0.060177196,0.045628153,0.0,29.079453,0.27272728,170.0,168.0,MWW,CCCCCCC[N+](C)(C)C
400.0,0.0,99.0,10.0,0.0,0.06070111,0.0,0.0,28.083593,0.29,170.0,168.0,MWW,CCCCCCC[N+](C)(C)C
400.0,0.0,99.0,9.091,0.0,0.040800843,0.009128401,0.0,25.707138,0.25252524,170.0,168.0,MWW,CCCCCCC[N+](C)(C)C
400.0,0.0,99.0,10.0,0.0,0.047364812,0.0,0.0,26.660309,0.259735,170.0,168.0,MWW,CCCCCCC[N+](C)(C)C
400.0,0.0,99.0,9.5327835,0.0,0.098454714,0.05412926,0.0,29.85861,0.2683143,170.0,168.0,MWW,CCCCCCC[N+](C)(C)C
400.0,0.0,99.0,6.6,0.0,0.012804216,0.0,0.0,26.666666,0.2673563,170.0,168.0,MWW,CCCCCCC[N+](C)(C)C
400.0,0.0,99.0,10.0,0.0,0.09773952,0.035080794,0.0,29.70297,0.26300672,170.0,168.0,MWW,CCCCCCC[N+](C)(C)C
400.0,0.0,99.0,9.232321,0.0,0.026015453,0.06472951,0.0,27.815884,0.27272728,170.0,168.0,MWW,CCCCCCC[N+](C)(C)C
400.0,0.0,99.0,9.091,0.0,0.0,0.0,0.0,26.800203,0.27451354,170.0,168.0,MWW,CCCCCCC[N+](C)(C)C
400.0,0.0,99.0,10.0,0.0,0.08947169,0.046747632,0.0,27.267645,0.27272728,170.0,168.0,MWW,CCCCCCC[N+](C)(C)C
400.0,0.0,99.0,8.559093,0.0,0.096479304,0.0799851,0.0,27.190302,0.27069739,170.0,168.0,MWW,CCCCCCC[N+](C)(C)C
400.0,0.0,99.0,6.326975,0.0,0.053705838,0.03772154,0.0,25.689995,0.2868048,170.0,168.0,MWW,CCCCCCC[N+](C)(C)C
400.0,0.0,99.0,10.0,0.0,0.100287385,0.0012767306,0.0,27.289875,0.27768087,170.0,168.0,MWW,CCCCCCC[N+](C)(C)C
400.0,0.0,99.0,10.0,0.0,0.0,0.06429227,0.0,27.731043,0.28099516,170.0,168.0,MWW,CCCCCCC[N+](C)(C)C
400.0,0.0,99.0,8.48803,0.0,0.05798204,0.0,0.0,25.301672,0.26712853,170.0,168.0,MWW,CCCCCCC[N+](C)(C)C
400.0,0.0,99.0,10.0,0.0,0.0,0.03656038,0.0,26.666666,0.29411766,170.0,168.0,MWW,CCCCCCC[N+](C)(C)C
400.0,0.0,99.0,10.0,0.0,0.050948232,0.0,0.0,26.963043,0.2712769,170.0,168.0,MWW,CCCCCCC[N+](C)(C)C
400.0,0.0,99.0,3.9423528,0.0,0.12733985,0.004956755,0.0,26.756577,0.2777778,170.0,168.0,MWW,CCCCCCC[N+](C)(C)C
400.0,0.0,99.0,13.206892,0.0,0.1,0.0806386,0.0,28.13915,0.26557925,170.0,168.0,MWW,CCCCCCC[N+](C)(C)C
400.0,0.0,99.0,9.593609,0.0,0.032762915,0.021779817,0.0,25.641026,0.26754123,170.0,168.0,MWW,CCCCCCC[N+](C)(C)C
400.0,0.0,99.0,6.509068,0.0,0.06181726,0.12022917,0.0,25.315922,0.27531415,170.0,168.0,MWW,CCCCCCC[N+](C)(C)C
400.0,0.0,99.0,6.6525,0.0,0.030698786,0.04780287,0.0,27.272728,0.27171186,170.0,168.0,MWW,CCCCCCC[N+](C)(C)C
400.0,0.0,99.0,4.9737215,0.0,0.041554995,0.038455747,0.0,26.28467,0.27272728,170.0,168.0,MWW,CCCCCCC[N+](C)(C)C
400.0,0.0,99.0,10.0,0.0,0.01864007,0.061801106,0.0,27.263622,0.2541761,170.0,168.0,MWW,CCCCCCC[N+](C)(C)C
400.0,0.0,99.0,10.941265,0.0,0.0,0.040394664,0.0,26.330616,0.29411766,170.0,168.0,MWW,CCCCCCC[N+](C)(C)C
400.0,0.0,99.0,16.172901,0.0,0.09003635,0.049785428,0.0,26.545715,0.2700305,170.0,168.0,MWW,CCCCCCC[N+](C)(C)C
400.0,0.0,99.0,3.147147,0.0,0.09339876,0.06282622,0.0,26.04169,0.26247966,170.0,168.0,MWW,CCCCCCC[N+](C)(C)C
400.0,0.0,99.0,250.0,0.0,0.13797839,0.18315566,0.0,28.129387,0.25738013,170.0,168.0,MWW,CCCCCCC[N+](C)(C)C
400.0,0.0,99.0,6.6,0.0,0.041703634,0.047277797,0.0,26.565105,0.2777778,170.0,168.0,MWW,CCCCCCC[N+](C)(C)C
400.0,0.0,99.0,9.690429,0.0,0.0,0.024064716,0.0,27.777779,0.2672122,170.0,168.0,MWW,CCCCCCC[N+](C)(C)C
400.0,0.0,99.0,10.0,0.0,0.09623138,0.061816934,0.0,26.659575,0.27015778,170.0,168.0,MWW,CCCCCCC[N+](C)(C)C
400.0,0.0,99.0,10.0,0.0,0.08866657,0.0,0.0,27.060026,0.2624039,170.0,168.0,MWW,CCCCCCC[N+](C)(C)C
400.0,0.0,99.0,6.66883,0.0,0.07602627,0.04798448,0.0,29.130558,0.25968522,170.0,168.0,MWW,CCCCCCC[N+](C)(C)C
400.0,0.0,99.0,9.269565,0.0,0.044241764,0.0,0.0,26.769112,0.2798006,170.0,168.0,MWW,CCCCCCC[N+](C)(C)C
400.0,0.0,99.0,10.358319,0.0,0.06537229,0.074190065,0.0,26.269444,0.26315755,170.0,168.0,MWW,CCCCCCC[N+](C)(C)C
400.0,0.0,99.0,10.0,0.0,0.13045266,0.08095764,0.0,28.094887,0.2655774,170.0,168.0,MWW,CCCCCCC[N+](C)(C)C
400.0,0.0,99.0,10.0,0.0,0.09496075,0.048188712,0.0,28.671013,0.277307,170.0,168.0,MWW,CCCCCCC[N+](C)(C)C
400.0,0.0,99.0,6.484624,0.0,0.08703832,0.0,0.0,25.641026,0.27164763,170.0,168.0,MWW,CCCCCCC[N+](C)(C)C
400.0,0.0,99.0,10.0,0.0,0.03611088,0.0,0.0,25.8514,0.26108205,170.0,168.0,MWW,CCCCCCC[N+](C)(C)C
400.0,0.0,99.0,10.0,0.0,0.04486008,0.0,0.0,25.849852,0.26084548,170.0,168.0,MWW,CCCCCCC[N+](C)(C)C
400.0,0.0,99.0,10.0,0.0,0.042204037,0.039854962,0.0,26.861677,0.27272728,170.0,168.0,MWW,CCCCCCC[N+](C)(C)C
400.0,0.0,99.0,10.0,0.0,0.037208118,0.010428392,0.0,27.272728,0.27239874,170.0,168.0,MWW,CCCCCCC[N+](C)(C)C
400.0,0.0,99.0,10.275284,0.0,0.0980938,0.03521717,0.0,26.82482,0.25487858,170.0,168.0,MWW,CCCCCCC[N+](C)(C)C
400.0,0.0,99.0,4.2598405,0.0,0.047978994,0.0638404,0.0,26.584288,0.25996533,170.0,168.0,MWW,CCCCCCC[N+](C)(C)C
400.0,0.0,99.0,10.803567,0.0,0.03689152,0.09345601,0.0,25.996151,0.27272728,170.0,168.0,MWW,CCCCCCC[N+](C)(C)C
400.0,0.0,99.0,10.0,0.0,0.09055697,0.0,0.0,27.777779,0.25,170.0,168.0,MWW,CCCCCCC[N+](C)(C)C
400.0,0.0,99.0,12.98097,0.0,0.09077567,0.016123636,0.0,26.666666,0.27272728,170.0,168.0,MWW,CCCCCCC[N+](C)(C)C
400.0,0.0,99.0,7.8431835,0.0,0.0,0.0,0.0,26.370485,0.2709613,170.0,168.0,MWW,CCCCCCC[N+](C)(C)C
400.0,0.0,99.0,10.0,0.0,0.0,0.0,0.0,25.853794,0.2702611,170.0,168.0,MWW,CCCCCCC[N+](C)(C)C
400.0,0.0,99.0,250.0,0.0,0.10146628,0.24064659,0.0,29.034292,0.25252524,170.0,168.0,MWW,CCCCCCC[N+](C)(C)C
400.0,0.0,99.0,9.586797,0.0,0.058481682,0.0625444,0.0,26.663294,0.25819105,170.0,168.0,MWW,CCCCCCC[N+](C)(C)C
400.0,0.0,99.0,10.0,0.0,0.0,0.0,0.0,29.62209,0.25972623,170.0,168.0,MWW,CCCCCCC[N+](C)(C)C
400.0,0.0,99.0,8.597359,0.0,0.0,0.040223744,0.0,26.341888,0.27502075,170.0,168.0,MWW,CCCCCCC[N+](C)(C)C
400.0,0.0,99.0,9.029286,0.0,0.0,0.0,0.0,27.324183,0.27716354,170.0,168.0,MWW,CCCCCCC[N+](C)(C)C
400.0,0.0,99.0,10.0,0.0,0.036518533,0.04740506,0.0,27.272728,0.27272728,170.0,168.0,MWW,CCCCCCC[N+](C)(C)C
400.0,0.0,99.0,6.6611733,0.0,0.0,0.05099921,0.0,27.445349,0.27272728,170.0,168.0,MWW,CCCCCCC[N+](C)(C)C
400.0,0.0,99.0,10.710707,0.0,0.05433397,0.05282157,0.0,27.651203,0.27060756,170.0,168.0,MWW,CCCCCCC[N+](C)(C)C
400.0,0.0,99.0,10.0,0.0,0.0,0.0023301414,0.0,26.741043,0.2701853,170.0,168.0,MWW,CCCCCCC[N+](C)(C)C
33.023975,1.7179967,99.0,6.6183653,0.0,0.09042273,0.0,0.0,25.641026,0.25,170.0,168.0,MWW,CCCCCCC[N+](C)(C)C
400.0,0.0,99.0,10.0,0.0,0.00031624388,0.0,0.0,27.357956,0.25641027,170.0,168.0,MWW,CCCCCCC[N+](C)(C)C
400.0,0.0,99.0,9.091,0.0,0.052482687,0.0,0.0,25.641026,0.27272728,170.0,168.0,MWW,CCCCCCC[N+](C)(C)C
400.0,0.0,99.0,4.2275777,0.0,0.01038724,0.06369689,0.0,25.641026,0.28290272,170.0,168.0,MWW,CCCCCCC[N+](C)(C)C
400.0,0.0,99.0,15.354065,0.0,0.0,0.08778055,0.0,25.997175,0.26439494,170.0,168.0,MWW,CCCCCCC[N+](C)(C)C
50.0,1.7179967,99.0,10.453949,0.0,0.13914199,0.06893451,0.0,26.607975,0.25,170.0,168.0,MWW,CCCCCCC[N+](C)(C)C
400.0,0.0,99.0,10.0,0.0,0.09630416,0.017917557,0.0,27.702328,0.2715594,170.0,168.0,MWW,CCCCCCC[N+](C)(C)C
400.0,0.0,99.0,9.336261,0.0,0.01434346,0.0,0.0,27.272728,0.25932112,170.0,168.0,MWW,CCCCCCC[N+](C)(C)C
400.0,0.0,99.0,10.0,0.0,0.0,0.051515214,0.0,26.251152,0.3,170.0,168.0,MWW,CCCCCCC[N+](C)(C)C
400.0,0.0,99.0,10.0,0.0,0.03940055,0.039844565,0.0,29.122688,0.2754648,170.0,168.0,MWW,CCCCCCC[N+](C)(C)C
400.0,0.0,99.0,8.992693,0.0,0.0,0.03998933,0.0,25.641026,0.25315264,170.0,168.0,MWW,CCCCCCC[N+](C)(C)C
400.0,0.0,99.0,10.0,0.0,0.09677725,0.0,0.0,26.640326,0.26084056,170.0,168.0,MWW,CCCCCCC[N+](C)(C)C
400.0,0.0,99.0,10.0,0.0,0.09889132,0.10913659,0.0,27.777779,0.27449363,170.0,168.0,MWW,CCCCCCC[N+](C)(C)C
400.0,0.0,99.0,10.0,0.0,0.0,0.0,0.0,28.77828,0.25252524,170.0,168.0,MWW,CCCCCCC[N+](C)(C)C
400.0,0.0,99.0,13.2,0.0,0.0063496693,0.07428458,0.0,27.356453,0.27272728,170.0,168.0,MWW,CCCCCCC[N+](C)(C)C
400.0,0.0,99.0,13.109465,0.0,0.013225956,0.06172087,0.0,27.117102,0.2793762,170.0,168.0,MWW,CCCCCCC[N+](C)(C)C
400.0,0.0,99.0,9.620608,0.0,0.09161222,0.0,0.0,25.851418,0.27272728,170.0,168.0,MWW,CCCCCCC[N+](C)(C)C
400.0,0.0,99.0,15.837545,0.0,0.0,0.023916217,0.0,28.726856,0.27272728,170.0,168.0,MWW,CCCCCCC[N+](C)(C)C
400.0,0.0,99.0,10.0,0.0,0.0,0.0,0.0,26.666666,0.25592023,170.0,168.0,MWW,CCCCCCC[N+](C)(C)C
400.0,0.0,99.0,10.0,0.0,0.096536204,0.037983038,0.0,26.666666,0.28008455,170.0,168.0,MWW,CCCCCCC[N+](C)(C)C
400.0,0.0,99.0,5.230999,0.0,0.10793795,0.077361286,0.0,27.768408,0.28222433,170.0,168.0,MWW,CCCCCCC[N+](C)(C)C
400.0,0.0,99.0,6.623743,0.0,0.044841416,0.0,0.0,29.152039,0.26004666,170.0,168.0,MWW,CCCCCCC[N+](C)(C)C
400.0,0.0,99.0,12.834957,0.0,0.015141983,0.0,0.0,25.988194,0.25622454,170.0,168.0,MWW,CCCCCCC[N+](C)(C)C
400.0,0.0,99.0,10.0,0.0,0.055093102,0.024017699,0.0,27.272728,0.27732682,170.0,168.0,MWW,CCCCCCC[N+](C)(C)C
400.0,0.0,99.0,10.0,0.0,0.046485107,0.080506824,0.0,25.002394,0.259659,170.0,168.0,MWW,CCCCCCC[N+](C)(C)C
400.0,0.0,99.0,10.0,0.0,0.02351168,0.020637473,0.0,27.173735,0.28591934,170.0,168.0,MWW,CCCCCCC[N+](C)(C)C
400.0,0.0,99.0,9.145568,0.0,0.0,0.030961074,0.0,27.451473,0.26080427,170.0,168.0,MWW,CCCCCCC[N+](C)(C)C
400.0,0.0,99.0,10.0,0.0,0.0,0.044487797,0.0,25.641026,0.2604227,170.0,168.0,MWW,CCCCCCC[N+](C)(C)C
400.0,0.0,99.0,9.487658,0.0,0.039918687,0.030912591,0.0,29.583054,0.27272728,170.0,168.0,MWW,CCCCCCC[N+](C)(C)C
400.0,0.0,99.0,9.091,0.0,0.05180561,0.020388203,0.0,26.908363,0.25996533,170.0,168.0,MWW,CCCCCCC[N+](C)(C)C
400.0,0.0,99.0,10.0,0.0,0.17586587,0.06952168,0.0,27.349058,0.28109157,170.0,168.0,MWW,CCCCCCC[N+](C)(C)C
400.0,0.0,99.0,9.091,0.0,0.0,0.045876,0.0,25.0,0.25252524,170.0,168.0,MWW,CCCCCCC[N+](C)(C)C
400.0,0.0,99.0,9.091,0.0,0.0,0.024890874,0.0,26.307844,0.2794829,170.0,168.0,MWW,CCCCCCC[N+](C)(C)C
400.0,0.0,99.0,12.727596,0.0,0.0,0.028116126,0.0,25.59955,0.27272728,170.0,168.0,MWW,CCCCCCC[N+](C)(C)C
400.0,0.0,99.0,10.0,0.0,0.011618206,0.06690083,0.0,27.272728,0.26884586,170.0,168.0,MWW,CCCCCCC[N+](C)(C)C
400.0,0.0,99.0,9.091,0.0,0.002451099,0.04751535,0.0,25.641026,0.2606592,170.0,168.0,MWW,CCCCCCC[N+](C)(C)C
400.0,0.0,99.0,6.4294114,0.0,0.04171105,0.0,0.0,27.272728,0.2657816,170.0,168.0,MWW,CCCCCCC[N+](C)(C)C
400.0,0.0,99.0,4.0601196,0.0,0.096237324,0.0,0.0,25.983965,0.27272728,170.0,168.0,MWW,CCCCCCC[N+](C)(C)C
400.0,0.0,99.0,10.0,0.0,0.0,0.063816816,0.0,27.975594,0.26037976,170.0,168.0,MWW,CCCCCCC[N+](C)(C)C
400.0,0.0,99.0,10.0,0.0,0.08734195,0.017052542,0.0,29.411764,0.27272728,170.0,168.0,MWW,CCCCCCC[N+](C)(C)C
400.0,0.0,99.0,10.0,0.0,0.057551865,0.0,0.0,26.666666,0.2877475,170.0,168.0,MWW,CCCCCCC[N+](C)(C)C
400.0,0.0,99.0,13.066851,0.0,0.0,0.050472237,0.0,25.089767,0.29017997,170.0,168.0,MWW,CCCCCCC[N+](C)(C)C
400.0,0.0,99.0,10.0,0.0,0.0,0.039883576,0.0,26.665487,0.2777778,170.0,168.0,MWW,CCCCCCC[N+](C)(C)C
400.0,0.0,99.0,9.911221,0.0,0.0898535,0.056118887,0.0,27.272728,0.25,170.0,168.0,MWW,CCCCCCC[N+](C)(C)C
400.0,0.0,99.0,10.0,0.0,0.0,0.047919184,0.0,27.237984,0.26838762,170.0,168.0,MWW,CCCCCCC[N+](C)(C)C
400.0,0.0,99.0,6.6506095,0.0,0.099865794,0.03944362,0.0,27.31121,0.2777778,170.0,168.0,MWW,CCCCCCC[N+](C)(C)C
400.0,0.0,99.0,10.0,0.0,0.0,0.07589552,0.0,26.423447,0.27272728,170.0,168.0,MWW,CCCCCCC[N+](C)(C)C
400.0,0.0,99.0,10.0,0.0,0.04153049,0.019846298,0.0,25.996319,0.25,170.0,168.0,MWW,CCCCCCC[N+](C)(C)C
400.0,0.0,99.0,4.0,0.0,0.0,0.0,0.0,26.579824,0.28656295,170.0,168.0,MWW,CCCCCCC[N+](C)(C)C
400.0,0.0,99.0,9.669727,0.0,0.050803985,0.023888057,0.0,25.522324,0.25056207,170.0,168.0,MWW,CCCCCCC[N+](C)(C)C
400.0,0.0,99.0,10.0,0.0,0.09346838,0.075502366,0.0,29.62901,0.2771767,170.0,168.0,MWW,CCCCCCC[N+](C)(C)C
400.0,0.0,99.0,8.864067,0.0,0.0,0.0,0.0,26.666666,0.26258743,170.0,168.0,MWW,CCCCCCC[N+](C)(C)C
400.0,0.0,99.0,10.0,0.0,0.083114654,0.09554376,0.0,25.937864,0.27975956,170.0,168.0,MWW,CCCCCCC[N+](C)(C)C
400.0,0.0,99.0,10.0,0.0,0.04871342,0.0034291325,0.0,27.30879,0.2777778,170.0,168.0,MWW,CCCCCCC[N+](C)(C)C
400.0,0.0,99.0,6.5246243,0.0,0.0,0.0,0.0,25.0,0.28133306,170.0,168.0,MWW,CCCCCCC[N+](C)(C)C
400.0,1.7179967,99.0,6.726268,0.0,0.07074883,0.03432359,0.0,29.319773,0.25,170.0,168.0,MWW,CCCCCCC[N+](C)(C)C
400.0,0.0,99.0,6.6158133,0.0,0.0,0.0,0.0,25.678667,0.28055283,170.0,168.0,MWW,CCCCCCC[N+](C)(C)C
400.0,0.0,99.0,6.4910917,0.0,0.09227651,0.0,0.0,27.482065,0.28102252,170.0,168.0,MWW,CCCCCCC[N+](C)(C)C
400.0,0.0,99.0,6.5056963,0.0,0.03173764,0.024261614,0.0,26.659079,0.26216966,170.0,168.0,MWW,CCCCCCC[N+](C)(C)C
400.0,0.0,99.0,4.055925,0.0,0.09635796,0.033015262,0.0,27.272728,0.2672137,170.0,168.0,MWW,CCCCCCC[N+](C)(C)C
400.0,0.0,99.0,12.229495,0.0,0.0,0.0,0.0,28.103916,0.25943667,170.0,168.0,MWW,CCCCCCC[N+](C)(C)C
400.0,0.0,99.0,10.0,0.0,0.06184931,0.020560794,0.0,26.10605,0.27551118,170.0,168.0,MWW,CCCCCCC[N+](C)(C)C
400.0,0.0,99.0,6.826796,0.0,0.0,0.0638404,0.0,29.103443,0.26001,170.0,168.0,MWW,CCCCCCC[N+](C)(C)C
400.0,0.0,99.0,10.0,0.0,0.0,0.0,0.0,27.272728,0.25436524,170.0,168.0,MWW,CCCCCCC[N+](C)(C)C
400.0,0.0,99.0,10.0,0.0,1.47144e-05,0.024550654,0.0,26.804022,0.2700141,170.0,168.0,MWW,CCCCCCC[N+](C)(C)C
400.0,0.0,99.0,9.627268,0.0,0.0,0.0,0.0,25.641026,0.26240402,170.0,168.0,MWW,CCCCCCC[N+](C)(C)C
400.0,0.0,99.0,10.0,0.0,0.04565559,0.051023968,0.0,27.272728,0.2629281,170.0,168.0,MWW,CCCCCCC[N+](C)(C)C
400.0,0.0,99.0,6.711769,0.0,0.09208674,0.039910845,0.0,26.577654,0.27272728,170.0,168.0,MWW,CCCCCCC[N+](C)(C)C
400.0,0.0,99.0,9.905131,0.0,0.0,0.079330236,0.0,29.490213,0.27786127,170.0,168.0,MWW,CCCCCCC[N+](C)(C)C
400.0,0.0,99.0,10.0,0.0,0.03591029,0.023890518,0.0,27.19547,0.27743477,170.0,168.0,MWW,CCCCCCC[N+](C)(C)C
400.0,0.0,99.0,17.39296,0.0,0.0,0.04725638,0.0,27.28373,0.2774954,170.0,168.0,MWW,CCCCCCC[N+](C)(C)C
400.0,0.0,99.0,17.212538,0.0,0.0,0.04996527,0.0,28.750572,0.27272728,170.0,168.0,MWW,CCCCCCC[N+](C)(C)C
400.0,0.0,99.0,10.0,0.0,0.0,0.0,0.0,26.979591,0.28682408,170.0,168.0,MWW,CCCCCCC[N+](C)(C)C
400.0,0.0,99.0,10.0,0.0,0.09830778,0.0,0.0,26.578516,0.2628763,170.0,168.0,MWW,CCCCCCC[N+](C)(C)C
400.0,0.0,99.0,5.3470206,0.0,0.054800928,0.0,0.0,27.272728,0.27091596,170.0,168.0,MWW,CCCCCCC[N+](C)(C)C
400.0,0.0,99.0,9.091,0.0,0.0013346295,0.059680723,0.0,28.290653,0.27272728,170.0,168.0,MWW,CCCCCCC[N+](C)(C)C
400.0,0.0,99.0,9.091,0.0,0.0055168937,0.0024246427,0.0,28.608828,0.25996533,170.0,168.0,MWW,CCCCCCC[N+](C)(C)C
400.0,0.0,99.0,8.356325,0.0,0.0,0.017582547,0.0,26.960869,0.25997093,170.0,168.0,MWW,CCCCCCC[N+](C)(C)C
400.0,0.0,99.0,10.0,0.0,0.0,0.06370465,0.0,26.571135,0.27994102,170.0,168.0,MWW,CCCCCCC[N+](C)(C)C
