cryst_time,total_cost
2.8980734,52.77146964118525
4.0,52.296553989135006
4.953171,51.34450668393585
2.8187296,50.93264482259461
4.0,50.88130227991688
4.0,50.6805189958241
4.0,50.54597835394772
4.0,50.533987274177896
4.0,50.38737324994579
4.9010067,50.33847347505538
4.0,50.27955815200446
2.613746,50.251915805448895
2.613746,50.251915805448895
4.0,50.09321400036379
2.8064783,50.03091772788351
4.0,49.91781246411425
4.0,49.856242007892504
5.0,49.7228580912965
2.767357,49.71314715844977
4.0,49.52367692649884
3.0,49.42344737758355
4.0,49.12332600996557
4.0,49.10854526406391
3.0,49.0896066347463
3.0,49.05630384332481
3.0,48.965547057125626
5.165166,48.93337204168457
4.0,48.829856394966654
4.049741,48.76328939580919
3.0,48.67848865666667
4.0,48.675639714506126
4.0,48.59646207892342
4.7095804,48.5885713457841
5.0,48.5829391000744
4.200054,48.51629803691729
3.0,48.428710660095874
4.0,48.33521908927206
4.0,48.19308907158203
3.9084766,48.14024873037133
3.0,47.96537489340824
3.0,47.9417399508147
4.0,47.85492403384617
4.0,47.77163654903767
4.0,47.75277141302966
4.0,47.543609209175
4.0,47.5428758483006
4.0,47.54225438
5.0,47.54134088
3.0,47.45165641977371
3.621008,47.335993238970865
4.0,47.24150599210956
3.0,47.23840206497817
4.0,47.212111620023045
4.0,47.09438235844507
4.0,47.08823578406104
4.735585,46.85363567935138
4.0,46.787326024797345
4.0531507,46.78664225333334
4.2813873,46.78640812951614
3.0,46.76027812387627
3.0,46.6836008348975
5.0,46.66534747571978
4.0,46.50669792136507
4.0,46.4957243118521
3.0,46.48613144302977
4.0,46.410831190001495
3.0,46.34372570186987
2.8659043,46.3028168285119
3.0,46.18312661542136
4.774778,46.18294370541464
4.0,46.103675547814404
3.0,45.98449538581058
3.9355397,45.95885156070013
3.0,45.92772310352077
4.775179,45.61340008580576
4.0,45.51206089888228
4.0,45.3831292298495
4.0,45.38309198800745
4.0,45.382798235
5.4949265,45.11618764297405
5.0,44.95199704824128
3.7522304,44.95019605583456
5.0,44.929900732932694
3.7641096,44.66409308270661
4.0,44.661960101778206
4.0,44.4566392086175
4.0,44.33967053124482
4.484507,44.31371566736161
4.5557857,34.59627059886293
4.0,34.58773973814614
2.8920147,34.54902390264421
3.0,34.45686456601432
5.0,34.36880506697739
4.7640176,34.23364878056086
4.0,34.2263208710681
4.4931197,34.03867611263165
4.0,33.818723436658736
4.0,33.80553387932185
3.0,33.656312628143
4.0,33.6544607053262
4.0,33.58047862106817
5.4996605,33.514592836455776
4.0,33.39612723671016
4.0,33.31246243585339
3.6596825,33.184358181122775
4.0,33.16274434013868
5.0,33.146556390200985
5.0,33.12538689593323
4.0,33.0541026413258
4.0,33.0126017928448
3.0,32.92914747408443
5.0088305,32.8922511889292
4.0,32.876426296637604
5.0,32.86404571262913
4.0,32.852295789866666
4.161355,32.82047622409
4.0,32.77608795979338
4.0,32.762984864684206
5.383339,32.75192888369748
5.6562934,32.676871474781
5.0,32.59685998746346
3.0,32.589543752564786
3.3812797,32.497642854104
5.0,32.30891680788565
4.0,32.307643955565844
4.183725,32.26322729106327
4.9595695,31.89551834573317
4.9595695,31.89551834573317
5.2966714,31.88448676609343
5.2966714,31.88448676609343
4.809475,31.805249107159774
4.809475,31.805249107159774
4.7427344,31.7471905798208
4.7427344,31.7471905798208
5.0,31.6567797681516
5.0,31.6567797681516
4.0,31.61429428010271
4.0,31.61429428010271
4.0,31.549989152662132
4.0,31.549989152662132
4.7760534,31.509705240754794
4.7760534,31.509705240754794
3.1368623,31.481408124265602
3.1368623,31.481408124265602
5.5137424,31.3948805324512
5.5137424,31.3948805324512
3.0,31.2554336964365
3.0,31.2554336964365
4.9996567,30.97781816557633
4.9996567,30.97781816557633
4.0,30.882941731072467
4.0,30.882941731072467
4.8858232,30.874775269285426
4.8858232,30.874775269285426
5.0,30.78608354128325
5.0,30.78608354128325
4.0,30.44320245500285
4.0,30.44320245500285
4.6174583,30.44187128246827
4.6174583,30.44187128246827
4.0,30.387229083786668
4.0,30.387229083786668
3.0,30.307695949054555
3.0,30.307695949054555
4.0,30.172683070427
4.0,30.172683070427
4.0,30.150006828597792
4.0,30.150006828597792
4.714024,30.140908820155328
4.714024,30.140908820155328
5.0,30.127066293625955
5.0,30.127066293625955
4.0,29.975613010091838
4.0,29.975613010091838
4.0,29.966563140299
4.0,29.966563140299
3.8311722,29.96588384911475
3.8311722,29.96588384911475
4.0,29.965460682842902
4.0,29.965460682842902
4.0,29.961971100513807
4.0,29.961971100513807
4.0,29.939136344057736
4.0,29.939136344057736
3.0,29.8898764302935
3.0,29.8898764302935
3.5907295,29.796065325628668
3.5907295,29.796065325628668
4.0,29.78500803729245
4.0,29.78500803729245
3.0,29.665345845467836
3.0,29.665345845467836
5.0,29.604940944565033
5.0,29.604940944565033
5.0,29.471605435058763
5.0,29.471605435058763
4.0,29.395721466475887
4.0,29.395721466475887
4.0,29.31735743666667
4.0,29.31735743666667
4.0,29.31533039080866
4.0,29.31533039080866
4.7513857,29.173222793757002
4.7513857,29.173222793757002
4.0,29.16976156167487
4.0,29.16976156167487
5.2965817,29.15684216038179
5.2965817,29.15684216038179
4.0,29.15155730248012
4.0,29.15155730248012
5.3483863,29.144643082242354
5.3483863,29.144643082242354
4.0,28.976235967348074
4.0,28.976235967348074
4.0,28.9759777210648
4.0,28.9759777210648
2.6825056,28.96498543457053
2.6825056,28.96498543457053
2.6825056,28.96498543457053
4.0,28.962584176537213
4.0,28.962584176537213
3.3340008,28.953937755363953
3.3340008,28.953937755363953
3.0,28.944814049743105
3.0,28.944814049743105
5.0,28.924651502717463
5.0,28.924651502717463
5.0,28.688817483369597
5.0,28.688817483369597
5.0,28.639689652130034
5.0,28.639689652130034
5.0,28.623513072028405
5.0,28.623513072028405
5.0,28.584879060896622
5.0,28.584879060896622
5.0,28.493678484178737
5.0,28.493678484178737
4.0,28.343210091778687
4.0,28.343210091778687
4.0,28.322876567274143
4.0,28.322876567274143
5.0,28.272549224814632
5.0,28.272549224814632
4.0,28.170389616571278
4.0,28.170389616571278
3.0,28.088073763571334
3.0,28.088073763571334
4.0,28.01254779424953
4.0,28.01254779424953
4.7635756,27.986111529999995
4.7635756,27.986111529999995
4.921848,27.969296307242132
4.921848,27.969296307242132
4.9854198,27.840097630336622
4.9854198,27.840097630336622
4.0,27.79547671595823
4.0,27.79547671595823
3.738952,27.455990177835854
3.738952,27.455990177835854
4.0,27.45554497726494
4.0,27.45554497726494
3.0,27.311236792447808
3.0,27.311236792447808
3.0,27.165848130683404
3.0,27.165848130683404
4.8646636,27.119717333761926
4.8646636,27.119717333761926
3.0,27.024757700174852
3.0,27.024757700174852
4.0,26.780280540449
4.0,26.780280540449
3.0,26.591363140101084
3.0,26.591363140101084
4.0,26.526841612899954
4.0,26.526841612899954
4.0,26.520418660331732
4.0,26.520418660331732
5.0,26.50014786281328
5.0,26.50014786281328
4.0,26.433181733675262
4.0,26.433181733675262
4.0,26.396831660254005
4.0,26.396831660254005
4.0,26.396831660254005
2.9888499,26.169771675311605
2.9888499,26.169771675311605
2.9888499,26.169771675311605
2.9888499,26.169771675311605
2.9888499,26.169771675311605
4.0,26.169646426095202
4.0,26.169646426095202
4.0,26.169646426095202
4.0,26.169646426095202
3.0208833,26.12083166349434
3.0208833,26.12083166349434
3.0208833,26.12083166349434
3.0208833,26.12083166349434
4.551226,26.082754450059635
4.551226,26.082754450059635
4.551226,26.082754450059635
4.551226,26.082754450059635
5.479504,25.702019257565464
5.479504,25.702019257565464
5.479504,25.702019257565464
5.479504,25.702019257565464
4.0,25.679062896790562
4.0,25.679062896790562
4.0,25.679062896790562
4.0,25.679062896790562
3.0,25.551042021950003
3.0,25.551042021950003
3.0,25.551042021950003
3.0,25.551042021950003
3.0,25.551042021950003
3.0,25.38248160718243
3.0,25.38248160718243
3.0,25.38248160718243
3.0,25.38248160718243
3.0,25.38248160718243
3.0,25.382083072304976
3.0,25.382083072304976
3.0,25.382083072304976
3.0,25.382083072304976
3.0,25.382083072304976
4.0,25.36055816200718
4.0,25.36055816200718
4.0,25.36055816200718
4.0,25.36055816200718
4.0,25.36055816200718
4.0,25.347254580491736
4.0,25.347254580491736
4.0,25.347254580491736
4.0,25.347254580491736
4.0,25.347254580491736
4.0,25.344419411484264
4.0,25.344419411484264
4.0,25.344419411484264
4.0,25.344419411484264
4.0,25.344419411484264
5.0,25.25380974567862
5.0,25.25380974567862
5.0,25.25380974567862
5.0,25.25380974567862
5.0,25.25380974567862
5.0,25.185698595436968
5.0,25.185698595436968
5.0,25.185698595436968
5.0,25.185698595436968
5.0,25.185698595436968
4.244384,25.08017400431147
4.244384,25.08017400431147
4.244384,25.08017400431147
4.244384,25.08017400431147
4.244384,25.08017400431147
4.0,24.9807588563
4.0,24.9807588563
4.0,24.9807588563
4.0,24.9807588563
4.0,24.9807588563
5.0,24.98015502947045
5.0,24.98015502947045
5.0,24.98015502947045
5.0,24.98015502947045
5.0,24.98015502947045
5.0,24.9790877224643
5.0,24.9790877224643
5.0,24.9790877224643
5.0,24.9790877224643
5.0,24.9790877224643
4.0,24.97879174812725
4.0,24.97879174812725
4.0,24.97879174812725
4.0,24.97879174812725
4.0,24.97879174812725
4.0,24.9787303245983
4.0,24.9787303245983
4.0,24.9787303245983
4.0,24.9787303245983
4.0,24.9787303245983
5.0,24.801876994418766
5.0,24.801876994418766
5.0,24.801876994418766
5.0,24.801876994418766
5.0,24.801876994418766
4.878026,24.741616461624798
4.878026,24.741616461624798
4.878026,24.741616461624798
4.878026,24.741616461624798
4.878026,24.741616461624798
3.0,24.652770131193463
3.0,24.652770131193463
3.0,24.652770131193463
3.0,24.652770131193463
3.0,24.652770131193463
4.0,24.503462199200044
4.0,24.503462199200044
4.0,24.503462199200044
4.0,24.503462199200044
4.0,24.503462199200044
3.7208054,24.481828194211403
3.7208054,24.481828194211403
3.7208054,24.481828194211403
3.7208054,24.481828194211403
3.7208054,24.481828194211403
3.6240747,24.303121526759828
3.6240747,24.303121526759828
3.6240747,24.303121526759828
3.6240747,24.303121526759828
3.6240747,24.303121526759828
4.0,24.2911310733344
4.0,24.2911310733344
4.0,24.2911310733344
4.0,24.2911310733344
4.0,24.2911310733344
3.6038144,24.1990192442871
3.6038144,24.1990192442871
3.6038144,24.1990192442871
3.6038144,24.1990192442871
3.6038144,24.1990192442871
4.0,24.068357378348267
4.0,24.068357378348267
4.0,24.068357378348267
4.0,24.068357378348267
4.0,24.068357378348267
4.0,23.923708617763392
4.0,23.923708617763392
4.0,23.923708617763392
4.0,23.923708617763392
4.0,23.923708617763392
4.6766934,23.87225713570336
4.6766934,23.87225713570336
4.6766934,23.87225713570336
4.6766934,23.87225713570336
4.6766934,23.87225713570336
3.032837,23.8475133003365
3.032837,23.8475133003365
3.032837,23.8475133003365
3.032837,23.8475133003365
3.032837,23.8475133003365
4.0,23.737715429453267
4.0,23.737715429453267
4.0,23.737715429453267
4.0,23.737715429453267
4.0,23.737715429453267
3.0,23.724009504108956
3.0,23.724009504108956
3.0,23.724009504108956
3.0,23.724009504108956
3.0,23.724009504108956
4.6499214,23.648345812129666
4.6499214,23.648345812129666
4.6499214,23.648345812129666
4.6499214,23.648345812129666
4.6499214,23.648345812129666
4.0,23.404803994394403
4.0,23.404803994394403
4.0,23.404803994394403
4.0,23.404803994394403
4.0,23.404803994394403
3.0,23.404691837341826
3.0,23.404691837341826
3.0,23.404691837341826
3.0,23.404691837341826
3.0,23.404691837341826
4.0,23.2275477258089
4.0,23.2275477258089
4.0,23.2275477258089
4.0,23.2275477258089
4.0,23.2275477258089
4.0,23.1675692734624
4.0,23.1675692734624
4.0,23.1675692734624
4.0,23.1675692734624
4.0,23.1675692734624
5.475098,23.10412640941928
5.475098,23.10412640941928
5.475098,23.10412640941928
5.475098,23.10412640941928
5.475098,23.10412640941928
4.0,22.98995172893056
4.0,22.98995172893056
4.0,22.98995172893056
4.0,22.98995172893056
4.0,22.98995172893056
5.0,22.34478523132688
5.0,22.34478523132688
5.0,22.34478523132688
5.0,22.34478523132688
5.0,22.308200226062
5.0,22.308200226062
5.0,22.308200226062
5.0,22.308200226062
5.323645,22.29136274410124
5.323645,22.29136274410124
5.323645,22.29136274410124
5.323645,22.29136274410124
4.7680297,22.237278447260813
4.7680297,22.237278447260813
4.7680297,22.237278447260813
4.7680297,22.237278447260813
5.0,22.058942328635002
5.0,22.058942328635002
5.0,22.058942328635002
5.0,22.058942328635002
5.0,22.058942328635002
4.0,21.89618563203634
4.0,21.89618563203634
4.0,21.89618563203634
4.0,21.89618563203634
4.0,21.89618563203634
4.0,21.835574554266437
4.0,21.835574554266437
4.0,21.835574554266437
4.0,21.835574554266437
4.0,21.835574554266437
4.0,21.654994238822383
4.0,21.654994238822383
4.0,21.654994238822383
4.0,21.654994238822383
4.0,21.654994238822383
4.3172607,21.56993108830025
4.3172607,21.56993108830025
4.3172607,21.56993108830025
4.3172607,21.56993108830025
4.3172607,21.56993108830025
4.0,21.403327106655876
4.0,21.403327106655876
4.0,21.403327106655876
4.0,21.403327106655876
4.0,21.403327106655876
4.1921234,21.286441047099828
4.1921234,21.286441047099828
4.1921234,21.286441047099828
4.1921234,21.286441047099828
4.1921234,21.286441047099828
4.9696608,21.258651237022
4.9696608,21.258651237022
4.9696608,21.258651237022
4.9696608,21.258651237022
4.9696608,21.258651237022
3.0,21.135172068913946
3.0,21.135172068913946
3.0,21.135172068913946
3.0,21.135172068913946
3.0,21.135172068913946
3.0,20.9438873558976
3.0,20.9438873558976
3.0,20.9438873558976
3.0,20.9438873558976
3.0,20.9438873558976
3.0,20.842681007019337
3.0,20.842681007019337
3.0,20.842681007019337
3.0,20.842681007019337
3.0,20.842681007019337
3.2764506,20.762693293023208
3.2764506,20.762693293023208
3.2764506,20.762693293023208
3.2764506,20.762693293023208
3.2764506,20.762693293023208
3.2764506,20.762693293023208
4.0,20.708057051926875
4.0,20.708057051926875
4.0,20.708057051926875
4.0,20.708057051926875
4.0,20.708057051926875
4.0,20.708057051926875
3.0,20.6290887447628
3.0,20.6290887447628
3.0,20.6290887447628
3.0,20.6290887447628
3.0,20.6290887447628
3.0,20.6290887447628
6.0,20.557181480441603
6.0,20.47776168603427
6.0,20.473581961657548
4.0,20.459432767706847
4.0,20.459432767706847
4.0,20.459432767706847
4.0,20.459432767706847
4.0,20.459432767706847
4.0,20.459432767706847
6.0,20.453697788115452
3.0,20.403151592629253
3.0,20.403151592629253
3.0,20.403151592629253
3.0,20.403151592629253
3.0,20.403151592629253
3.0,20.403151592629253
3.0,20.403151592629253
6.0,20.39196471383678
5.692467,20.381019686906537
5.692467,20.381019686906537
5.692467,20.381019686906537
5.692467,20.381019686906537
5.692467,20.381019686906537
5.692467,20.381019686906537
6.0,20.364391168765884
6.0,20.308763411915496
3.0,20.29750735613739
3.0,20.29750735613739
3.0,20.29750735613739
3.0,20.29750735613739
3.0,20.29750735613739
3.0,20.29750735613739
5.941961,20.297280863556445
5.941961,20.297280863556445
5.941961,20.297280863556445
5.941961,20.297280863556445
5.941961,20.297280863556445
5.941961,20.297280863556445
4.0,20.2707537174852
4.0,20.2707537174852
4.0,20.2707537174852
4.0,20.2707537174852
4.0,20.2707537174852
4.0,20.2707537174852
6.0,20.2707318528105
3.0,20.2704783627462
3.0,20.2704783627462
3.0,20.2704783627462
3.0,20.2704783627462
3.0,20.2704783627462
3.0,20.2704783627462
3.0,20.2704783627462
4.0,20.25855602126545
4.0,20.25855602126545
4.0,20.25855602126545
4.0,20.25855602126545
4.0,20.25855602126545
4.0,20.25855602126545
4.0,20.12541890741106
4.0,20.12541890741106
4.0,20.12541890741106
4.0,20.12541890741106
4.0,20.12541890741106
6.0,20.11611294247384
4.0,20.10804790939413
4.0,20.10804790939413
4.0,20.10804790939413
4.0,20.10804790939413
4.0,20.10804790939413
5.0,20.104149708417815
5.0,20.104149708417815
5.0,20.104149708417815
5.0,20.104149708417815
5.0,20.104149708417815
6.0,20.08288857652125
5.0,20.07925042939464
5.0,20.07925042939464
5.0,20.07925042939464
5.0,20.07925042939464
5.0,20.07925042939464
6.0,19.99300464463799
6.0,19.991850859661003
3.8515663,19.9902039911804
3.8515663,19.9902039911804
3.8515663,19.9902039911804
3.8515663,19.9902039911804
3.8515663,19.9902039911804
6.0,19.98378925310555
4.0,19.9799508195734
4.0,19.9799508195734
4.0,19.9799508195734
4.0,19.9799508195734
4.0,19.9799508195734
6.0422173,19.96419988097791
6.0,19.919737427131178
4.785054,19.91524184535753
4.785054,19.91524184535753
4.785054,19.91524184535753
4.785054,19.91524184535753
4.785054,19.91524184535753
6.0,19.855202899014206
6.0,19.804226442639806
5.9502378,19.801439880338883
5.9502378,19.801439880338883
5.9502378,19.801439880338883
5.9502378,19.801439880338883
5.9502378,19.801439880338883
3.2065744,19.8007156769712
3.2065744,19.8007156769712
3.2065744,19.8007156769712
3.2065744,19.8007156769712
3.2065744,19.8007156769712
6.0,19.800493913585946
6.0,19.77904243710938
5.0,19.736132804183896
5.0,19.736132804183896
5.0,19.736132804183896
5.0,19.736132804183896
5.0,19.736132804183896
6.0,19.722111881047038
6.0,19.695713783718
3.3710527,19.695422545562955
3.3710527,19.695422545562955
3.3710527,19.695422545562955
3.3710527,19.695422545562955
3.3710527,19.695422545562955
4.565373,19.68937785973744
4.565373,19.68937785973744
4.565373,19.68937785973744
4.565373,19.68937785973744
4.565373,19.68937785973744
6.0,19.67508388286807
3.0,19.67485811584487
3.0,19.67485811584487
3.0,19.67485811584487
3.0,19.67485811584487
3.0,19.67485811584487
6.0,19.67352486272987
3.0,19.66130041982035
3.0,19.66130041982035
3.0,19.66130041982035
3.0,19.66130041982035
3.0,19.66130041982035
3.0,19.66130041982035
3.0,19.65692793679893
3.0,19.65692793679893
3.0,19.65692793679893
3.0,19.65692793679893
3.0,19.65692793679893
6.0,19.65528198049493
4.9962726,19.644348207711563
4.9962726,19.644348207711563
4.9962726,19.644348207711563
4.9962726,19.644348207711563
4.9962726,19.644348207711563
6.0,19.612196404848422
4.7558503,19.61067292837477
4.7558503,19.61067292837477
4.7558503,19.61067292837477
4.7558503,19.61067292837477
4.7558503,19.61067292837477
5.0,19.609050794772248
5.0,19.609050794772248
5.0,19.609050794772248
5.0,19.609050794772248
5.0,19.609050794772248
4.0,19.6064793140974
4.0,19.6064793140974
4.0,19.6064793140974
4.0,19.6064793140974
4.0,19.6064793140974
4.0,19.583457106608588
4.0,19.583457106608588
4.0,19.583457106608588
4.0,19.583457106608588
4.0,19.583457106608588
6.0421257,19.57716449959167
5.0,19.553026122188317
5.0,19.553026122188317
5.0,19.553026122188317
5.0,19.553026122188317
5.0,19.553026122188317
6.0,19.5157194
6.0697093,19.514991777802123
6.040838,19.497789410492135
4.5667953,19.461307636290236
4.5667953,19.461307636290236
4.5667953,19.461307636290236
4.5667953,19.461307636290236
4.5667953,19.461307636290236
6.0,19.4367357169766
6.0,19.43307133497047
4.0,19.420613594885964
4.0,19.420613594885964
4.0,19.420613594885964
4.0,19.420613594885964
4.0,19.420613594885964
4.455454,19.41742218871271
4.455454,19.41742218871271
4.455454,19.41742218871271
4.455454,19.41742218871271
4.455454,19.41742218871271
6.0,19.40656492098915
6.0,19.358620586358267
6.0,19.34782821149945
6.0,19.338736568079803
4.8240104,19.202025323228757
4.8240104,19.202025323228757
4.8240104,19.202025323228757
4.8240104,19.202025323228757
4.8240104,19.202025323228757
6.0,19.192964287028413
6.0314403,19.139180012006975
6.0,19.138276446612608
4.655081,19.07735603536214
4.655081,19.07735603536214
4.655081,19.07735603536214
4.655081,19.07735603536214
4.655081,19.07735603536214
6.0,19.042658651265803
4.0,18.980448173364678
4.0,18.980448173364678
4.0,18.980448173364678
4.0,18.980448173364678
4.0,18.980448173364678
6.0,18.978802546886477
5.0,18.95333639690514
5.0,18.95333639690514
5.0,18.95333639690514
5.0,18.95333639690514
5.0,18.95333639690514
6.0,18.952438051238854
6.0,18.881439819731202
6.0,18.830960151154727
3.0,18.796315021999998
3.0,18.796315021999998
3.0,18.796315021999998
3.0,18.796315021999998
3.0,18.796315021999998
6.0,18.79426054643642
5.0,18.697051374761
5.0,18.697051374761
5.0,18.697051374761
5.0,18.697051374761
5.0,18.697051374761
6.0,18.66279942624426
6.0,18.62299711837261
6.0,18.54998745914906
4.0,18.468285580881634
4.0,18.468285580881634
4.0,18.468285580881634
4.0,18.468285580881634
4.0,18.468285580881634
6.0,18.36515172355017
4.0,18.159353538573047
4.0,18.159353538573047
4.0,18.159353538573047
4.0,18.159353538573047
4.0,18.159353538573047
5.0,17.555801223055653
5.0,17.555801223055653
5.0,17.555801223055653
5.0,17.555801223055653
5.0,17.555801223055653
6.0,17.514254615167438
3.057295,17.49838608919344
3.057295,17.49838608919344
3.057295,17.49838608919344
3.057295,17.49838608919344
3.057295,17.49838608919344
6.0,17.287000661066266
4.7409344,17.116533606567874
4.7409344,17.116533606567874
4.7409344,17.116533606567874
4.7409344,17.116533606567874
4.7409344,17.116533606567874
6.0,17.108499804407515
4.0,16.870905947501832
4.0,16.870905947501832
4.0,16.870905947501832
4.0,16.870905947501832
4.0,16.870905947501832
6.0,16.816328173090103
5.0,16.791243289029843
5.0,16.791243289029843
5.0,16.791243289029843
5.0,16.791243289029843
5.0,16.791243289029843
6.0,16.6660493607299
6.0,16.451350764046445
6.0,16.415792339692484
6.0,16.4021340028101
4.963005,16.18964238259946
4.963005,16.18964238259946
4.963005,16.18964238259946
4.963005,16.18964238259946
4.963005,16.18964238259946
3.0,16.151031710335385
3.0,16.151031710335385
3.0,16.151031710335385
3.0,16.151031710335385
3.0,16.151031710335385
3.0,16.151031710335385
3.0,16.151031710335385
6.0,15.90188735479532
6.0,15.90188735479532
4.0,15.698132237234788
4.0,15.698132237234788
4.0,15.698132237234788
4.0,15.698132237234788
4.0,15.698132237234788
4.0,15.698132237234788
4.0,15.698132237234788
4.0,15.67575748839379
4.0,15.67575748839379
4.0,15.67575748839379
4.0,15.67575748839379
4.0,15.67575748839379
4.0,15.67575748839379
4.0,15.67575748839379
5.9909964,15.545182250619382
5.9909964,15.545182250619382
5.9909964,15.545182250619382
5.9909964,15.545182250619382
5.9909964,15.545182250619382
5.9909964,15.545182250619382
5.9909964,15.545182250619382
6.0,14.882826372911799
6.0,14.882826372911799
6.0,14.882826372911799
6.0,14.862674484824801
6.0,14.862674484824801
6.0,14.862674484824801
3.094213,14.785341171191783
3.094213,14.785341171191783
3.094213,14.785341171191783
3.094213,14.785341171191783
3.094213,14.785341171191783
3.094213,14.785341171191783
3.094213,14.785341171191783
3.094213,14.785341171191783
6.0,14.330447540714907
6.0,14.330447540714907
6.0,14.330447540714907
6.0,14.330447540714907
4.0,14.23163314947024
4.0,14.23163314947024
4.0,14.23163314947024
4.0,14.23163314947024
4.0,14.23163314947024
4.0,14.23163314947024
6.0,12.868026774645953
6.0,12.868026774645953
6.0,12.868026774645953
6.0,12.868026774645953
6.0,12.747957395319096
6.0,12.747957395319096
6.0,12.747957395319096
6.0,12.747957395319096
4.0,12.712415251586892
4.0,12.712415251586892
4.0,12.712415251586892
4.0,12.712415251586892
4.0,12.712415251586892
4.0,12.669465863237201
4.0,12.669465863237201
4.0,12.669465863237201
4.0,12.669465863237201
4.0,12.669465863237201
4.0,12.157318808834635
4.0,12.157318808834635
4.0,12.157318808834635
4.0,12.157318808834635
4.0,12.157318808834635
4.0,12.157318808834635
7.0,12.153669818534
7.0,12.153669818534
6.0,11.63941970104218
6.0,11.63941970104218
6.0,11.63941970104218
6.0,11.63941970104218
6.0,11.63941970104218
6.0,11.63941970104218
8.0,11.61598217621794
6.0,11.5706045106245
6.0,11.5706045106245
6.0,11.5706045106245
6.0,11.5706045106245
6.0,11.5706045106245
6.0,11.5706045106245
8.0,11.358796280367681
10.0,11.310122117739601
6.0,11.058945206563886
6.0,11.058945206563886
6.0,11.058945206563886
6.0,11.058945206563886
6.0,11.058945206563886
6.0,11.058945206563886
4.0,10.586806819887764
4.0,10.586806819887764
4.0,10.586806819887764
4.0,10.586806819887764
4.0,10.586806819887764
4.0,10.586806819887764
8.0,10.438096276049633
7.259507,10.187229947541315
7.259507,10.187229947541315
7.259507,10.187229947541315
3.134019,10.175780059210602
3.134019,10.175780059210602
3.134019,10.175780059210602
3.134019,10.175780059210602
3.134019,10.175780059210602
3.134019,10.175780059210602
3.134019,10.175780059210602
6.0,9.995350897631301
6.0,9.995350897631301
6.0,9.995350897631301
6.0,9.995350897631301
6.0,9.995350897631301
6.0,9.995350897631301
10.0,9.959078658379875
4.9834657,9.913467031734303
4.9834657,9.913467031734303
4.9834657,9.913467031734303
4.9834657,9.913467031734303
4.9834657,9.913467031734303
4.9834657,9.913467031734303
4.0,9.857678926072802
4.0,9.857678926072802
4.0,9.857678926072802
4.0,9.857678926072802
4.0,9.857678926072802
4.0,9.857678926072802
8.0,9.8573852500063
8.0,9.853068193145626
5.329302,9.778700098603174
5.329302,9.778700098603174
5.329302,9.778700098603174
5.329302,9.778700098603174
5.329302,9.778700098603174
5.329302,9.778700098603174
10.0,9.729929704215982
6.0,9.729921145080802
6.0,9.729921145080802
6.0,9.729921145080802
6.0,9.729921145080802
6.0,9.729921145080802
6.0,9.729921145080802
7.670785,9.23868100802024
7.670785,9.23868100802024
7.670785,9.23868100802024
5.954674,9.035121713821262
5.954674,9.035121713821262
5.954674,9.035121713821262
5.954674,9.035121713821262
5.954674,9.035121713821262
5.954674,9.035121713821262
10.0,8.943805734626537
8.0,8.906061142395082
4.6792345,8.571857533114798
4.6792345,8.571857533114798
4.6792345,8.571857533114798
4.6792345,8.571857533114798
4.6792345,8.571857533114798
8.0,8.079783182635502
8.0,8.079783182635502
20.0,6.823575478397201
4.71567,6.581434017849201
4.71567,6.581434017849201
4.71567,6.581434017849201
4.71567,6.581434017849201
4.71567,6.581434017849201
4.71567,6.581434017849201
10.0,6.287174626823023
10.0,6.287174626823023
10.0,6.287174626823023
12.0,6.1032878377902
12.0,6.0852289369502675
12.0,6.028379860193845
7.690971,5.72540622228655
7.690971,5.72540622228655
7.690971,5.72540622228655
7.690971,5.72540622228655
12.0,5.6481353445138245
12.0,5.639240184698884
21.70245,5.615366238264506
12.0,5.4823743112677
20.0,4.673849717379375
9.172537,4.655304213290096
9.172537,4.655304213290096
9.172537,4.655304213290096
12.0,4.6176933691454
18.682531,4.257368743093302
12.0,4.118551766222241
12.834757,4.008071585853567
17.734316,3.947110875267455
15.0,3.726163212537742
15.0,3.7180434429596683
10.0,3.402627118651008
10.0,3.402627118651008
10.0,3.402627118651008
8.0,2.8718049205864387
8.0,2.8718049205864387
8.0,2.8718049205864387
20.0,1.8619107516144497
12.064363,1.6471495086506667
12.064363,1.6471495086506667
19.211708,1.2020355346456
19.211708,1.2020355346456
