zeo,Si/Al_ae,Si/Al_pred_mean,Si/Al_true_mean,Al/P_ae,Al/P_pred_mean,Al/P_true_mean,Si/Ge_ae,Si/Ge_pred_mean,Si/Ge_true_mean,Si/B_ae,Si/B_pred_mean,Si/B_true_mean,Na/T_ae,Na/T_pred_mean,Na/T_true_mean,K/T_ae,K/T_pred_mean,K/T_true_mean,OH/T_ae,OH/T_pred_mean,OH/T_true_mean,F/T_ae,F/T_pred_mean,F/T_true_mean,H2O/T_ae,H2O/T_pred_mean,H2O/T_true_mean,sda1/T_ae,sda1/T_pred_mean,sda1/T_true_mean,cryst_temp_ae,cryst_temp_pred_mean,cryst_temp_true_mean,cryst_time_ae,cryst_time_pred_mean,cryst_time_true_mean
CHA,1.0177262696561655,13.46253618329142,12.444809913635254,0.10791126890332525,0.7795424859061939,0.6716312170028687,0.0,0.0,0.0,0.26355498235581537,0.05695817668082096,0.32051315903663635,0.06260440895091779,0.16849691072236783,0.10589250177145004,0.03249766781724868,0.07165698602996888,0.10415465384721756,0.04531370822644398,0.15843267019533946,0.20374637842178345,0.05888634770644767,0.05171714872585671,0.11060349643230438,15.034227723023147,15.759666091063767,30.793893814086914,0.07726985764686756,0.46253013062293835,0.5397999882698059,26.844571350653922,136.83859515325233,163.68316650390625,59.71556467709965,146.78704447446293,87.07147979736328
AEL,0.08407124072798444,0.010712475175774555,0.094783715903759,0.007695768372036893,0.9404914636454802,0.9481872320175171,0.0,0.0,0.0,0.0,0.0,0.0,0.00020561364256966002,0.0007508645929508198,0.0005452509503811598,8.059618524590163e-06,8.059618524590163e-06,0.0,0.0003606843960000001,0.0003606843960000001,0.0,0.024449613256744662,0.01137901066393443,0.03582862392067909,0.1674124396610992,28.54258982308395,28.37517738342285,0.0923268066280516,0.49978362187081893,0.40745681524276733,2.415935196860147,187.51974073885233,185.1038055419922,1.6173445086917866,74.90260635800743,76.51995086669922
MFI,14.349838068800004,36.31246204106328,50.66230010986328,0.0,0.0,0.0,0.7000002861022949,0.0,0.7000002861022949,17.89171188963325,2.3944380890044443,20.286149978637695,0.01784674700070804,0.2754641311960358,0.25761738419532776,0.006021243509966705,0.012857806878965523,0.018879050388932228,0.008489310340896006,0.29174515564919984,0.28325584530830383,0.029841245360070025,0.003908755981034483,0.03375000134110451,0.3967609729345227,37.19693568606929,36.800174713134766,0.08938123197982914,0.23127721337844723,0.32065844535827637,21.27920592187226,147.2404168808621,168.51962280273438,12.296520247029832,123.30105973677593,111.0045394897461
LTA,4.2692753496168026,5.856497448921002,1.5872220993041992,0.4012168449468926,0.12880881604477612,0.5300256609916687,2.9388953206263544,4.213282441826916,1.2743871212005615,0.120401194140625,0.120401194140625,0.0,0.204880954556257,0.03956042058011844,0.24444137513637543,2.335793372781065e-05,2.335793372781065e-05,0.0,0.2139118372396358,0.7376455127195247,0.5237336754798889,0.042579839447565215,0.136465037683077,0.09388519823551178,29.292648193159543,25.7067033083053,54.999351501464844,0.34632847892709084,0.8003200472646206,1.1466485261917114,15.562553087278374,119.76448853869819,135.32704162597656,76.29925679538067,199.69325398776348,123.39399719238281
AFI,2.904286901093278,3.6324460307128765,0.7281591296195984,0.012770121440709437,0.7261353782270559,0.7133652567863464,0.0,0.0,0.0,1.2538453262734697,0.8206223327231122,2.074467658996582,0.015412148327713957,0.021847700939661017,0.00643555261194706,0.012131364273176425,0.016792386027322047,0.004661021754145622,0.01983877189366498,0.041398749797627116,0.021559977903962135,0.010078340852947308,0.03427193305423729,0.0443502739071846,8.590314028579407,29.771239163559265,38.36155319213867,0.11530488234554503,0.32295054692233827,0.4382554292678833,6.327532018585146,162.82928255661017,169.1568145751953,13.727327236835237,115.10281551808524,101.37548828125
IWR,20.256753988334033,45.052253789969775,24.795499801635742,0.0009372071227741331,0.0009372071227741331,0.0,3.1702987947615924,12.000722149864131,8.830423355102539,12.177706602206896,38.134064558139514,25.956357955932617,3.2444607142857145e-05,3.2444607142857145e-05,0.0,0.0,0.0,0.0,0.1380067825666336,0.0023110896,0.1403178721666336,0.17003421715288491,0.4606938832142863,0.29065966606140137,0.04979795067561188,7.528854309013014,7.479056358337402,0.009340484735282317,0.25138885259321536,0.24204836785793304,7.958159040345976,166.99719374285715,174.95535278320312,82.19733224456567,247.80266775543433,330.0
BEA,11.72851696196463,31.967641260060333,20.239124298095703,0.0,0.0,0.0,3.659044385742183,9.186159253906245,5.5271148681640625,8.267876302612306,12.477711999999999,20.745588302612305,0.06069092165648554,0.01764139074862386,0.0783323124051094,0.005442927985154033,0.011247885019816517,0.01669081300497055,0.06816977309522117,0.12463302863302743,0.1928028017282486,0.06586811776732426,0.2536930375871561,0.18782491981983185,2.622671886344383,12.829549030403664,15.452220916748047,6.659258068802965e-05,0.2660747326546788,0.2661413252353668,2.900357191407636,153.73916917577986,156.6395263671875,40.18548141882661,336.2711442606235,296.0856628417969
MTW,30.170874913513593,32.31605974835164,62.486934661865234,0.0,0.0,0.0,0.0,0.0,0.0,47.60706345724592,0.5816229136036867,48.18868637084961,0.025592858928858,0.09046639220076923,0.11605925112962723,0.00048370276153846155,0.00048370276153846155,0.0,0.035269080929218655,0.16506221824115408,0.12979313731193542,0.03568112168533826,0.048479049763846156,0.08416017144918442,10.363239067539801,51.38211800430738,41.01887893676758,0.012883518053650456,0.34425497443830927,0.3313714563846588,2.906482716283051,158.3363075453846,155.42982482910156,149.8783919131148,289.07381755954145,438.95220947265625
MEL,15.139539453286204,15.373010900717702,30.512550354003906,0.0,0.0,0.0,0.0061162079510703364,0.0061162079510703364,0.0,7.758580513293718,0.025303535168195716,7.783884048461914,0.1055725704577103,0.019566889509902916,0.12513945996761322,0.014361261884663051,0.0155634684776699,0.0012022065930068493,0.0761614494841864,0.3142772369902899,0.23811578750610352,0.022434971637573443,0.011545610271844661,0.033980581909418106,11.575063671350236,53.89447590279555,42.31941223144531,0.0926193333382187,0.32307145364232637,0.23045212030410767,20.72787543928817,167.61561652815536,146.8877410888672,95.32303521763731,88.39385321009706,183.71688842773438
LEV,5.984302362968009,9.857447781990487,15.841750144958496,0.061087542244337656,0.3373979861225115,0.27631044387817383,0.27936667499518947,0.053966668272251314,0.3333333432674408,1.7359297556717606,0.8914785103957443,2.627408266067505,0.034751207976994214,0.20875401660853893,0.24350522458553314,0.000426853015730337,0.000426853015730337,0.0,0.10255291520192333,0.15885577143595508,0.2614086866378784,0.004491305445709939,0.020671079402247185,0.016179773956537247,13.818770449890692,28.846567195190985,15.027796745300293,0.015645257433133025,0.23020102898292075,0.24584628641605377,6.946355971147796,154.51432212943814,161.46067810058594,20.756273069248067,208.06939526571287,228.82566833496094
FAU,2.4780326562350607,4.040534905868211,6.5185675621032715,0.699633753043605,0.7829670888604652,0.0833333358168602,,0.0,,,0.0,,0.0036889620948514223,0.27845969878918736,0.27477073669433594,0.0012230245560353541,0.00022974331621621622,0.0014527678722515702,0.14291261564561875,0.4478862179405406,0.3049736022949219,0.00101624007587027,0.00101624007587027,0.0,8.765280123479016,20.64605843616212,11.880778312683105,0.17515241329425046,0.32970309977286527,0.1545506864786148,9.642288429453004,122.97355673999988,113.33126831054688,33.59575800220327,240.84157709400014,207.24581909179688
BEC,25.75152924939634,48.77946427747251,23.027935028076172,0.0,0.0,0.0,9.651046025142211,14.530556427821654,4.879510402679443,5.350712426109759,25.766947396202532,20.416234970092773,0.0001548697837837838,0.0001548697837837838,0.0,0.0,0.0,0.0,0.011766284509997275,0.038820361524324325,0.02705407701432705,0.11199811557663275,0.4528015599621613,0.34080344438552856,3.4595101219554376,7.375854764594598,3.91634464263916,0.03231887848031739,0.2905529919351361,0.2582341134548187,10.467221645470886,160.8165613135135,171.28378295898438,42.59211924041341,188.61057851349284,231.20269775390625
FER,12.479297423788871,36.59379746956524,24.114500045776367,0.0,0.0,0.0,0.0,0.0,0.0,1.3539778728562957,0.8960211734693878,2.2499990463256836,0.01769399236806271,0.13377990234724643,0.15147389471530914,0.007903140969574451,0.0,0.007903140969574451,0.005965959267417359,0.0575890019402899,0.05162304267287254,0.019575054113243173,0.32666697568116004,0.30709192156791687,0.3939401078883549,26.208040373391285,25.81410026550293,0.032976900019931366,0.882204507270145,0.8492276072502136,6.597236163629958,160.3507151675362,153.75347900390625,101.2054223249342,454.1694556047533,555.3748779296875
ATO,0.042828670981956446,0.00414811885015873,0.04697678983211517,0.0027052777846553466,0.9990946632782719,1.0017999410629272,0.0,0.0,0.0,0.0,0.0,0.0,0.0,0.0,0.0,0.0,0.0,0.0,0.0,0.0,0.0,0.028723209704908114,0.00031746031746031746,0.02904067002236843,45.57372836442802,2.166429716626666,47.74015808105469,0.3369879316004105,0.04968867791573329,0.3866766095161438,7.956404220591537,199.70435954285716,191.74795532226562,113.53004898516912,166.71531357257146,53.185264587402344
MWW,8.441111910970072,18.662982333333353,10.221870422363281,0.0,0.0,0.0,0.11627906976744186,0.11627906976744186,0.0,3.02465477433634,5.711610408158777,8.736265182495117,0.030611851316401106,0.0014730383935483869,0.03208488970994949,0.08043099338347881,0.09822718756432502,0.017796194180846214,0.06416104563141004,0.1513976322803484,0.21555867791175842,0.008734197018376669,0.013261643832258066,0.004527446813881397,3.2325848142415055,39.098817010709666,42.33140182495117,0.10688530380831998,0.1682565910090323,0.2751418948173523,11.79999753890499,169.21935483870968,157.4193572998047,32.99891545597285,196.4131328838709,229.41204833984375
IMF,118.7280165488828,140.344761544,21.616744995117188,,0.0,,,,,,,,0.18183866143582866,0.4549678862059255,0.6368065476417542,0.28997541827036943,0.28997541827036943,0.0,0.4884437749648419,0.8248384723925916,0.33639469742774963,0.00016812929022877305,0.00014493851851851851,0.00031306780874729156,3.5078252572681805,40.14742410370373,36.63959884643555,0.01350931878101344,0.14407888000000005,0.1575881987810135,5.9259185791015625,160.0,165.92591857910156,56.794160281886604,328.3497022740741,271.5555419921875
AEN,0.00020016012810248197,0.00020016012810248197,0.0,0.12760917315464393,0.6713541544435538,0.5437449812889099,0.0,0.0,0.0,0.0,0.0,0.0,0.012991458177566528,0.0,0.012991458177566528,0.0,0.0,0.0,0.000696816448,0.000696816448,0.0,0.10538912622995579,0.11361931322879994,0.008230186998844147,1.469864954742004,14.997757802216004,16.467622756958008,0.7514763881369806,1.8502687026663995,1.098792314529419,0.4996145840000281,164.49961458400003,164.0,28.77190020843001,33.30508801178483,62.076988220214844
STF,5.865825625792979,76.58794024334765,82.45376586914062,0.029712505195246177,0.029712505195246177,0.0,1.4268748760223389,0.0,1.4268748760223389,38.434783362017455,60.012563131914916,21.57777976989746,0.027102483866341523,0.027102483866341523,0.0,0.042965833097696304,0.0,0.042965833097696304,0.06222390758558774,0.08513227475121951,0.14735618233680725,0.022181616810344612,0.06486454391219512,0.04268292710185051,12.002959936448885,15.988659173658537,27.991619110107422,0.11713433417922395,0.13725584593170745,0.2543901801109314,2.761066382531453,163.4053307121951,166.16639709472656,136.40715488227784,454.3133438471216,317.90618896484375
MAZ,14.934766225060992,8.222387858190961,23.157154083251953,0.0,0.0,0.0,,0.0,,,2.021262,,0.12252956224044009,0.6275252063329999,0.5049956440925598,0.08502555704007843,0.010610646845000002,0.09563620388507843,0.1708646236912823,0.5468696176068402,0.37600499391555786,0.006332803034999999,0.006332803034999999,0.0,17.349777393337785,23.982747249599992,6.632969856262207,0.009517544456478746,0.011324884793999998,0.020842429250478745,5.9188867750000185,110.66888677500002,104.75,26.775954647930092,138.8490453520699,165.625
AEI,22.478491149810083,11.320138610932105,33.79862976074219,,0.8237176060394267,,,0.0,,,0.9610164665427509,,0.09698588810642747,0.16672294177333327,0.26370882987976074,0.0,0.0,0.0,0.07813685045813647,0.0655174513044444,0.14365430176258087,0.09067251346649383,0.13442059792222236,0.04374808445572853,5.974149489894181,19.394458556666642,13.420309066772461,0.33992905710426613,0.5443629154988889,0.2044338583946228,13.06495991764325,158.7594026666667,145.69444274902344,64.66288431952958,83.72349873711104,148.38638305664062
GIS,2.197029361366625,2.5551175864928917,0.3580882251262665,0.46156595297482667,0.4106562917647058,0.8722222447395325,0.0,0.0,0.0,0.0,0.0,0.0,0.02429596995043077,0.055742046880000014,0.031446076929569244,0.005585647804542709,0.0028177111764705882,0.008403358981013298,0.00700556781526529,0.1437116667294117,0.13670609891414642,0.2554226350167668,0.39980269783529404,0.14438006281852722,84.25293207464061,21.988919732000017,106.24185180664062,2.5013023824274065,2.9015682549058917,0.4002658724784851,6.883684731978406,163.2072168364706,156.3235321044922,51.277390992563454,139.39503625623533,88.11764526367188
TON,2.075238475302413,54.41288495967741,52.337646484375,0.0,0.0,0.0,0.75,0.0,0.75,0.0,0.0,0.0,0.023162576345699133,0.04059689960072726,0.06375947594642639,0.02559323703443181,0.06494506353939403,0.09053830057382584,0.025299724237269117,0.1292571686666667,0.10395744442939758,0.018123467053083084,0.0046038063515151505,0.022727273404598236,0.5554794183150165,37.305559526957595,36.75008010864258,0.028826770641665056,0.5512252424739404,0.5223984718322754,7.253360107753309,166.94247753939393,159.68911743164062,10.406879654833062,131.02817176909087,120.62129211425781
ITE,3.383383403515637,41.77091347148436,45.154296875,0.0,0.0,0.0,,0.0,,22.886091892471462,37.11391573692307,60.00000762939453,0.16709057866319088,0.07560056568399999,0.24269114434719086,0.0,0.0,0.0,0.23434699262002684,0.10412078415533325,0.3384677767753601,0.031162253760000005,0.031162253760000005,0.0,3.1816100689172693,21.852159538626676,25.033769607543945,0.019030407164647628,0.1148069948893333,0.09577658772468567,0.6803232894921791,150.75327556,150.0729522705078,286.81077194707785,504.5773429919997,217.76657104492188
NON,11.398243649404183,12.178243620793953,0.7799999713897705,0.0,0.0,0.0,0.0,0.0,0.0,0.08995617233009709,0.08995617233009709,0.0,0.017668254703880313,0.02111653055310345,0.003448275849223137,0.005765496190359216,0.0009241570758620689,0.006689653266221285,0.04972577800607564,0.15104190220689656,0.10131612420082092,0.08221579457472462,0.025683461475862073,0.1078992560505867,10.446881106634365,120.98627013848282,131.4331512451172,0.012372100984471224,0.31465334233103476,0.327025443315506,0.09848103017915832,164.6779335448276,164.57945251464844,7.019764710416553,237.7194107065103,230.69964599609375
MOR,4.508676410293216,30.04172694740259,25.533050537109375,,0.0,,,0.0,,,0.0,,0.08398269198579078,0.42958058335142846,0.5135632753372192,0.0033646474313430083,0.010367449065714289,0.007002801634371281,0.03433468442665549,0.4232473720957139,0.4575820565223694,0.0,0.0,0.0,3.343462300889371,34.778007817857144,31.434545516967773,0.005440435905996049,0.24047251750999996,0.2350320816040039,3.8040530369698615,158.87452057142858,162.67857360839844,16.23075978991082,218.15043752428582,201.919677734375
AST,2.417410195127754,2.417410195127754,0.0,0.03049381739314294,0.23711671597178674,0.2066228985786438,0.05203547211128429,0.4230526003404255,0.37101712822914124,0.5331464997409328,0.5331464997409328,0.0,0.0,0.0,0.0,0.0,0.0,0.0,0.013796073876727363,0.0763582833777778,0.09015435725450516,0.0002993887853664501,0.20636727450370368,0.20666666328907013,0.28907195734749536,10.82537277531852,11.114444732666016,0.203813928010533,0.8432875450874068,0.6394736170768738,9.153544760497653,187.90928206518515,178.7557373046875,81.83896711124831,129.89990690006667,48.06093978881836
PHI,0.5694839290766804,5.309649295410624,5.879133224487305,0.13333332538604736,0.0,0.13333332538604736,,,0.0,,,0.0,0.25234840523567087,0.08305754054222218,0.33540594577789307,1.9498658002595421,2.015603181837034,0.06573738157749176,0.4929082936047826,0.8287103718518529,0.3358020782470703,0.0003527336888888889,0.0003527336888888889,0.0,2.663456105041117,17.745412968444437,15.08195686340332,0.1677282374182678,0.11066032240000001,0.2783885598182678,41.76212454204284,154.3547148740741,112.59259033203125,167.7803676013675,136.17510725214814,303.9554748535156
SAV,0.2524207150019855,0.27685261616332824,0.5292733311653137,0.16420357282391462,0.8563062662340077,1.0205098390579224,0.0,0.0,0.0,0.0,0.0,0.0,0.007026399353846154,0.007026399353846154,0.0,0.00014526004615384615,0.00014526004615384615,0.0,0.0,0.0,0.0,0.05499287578868485,0.021930204,0.07692307978868484,84.33272112606068,132.02502764461536,47.69230651855469,0.1285576860425147,0.19772862298461522,0.06917093694210052,2.0737770566406084,188.33583149999998,186.26205444335938,56.558890718539686,84.04367886153844,140.60256958007812
UOV,,43.47798098019802,,0.005266583948412698,0.005266583948412698,0.0,8.659979608050142,10.229375150194917,1.5693955421447754,,3.3176715,,0.0,0.0,0.0,0.0,0.0,0.0,0.2714764475822449,0.0,0.2714764475822449,0.43634442336666696,0.43634442336666696,0.0,4.262814362086423,7.259491126500003,11.522305488586426,0.01632572027290724,0.2496208169833336,0.26594653725624084,0.6855136037369789,172.02281464333333,172.7083282470703,24.43223059256684,262.56776940743316,287.0
ITT,33.22210213045034,2.26678947111216,35.4888916015625,0.9533708048355899,0.9533708048355899,0.0,9.830925736989043,11.650484953488371,1.8195592164993286,33.33333969116211,0.0,33.33333969116211,0.018013265818181818,0.018013265818181818,0.0,0.0,0.0,0.0,0.34418055415153503,0.0,0.34418055415153503,0.1819002090677467,0.23449760141818196,0.05259739235043526,6.2622141882281515,9.88836098159363,3.6261467933654785,0.09707934898558784,0.1460550602036364,0.24313440918922424,7.596873763636381,167.40312623636362,175.0,272.6569344794929,50.25215365527272,322.9090881347656
MTT,15.260131265521672,52.97318973720136,37.71305847167969,0.0,0.0,0.0,5.548121721428571,5.548121721428571,0.0,7.157098066088871,19.657099973437504,12.500001907348633,0.06651560493393399,0.06061617008761905,0.12713177502155304,0.039079097325152246,0.10940536599809536,0.07032626867294312,0.0011968123157556354,0.19453270308571413,0.1933358907699585,0.0007619047619047619,0.0007619047619047619,0.0,28.946151318745393,40.662117419047576,69.60826873779297,0.07265126002383626,0.20831216168952382,0.13566090166568756,0.27238231840587446,163.0095238095238,163.2819061279297,68.07254102588178,241.29248121142865,173.21994018554688
ITG,1.0442430436288745,32.18576031330472,33.230003356933594,0.0,0.0,0.0,3.8024379606859826,3.042520344672904,6.844958305358887,10.403376430093122,20.046374470175433,30.449750900268555,0.0,0.0,0.0,0.0,0.0,0.0,0.03799295032710115,0.38577655350476225,0.4237695038318634,0.05389978931428572,0.05389978931428572,0.0,7.506879149946201,4.951439560380948,12.458318710327148,0.00228272901476273,0.24437960015238175,0.24209687113761902,0.0,175.0,175.0,0.6238109333332886,335.3761890666667,336.0
CON,150.28415145644854,10.453519441988952,160.7376708984375,0.0,0.0,0.0,0.0,0.0,0.0,15.582122820411744,0.5339889349593496,16.116111755371094,0.17927864967015858,0.032361797708,0.21164044737815857,0.0,0.0,0.0,0.17209276038684812,0.2696707718399998,0.0975780114531517,0.006999952745058061,0.043000048,0.05000000074505806,3.0958846625945142,75.87517390819998,72.77928924560547,0.19958120898976622,0.27754553838,0.47712674736976624,4.471717461999987,154.528282538,159.0,148.51778703140008,178.48221296859992,327.0
NSI,33.75095766757754,0.04774075771543086,33.79869842529297,0.623461618742268,0.623461618742268,0.0,0.0,0.0,0.0,0.0,0.0,0.0,0.02088260649294548,0.0049997382,0.02588234469294548,0.0,0.0,0.0,0.04660556695302598,0.04954674092,0.00294117396697402,0.00090719462,0.00090719462,0.0,15.463435073396127,23.840420822599967,39.303855895996094,2.163721594642446,2.2051154297399975,0.041393835097551346,46.14868396,168.64868396,122.5,73.65344772812645,156.0534568833999,82.40000915527344
ERI,7.78684269858358,4.604825621118568,12.391668319702148,0.11776609741514621,0.7623926845901638,0.8801587820053101,0.0,0.0,0.0,0.0,0.0,0.0,0.018031700971111116,0.018031700971111116,0.0,0.08585901058075862,0.08220735692622227,0.1680663675069809,0.2720320869654643,0.12295501935777785,0.3949871063232422,0.015707659138097487,0.006514563622222222,0.02222222276031971,34.688076807945926,24.635783360511105,59.32386016845703,0.2857529124450565,0.1625674763488888,0.4483203887939453,14.675666311111115,169.67566631111112,155.0,28.45035476283425,254.60652846888894,226.1561737060547
MTN,,46.34982151724138,,0.0,0.0,0.0,,0.0,,,5.287791,,0.02405542048420343,0.04285547981764707,0.01880005933344364,0.0031506732752941175,0.0031506732752941175,0.0,0.030657650734020048,0.07069769671065884,0.040040045976638794,0.09336303031596468,0.0007546781882352942,0.09411770850419998,15.863240732305336,60.23092795764713,44.3676872253418,1.5314642223522097,1.5970250335529417,3.1284892559051514,2.576471485811112,159.63529411764705,157.05882263183594,1063.6726717016913,365.30730876705877,1428.97998046875
MRE,122.82919723922166,77.17205398148147,200.00125122070312,0.011111111111111112,0.011111111111111112,0.0,,0.0,,62.50000762939453,0.0,62.50000762939453,0.2750814295646573,0.3391776196000005,0.06409619003534317,0.07563409087061233,0.0028248218,0.07845891267061234,0.1133872950265864,0.2561965799142858,0.3695838749408722,0.08095229982857143,0.08095229982857143,0.0,8.973807874529847,46.808551374285706,37.83474349975586,0.08778732794381114,0.11820823174857167,0.2059955596923828,0.5010984974888686,166.64175428571426,167.14285278320312,72.40357360087066,194.8855499342856,267.28912353515625
AFR,0.04657141958815711,0.004142857142857143,0.05071427673101425,0.05670797807260297,0.8653699757428572,0.9220779538154602,0.0,0.0,0.0,0.0,0.0,0.0,0.0,0.0,0.0,0.0,0.0,0.0,0.0,0.0,0.0,0.33017029840000006,0.33017029840000006,0.0,63.856116418989885,98.54268563285707,34.68656921386719,0.15951362935700247,0.34220209034285715,0.5017157196998596,16.844774713850455,171.37605523142858,154.53128051757812,125.81449794820959,34.16946506448572,159.9839630126953
SWY,0.31206911345070004,0.4659152879292309,0.15384617447853088,0.06217871584658541,1.1267707499050625,1.188949465751648,,0.0,,,0.0,,0.0013490675384615384,0.0013490675384615384,0.0,0.0,0.0,0.0,0.0023589744,0.0023589744,0.0,0.004737704584615385,0.004737704584615385,0.0,0.12889517661538719,19.871104823384613,20.0,0.018531458576669102,0.06853146677230776,0.05000000819563866,7.395214210862349,169.70290769230766,162.3076934814453,19.05665241506985,76.28742252615383,57.230770111083984
LAU,0.007357902222222223,0.007357902222222223,0.0,0.08870036042936154,0.035425522553846164,0.1241258829832077,2.3944388628318585,2.3944388628318585,0.0,2.9090443918918916,2.9090443918918916,0.0,0.0,0.0,0.0,0.0,0.0,0.0,0.005411804,0.005411804,0.0,0.0810784017230769,0.0810784017230769,0.0,10.93604618033123,11.124350187384605,0.18830400705337524,0.06126295695138184,0.9833519972307703,0.9220890402793884,5.906730258834131,175.13750418461538,169.23077392578125,61.52749287692305,229.52749287692305,168.0
DDR,0.7444563674804954,128.60164173125003,127.85718536376953,0.0,0.0,0.0,,,,0.8851050426485578,4.607761769485716,3.722656726837158,0.17525044083595276,0.0,0.17525044083595276,0.0,0.0,0.0,0.17773891985416412,0.0,0.17773891985416412,0.004615384615384616,0.004615384615384616,0.0,23.58626237145974,21.081172320923073,44.66743469238281,0.11599471309099357,0.2549310114153846,0.3709257245063782,12.188285511328132,176.0344464,163.84616088867188,155.55615686798387,372.87151026153856,217.3153533935547
AFX,26.21407099063243,29.1528205424055,2.9387495517730713,0.2912907220731096,1.024119041145833,0.7328283190727234,0.0,0.0,0.0,0.0,0.0,0.0,0.35220824037194154,0.40891961235999963,0.05671137198805809,0.003962033833333334,0.003962033833333334,0.0,0.3739877449832182,0.41935685971000003,0.045369114726781845,0.03575443138960638,0.0482544204,0.01249998901039362,7.729583623434241,25.603748438333337,33.33333206176758,0.176482045902,0.176482045902,0.0,17.47478403333332,165.02521596666668,182.5,79.77107818220833,278.0613613853333,198.290283203125
UFI,9.159328930769224,17.159328930769224,8.0,,0.05555555555555555,,,0.0,,,0.0,,0.2658926657569587,0.2860946896654546,0.020202023908495903,0.0027428697090909095,0.0027428697090909095,0.0,1.3445245878325442,0.43325332239999975,1.777777910232544,0.035348798581818185,0.035348798581818185,0.0,13.934812320389304,13.539932476363626,27.47474479675293,0.6512747018071812,0.23761425330909075,0.888888955116272,6.434710130468744,153.2528864,146.81817626953125,121.87702761323433,107.21388425200004,229.09091186523438
ISV,38.6417388125,38.6417388125,0.0,0.0,0.0,0.0,4.950555052,4.950555052,0.0,43.308324999999996,43.308324999999996,0.0,0.0,0.0,0.0,0.0,0.0,0.0,0.3181818127632141,0.0,0.3181818127632141,0.3808138888087742,0.5171775292363636,0.13636364042758942,20.481691767286595,3.8028541311509048,24.2845458984375,0.158445889762581,0.6129913578545457,0.4545454680919647,12.94545038396663,156.5818181818182,143.63636779785156,284.4744890937392,517.4926928290907,233.01820373535156
ANA,27.822424811347407,25.337884026543218,53.160308837890625,,0.0,,,0.0,,,0.0,,0.032108118521172346,0.9247819876799995,0.9568901062011719,0.03331156744,0.03331156744,0.0,0.038205842350480856,0.40222899136400014,0.3640231490135193,0.10068080536,0.10068080536,0.0,7.875603903019552,42.31019474199998,50.18579864501953,0.056722519739248634,0.3443734923440002,0.2876509726047516,6.6200000000000045,157.62,151.0,15.677868120000028,159.67786812000003,144.0
CLO,2.1971753076923077,2.1971753076923077,0.0,0.0,0.0,0.0,0.5534921488080807,0.5534921488080807,0.0,0.06110603658473282,0.06110603658473282,0.0,0.0,0.0,0.0,0.0,0.0,0.0,0.0,0.0,0.0,0.20537136293348085,0.4978712926,0.29249992966651917,19.366953294632857,6.890548307539994,26.25750160217285,0.9373576653237158,0.51264238236,1.4500000476837158,48.47647450975782,105.63212229199999,154.1085968017578,388.50967747817174,549.1879306519999,160.67825317382812
OFF,9.1526619489975,13.421459526222227,22.574121475219727,,,,,,,,,,0.06565406705819557,0.09214225012444446,0.026488183066248894,0.008932158443525726,0.014256625994488889,0.005324467550963163,0.2464137744849708,0.1784757006222222,0.424889475107193,0.0016552329777777776,0.0016552329777777776,0.0,0.9337089610844771,6.192092712000004,5.258383750915527,0.16779588218514244,0.21463201884444436,0.3824279010295868,23.02149055111113,148.02149055111113,125.0,2.5667612248481078,194.7665670222222,197.3333282470703
STI,,3.3229667648536587,,0.5984635979126214,0.5984635979126214,0.0,0.22885192930698395,0.0,0.22885192930698395,,0.0,,0.0,0.0,0.0,0.0,0.0,0.0,0.01587225942222222,0.01587225942222222,0.0,0.2943973060289374,0.2167138342222223,0.5111111402511597,12.119051154945716,16.785717662666663,4.666666507720947,0.47355953408888907,0.9735595340888891,0.5,0.3738760800000023,169.62612392,170.0,322.57418319565176,80.09247329848888,402.6666564941406
CTH,,34.5132186,,0.0,0.0,0.0,3.724032795956698,3.8315225476712316,7.55555534362793,,,,0.0,0.0,0.0,0.0,0.0,0.0,0.0,0.0,0.0,0.06884942295788476,0.5626766169333334,0.4938271939754486,1.9187596246718224,7.463956554222221,9.382716178894043,0.13741869771343995,0.6312458916888886,0.4938271939754486,9.24444444444444,150.75555555555556,160.0,64.76892115918383,513.0554812177776,448.28656005859375
SFS,0.0,0.0,0.0,0.0,0.0,0.0,0.0,0.0,0.0,0.5849126777880327,1.3172627486951216,1.9021754264831543,0.01401468858862398,0.07993934796000002,0.06592465937137604,0.0,0.0,0.0,0.13417244482045287,0.2610560112,0.12688356637954712,0.0,0.0,0.0,20.329651762851558,29.242262910000004,49.57191467285156,0.09993741269062423,0.13041686992000007,0.03047945722937584,0.082855224609375,161.125,161.20785522460938,199.84266914609356,392.1694768500002,592.0121459960938
AWO,0.00378787574,0.00378787574,0.0,0.18665970209307248,0.81099826935,0.6243385672569275,0.0,0.0,0.0,0.0,0.0,0.0,0.0,0.0,0.0,0.0,0.0,0.0,0.0,0.0,0.0,0.0,0.0,0.0,13.445785418949228,29.89019002100001,16.44440460205078,0.4634537686262634,1.0724011053,0.6089473366737366,16.39270615000001,169.85729385,186.25,59.56117207000001,110.93882792999999,170.5
DOH,,,0.0,0.0,0.0,0.0,,,0.0,5.626229764110431,5.73611986,0.10989009588956833,0.0,0.0,0.0,0.0,0.0,0.0,0.07294342508571428,0.07294342508571428,0.0,0.0,0.0,0.0,101.17047697843752,83.30156891999998,184.4720458984375,1.0662542192579851,1.1283660216571436,0.06211180239915848,18.880903182170755,198.50024217142857,179.6193389892578,925.2878716038952,1108.3202507542858,183.03237915039062
SOD,0.4304803624868976,2.9326840654135333,2.5022037029266357,0.0,0.0,0.0,,,,,,,0.30737582097963745,0.51133849968,0.8187143206596375,0.0,0.0,0.0,0.060402579138360224,1.679359131028571,1.7397617101669312,0.08666497749058293,0.015944910228571432,0.10260988771915436,20.316885418939464,61.11688465600001,40.79999923706055,0.33437641389006023,2.7320760893142855,3.0664525032043457,1.8285692487444152,116.74285714285715,118.57142639160156,15.353465068571353,209.35346506857135,194.0
STW,,,,0.0,0.0,0.0,3.1375517325352646,3.9375528769444443,0.8000011444091797,,,,0.0,0.0,0.0,0.0,0.0,0.0,0.0,0.0,0.0,0.03929211160066348,0.5678507540571429,0.6071428656578064,1.9700555456079805,8.454182590285715,6.484127044677734,0.007466923813745474,1.2921877983999996,1.2996547222137451,3.37298745376674,159.08726662857143,155.7142791748047,47.41695812283095,145.5598185354286,98.14286041259766
UOZ,18.001969666666668,30.001969666666668,12.0,0.0,0.0,0.0,,,2.5,,,0.0,0.5242446880666668,0.5242446880666668,0.0,0.0,0.0,0.0,0.5271431593333331,0.5271431593333331,0.0,0.230158731341362,0.0,0.230158731341362,8.840446458631227,12.411874996000002,3.5714285373687744,0.11564418817103936,0.12641931926666664,0.242063507437706,21.039861647070296,152.29346660000002,173.3333282470703,61.92347846666661,269.9234784666666,208.0
MEI,0.017155207933333083,0.3921552079333331,0.375,0.025785739210937297,1.3591191122807005,1.3333333730697632,,0.0,,,0.0,,0.0,0.0,0.0,0.0,0.0,0.0,0.0,0.0,0.0,0.0,0.0,0.0,0.2649650828564454,19.08849528,18.823530197143555,0.004513505552804498,0.47510174259999993,0.47058823704719543,0.5333333333333314,159.46666666666667,160.0,92.90755819999998,291.0924418,384.0
ETL,10.513700844594592,20.51370084459459,10.0,,0.0,,,3.4559442158730174,,,,,0.16859816630046742,0.0010987160666666666,0.1696968823671341,0.0,0.0,0.0,0.28875261925130813,0.3173079452666667,0.6060605645179749,0.0,0.0,0.0,13.65662230642285,4.525195702,18.18181800842285,0.06631758907357183,0.29731878539999995,0.3636363744735718,19.333333333333343,169.33333333333334,150.0,2.240000000000009,170.24,168.0
AVE,,,0.04999999329447746,0.4305555820465088,0.0,0.4305555820465088,,,0.0,,,0.0,0.7339544973999996,0.7339544973999996,0.0,0.0,0.0,0.0,0.8185936336666668,0.8185936336666668,0.0,0.0,0.0,0.0,109.50702364855633,128.23559458666668,18.72857093811035,0.25160428377277766,0.7407961437333337,0.48919185996055603,16.917448399999984,153.08255160000002,170.0,38.38935685333337,130.38935685333337,92.0
SZR,9.563869347662308,27.89720331677852,18.33333396911621,0.0,0.0,0.0,,,0.0,,,0.0,0.15692505509686527,0.07593781976866665,0.23286287486553192,0.2243552604749105,0.48908785973333335,0.26473259925842285,0.1236652219038209,0.6773684108000001,0.5537031888961792,0.0,0.0,0.0,21.390796319986997,43.694973333333316,65.08576965332031,0.05751424953832596,0.14470782802000015,0.0871935784816742,2.26666666666668,157.73333333333332,160.0,42.84111066666665,202.84111066666665,160.0
JST,0.0,0.0,0.0,0.0,0.0,0.0,0.7847917128455284,0.7847917128455284,0.0,0.8193110979591837,0.8193110979591837,0.0,0.0,0.0,0.0,0.0,0.0,0.0,0.0,0.0,0.0,0.6503418904657098,0.8492667001599999,0.19892480969429016,97.63667244464061,70.32783561200002,167.96450805664062,1.689097558641194,4.264242018079997,5.953339576721191,2.3311066880000055,166.331106688,164.0,66.41721520615779,106.38278784560002,172.8000030517578
IFR,4.536581045343262,33.11047553424658,37.647056579589844,,0.0,,,0.0,,,10.59916629787234,,0.029411766678094864,0.0,0.029411766678094864,0.05967944132347916,0.01575575752,0.07543519884347916,0.14236196304469423,0.11775482271999999,0.2601167857646942,0.068,0.068,0.0,25.414692400842952,64.31179475679998,38.89710235595703,0.035488722981008886,0.19075855439999997,0.1552698314189911,2.63692592000001,164.63692592,162.0,367.93910886824216,473.73911191999997,105.80000305175781
IFW,,0.0,,0.0,0.0,0.0,,4.009912,,9.386847377538455,7.356013416528929,16.742860794067383,0.0,0.0,0.0,0.0,0.0,0.0,0.14958359588744252,0.1704163969600001,0.3199999928474426,0.13702586730813943,0.21702586552000008,0.07999999821186066,3.351356383839997,12.351356383839997,9.0,0.03766902395860641,0.23766904183999985,0.20000001788139343,2.663440720000011,152.66344072,150.0,8.618411040000012,344.61841104,336.0
CGS,11.393665374509801,11.393665374509801,0.0,0.05362318913043479,0.05362318913043479,0.0,0.0,0.0,0.0,0.02877409423076923,0.02877409423076923,0.0,0.03438732304,0.03438732304,0.0,0.1278991872,0.1278991872,0.0,0.33196094455999997,0.33196094455999997,0.0,0.15100159592,0.15100159592,0.0,49.907086008446484,50.35200779999998,0.4449217915534973,0.09788678245280302,0.4574854190800003,0.35959863662719727,3.3256441988593792,153.681527432,157.00717163085938,155.34585534779563,308.18139611928,152.83554077148438
PWN,0.44441817704918307,7.944418177049183,7.5,,0.0,,,,,,,,0.027431832648441172,0.03915132304988799,0.01171949040144682,0.03716118570175293,0.04073580896239999,0.0035746232606470585,0.010393853651929963,0.14333504008000003,0.13294118642807007,0.0,0.0,0.0,0.5376575693310663,1.9505993827999994,1.412941813468933,0.00982778791051997,0.068651324992,0.058823537081480026,2.7874881120000197,117.21251188799998,120.0,5.584244799999965,330.41575520000004,336.0
ATS,0.07915382365000001,0.07915382365000001,0.0,0.03089465942092895,0.7691053525,0.800000011920929,0.0,0.0,0.0,0.0,0.0,0.0,0.0009863004,0.0009863004,0.0,0.0,0.0,0.0,0.0,0.0,0.0,0.0,0.0,0.0,46.86027698674413,57.97138767399999,11.11111068725586,0.33175593277674575,0.6095337238000001,0.2777777910232544,17.335701200000017,183.58570120000002,166.25,22.91011396447189,118.33350786169999,141.24362182617188
RTH,155.97856846153846,19.02143153846154,175.0,0.026233371134020616,0.026233371134020616,0.0,,0.0,,2.308986347257732,1.6910136527422683,4.0,0.04682408903051388,0.11280436184000003,0.15962845087051392,0.0,0.0,0.0,0.0,0.0,0.0,0.0125,0.0125,0.0,24.187781346835948,104.00200559000001,79.81422424316406,0.06471022941301868,0.2642457780999999,0.1995355486869812,2.8837714000000005,172.8837714,170.0,2.5266459200000213,165.47335407999998,168.0
EUO,13.845025696957801,29.498316130434777,43.34334182739258,,0.0,,,5.0005505,,,0.0,,0.0012039633580347986,0.253805199463,0.2526012361049652,0.0,0.0,0.0,0.1332214711166992,0.207052386,0.3402738571166992,0.1304681087,0.1304681087,0.0,4.504376717507803,34.93728382199999,30.432907104492188,0.13693073156159583,0.23448468509000006,0.09755395352840424,3.254351700000001,165.7543517,162.5,153.15439663281245,518.387673,365.2332763671875
EMT,0.2647144277348641,4.683464237000001,4.418749809265137,,,0.0,,,0.0,,,0.0,0.09843840593752295,0.5980981230205002,0.4996597170829773,0.0,0.0,0.0,0.5365348471224298,0.81143382321,0.2748989760875702,0.0,0.0,0.0,86.0996743375625,31.707576639,117.8072509765625,0.3424775772524299,0.6173765533400001,0.2748989760875702,35.096461486718766,110.22842864999998,145.32489013671875,94.689776324375,152.548260785,247.238037109375
BPH,1.2512903447368253,1.9012902612903226,0.6499999165534973,0.6262904547735814,0.07926516303571429,0.7055556178092957,1.9371886539999996,1.9371886539999996,0.0,0.0,0.0,0.0,0.00019896055,0.00019896055,0.0,0.0,0.0,0.0,0.3749306649662887,0.6082640886999999,0.23333342373371124,0.19435820159999997,0.19435820159999997,0.0,18.9529011055957,42.60537837,23.652477264404297,0.0012435015450621423,0.5651979748000001,0.5664414763450623,16.904144110000004,145.59585589,162.5,142.55150103000005,271.55150103000005,129.0
AWW,10.061447202045452,10.061447202045452,0.0,0.06537017360626957,0.36287063225806454,0.4282408058643341,0.0,0.0,0.0,0.051893117999999995,0.051893117999999995,0.0,0.008378442933333334,0.008378442933333334,0.0,0.0,0.0,0.0,0.009927178266666666,0.009927178266666666,0.0,0.14230852973333333,0.14230852973333333,0.0,54.88042000613954,56.96375326000001,2.0833332538604736,0.22967804722593788,0.6180110449333334,0.8476890921592712,18.184160796158864,180.14913693333332,198.3332977294922,502.76728313599983,614.7672831359998,112.0
ASV,,,15.151515007019043,0.0,0.0,0.0,9.0,10.0,1.0,,,15.151517868041992,0.0,0.0,0.0,0.0,0.0,0.0,0.2076713153306432,0.037004395466666666,0.24467571079730988,0.4543618113333333,0.4543618113333333,0.0,4.495512747658449,9.389026904000001,4.893514156341553,0.2555692834693567,0.5002449942666666,0.24467571079730988,2.0,173.0,175.0,134.96288413333332,201.03711586666668,336.0
IHW,5.454049692434893,33.76250611333333,28.308456420898438,,0.0,,,3.428728714285714,,,9.320282895454547,,0.003643973386666667,0.003643973386666667,0.0,0.0,0.0,0.0,0.03423171093333334,0.03423171093333334,0.0,0.2073899923384918,0.2709400536,0.4783300459384918,10.64325623434172,17.33987669866667,6.696620464324951,0.009393841235912637,0.22977118173333327,0.2391650229692459,14.466666666666669,160.53333333333333,175.0,54.19753301866666,281.80246698133334,336.0
RWY,6.818965501886792,6.818965501886792,0.0,0.08333333333333333,0.08333333333333333,0.0,1.7205321948484853,1.7205321948484853,0.0,8.338215571428572,8.338215571428572,0.0,0.0,0.0,0.0,0.0,0.0,0.0,0.03571360133333334,0.03571360133333334,0.0,0.27302322760000003,0.27302322760000003,0.0,195.8491297548,4.150870245199999,200.0,0.3469747129333334,0.3469747129333334,0.0,28.599999999999994,161.4,190.0,140.16156968533332,27.83843031466667,168.0
LTJ,0.10224402972996627,2.0552864176923076,1.9530423879623413,,0.0,,,,,,,,0.6170845175999997,0.6170845175999997,0.0,5.253550105442106,0.03643602813333333,5.2899861335754395,1.8769503907198977,0.5572172327999998,2.4341676235198975,0.0,0.0,0.0,12.017596909910486,12.724413206666663,24.74201011657715,0.0,0.0,0.0,52.93409387646486,179.600758,126.66666412353516,99.64429731210936,241.33976239999998,141.69546508789062
SFH,76.51015799999999,76.51015799999999,0.0,0.0,0.0,0.0,,,0.0,9.46772990383911,17.0434855,7.575755596160889,0.03450153052323143,0.06643001392,0.03192848339676857,0.0,0.0,0.0,0.15708053058556526,0.2528659696000001,0.09578543901443481,0.0033364364,0.0033364364,0.0,108.84124657046873,37.582764660000024,146.42401123046875,0.1627121781237101,0.22656913746666665,0.06385695934295654,7.512992350260419,157.46666666666667,149.95367431640625,46.108165961067755,307.2493474666666,353.3575134277344
NES,31.31099255769231,18.68900744230769,50.0,0.0,0.0,0.0,,,,,,,0.2410742504,0.2410742504,0.0,0.0,0.0,0.0,0.06403415275999999,0.06403415275999999,0.0,0.2550980544090271,0.24,0.4950980544090271,9.404815284938476,23.757756798,14.352941513061523,0.0690400933045136,0.30350893389999994,0.37254902720451355,2.442526600000008,160.0574734,162.5,24.297663200000017,245.70233679999998,270.0
IRR,,19.615225,,0.0,0.0,0.0,2.39867436783725,3.0653414120000004,0.6666670441627502,,16.9476875,,0.0,0.0,0.0,0.0,0.0,0.0,0.018212545,0.018212545,0.0,0.0249667882,0.0249667882,0.0,4.802333543865083,5.702333222000001,0.8999996781349182,0.4703254152197677,0.6703254181999999,0.20000000298023224,1.5999999999999943,151.6,150.0,12.863282199999958,347.13671780000004,360.0
TUN,22.344584612244894,52.344584612244894,30.0,,0.0,,,0.0,,,0.0,,0.5031209883945891,0.5266693996,0.023548411205410957,0.020440411,0.020440411,0.0,0.6041168191818791,0.6276651689200001,0.023548349738121033,0.0,0.0,0.0,3.747424670097651,42.457103319999995,38.709678649902344,0.0203871433835629,0.16554842937999997,0.14516128599643707,5.757007200000004,165.7570072,160.0,74.24279713799999,117.75720286200001,192.0
IWV,2.309840122244701,24.924040714285717,22.614200592041016,,0.0,,,0.0,,,0.0,,0.022133213715745073,0.09710978461999999,0.07497657090425491,0.0,0.0,0.0,0.026687355892651365,0.1766404828,0.14995312690734863,0.02,0.02,0.0,9.817232443575676,23.875338865999993,14.058106422424316,0.057528646095745095,0.132505217,0.07497657090425491,17.20399169921876,167.8,150.59600830078125,2.0442539539062636,561.9553188,563.9995727539062
EON,2.9165926222643392,14.383412336842106,17.300004959106445,,0.0,,,,,,,,0.2425677777558197,0.048057168600000005,0.2906249463558197,0.1041323468,0.1041323468,0.0,0.3072552824452666,0.3077240196,0.0004687371547333896,0.0,0.0,0.0,7.085201986000001,16.569576986,9.484375,0.18620273961383313,0.18667148613999993,0.0004687465261667967,9.328172120000005,149.32817212,140.0,162.08849952761716,218.51374671999997,56.42524719238281
STO,,144.60433785185182,,0.0,0.0,0.0,,,,,,,0.062377636119999996,0.06262236388,0.125,0.0,0.0,0.0,0.18705816492092897,0.11294184699999998,0.30000001192092896,0.0047619048,0.0047619048,0.0,22.88712022,22.11287978,45.0,0.17103290569883883,0.07896707939999999,0.2499999850988388,12.667095947265636,166.2,178.86709594726562,277.6619768447265,476.01511099999993,198.35313415527344
ITW,0.0,0.0,0.0,0.0,0.0,0.0,0.2121212105263158,0.2121212105263158,0.0,0.0,0.0,0.0,0.0,0.0,0.0,0.0,0.0,0.0,0.0,0.0,0.0,0.28930852680094,0.5693086174,0.28000009059906006,34.92868626800001,68.571313732,103.5,0.7112614686102294,0.9912614399999999,0.2799999713897705,72.4,159.9,87.5,22.055684499999984,190.05568449999998,168.0
SFW,10.416672706604004,0.0,10.416672706604004,,0.0,,,0.0,,,0.3601384,,0.4905061823115161,0.0021945136800000003,0.4927006959915161,0.0,0.0,0.0,0.13047446310520172,0.0,0.13047446310520172,0.0,0.0,0.0,180.36093520276364,196.78429411999997,16.423358917236328,0.08477290642189407,0.0055555560000000006,0.09032846242189407,133.0,2.0,135.0,149.66546135166305,0.3345539071259999,150.00001525878906
IFU,,,,0.0,0.0,0.0,9.282517157717496,11.160806380434781,1.8782892227172852,,,,0.0,0.0,0.0,0.0,0.0,0.0,0.0,0.0,0.0,0.2259869422655792,0.46598692199999997,0.23999997973442078,2.340540065683715,3.6405400179999994,1.2999999523162842,0.12809399227348633,0.3980939732,0.26999998092651367,34.5,165.5,200.0,139.20843979999998,187.20843979999998,48.0
VFI,0.03858905912599999,0.03858905912599999,0.0,0.11832437895931935,0.9317159853061225,1.050040364265442,0.0,0.0,0.0,0.0,0.0,0.0,0.1008623418,0.1008623418,0.0,0.0,0.0,0.0,0.036369151,0.036369151,0.0,0.014114973,0.014114973,0.0,29.651312754042976,40.08357136000001,10.432258605957031,0.07912398582504834,0.20185447191999997,0.12273048609495163,28.099999999999994,164.1,136.0,26.461934653999997,39.961934654,13.5
EEI,254.14571634928384,0.020833333333333332,254.1665496826172,,0.9693748392,,,0.0,,,0.0,,0.016,0.016,0.0,0.04637498781085014,0.0,0.04637498781085014,0.04637494683265686,0.0,0.04637494683265686,0.0,0.0,0.0,31.08581097978516,10.0637633,41.149574279785156,0.11511845569393608,0.3110688147999999,0.19595035910606384,14.0,146.0,160.0,110.89804460000002,225.10195539999998,336.0
SFG,0.0,0.0,0.0,0.0,0.0,0.0,0.0,0.0,0.0,0.0,0.0,0.0,0.0,0.0,0.0,0.0,0.0,0.0,0.0,0.0,0.0,0.0,0.0,0.0,0.0,200.0,200.0,0.0,0.0,0.0,74.74034958304688,70.30673904,145.04708862304688,650.6510322917187,45.93752971999999,696.5885620117188
LOS,4.093827291999999,5.093827291999999,1.0,,,,,,,,,,0.5716054131999999,0.8216054131999999,0.25,0.0,0.0,0.0,1.2394260127198975,1.1947416108,2.4341676235198975,0.0,0.0,0.0,91.39829470884376,39.85164425599999,131.24993896484375,4.3729301276,0.6270698723999999,5.0,19.053130400000015,114.05313040000001,95.0,172.97969319999999,91.0203068,264.0
SFV,16.66666603088379,0.0,16.66666603088379,,0.0,,,0.0,,,0.0,,0.08956270904727937,0.004776915,0.09433962404727936,0.0,0.0,0.0,0.2723521900406769,0.0106666672,0.2830188572406769,0.04,0.04,0.0,149.15535158249025,177.45723528000002,28.301883697509766,0.1408198017957199,0.0478594612,0.1886792629957199,159.999262,159.999262,0.0,425.824404,425.824404,0.0
IFO,,0.0,,0.035717968,0.035717968,0.0,,0.0,,,0.0,,0.0,0.0,0.0,0.0,0.0,0.0,0.2638529588,0.2638529588,0.0,0.4103346612,0.0896653388,0.5,12.834864880000001,25.83486488,13.0,0.05768197440000011,0.4423180255999999,0.5,1.0,151.0,150.0,17.945373071999995,174.054626928,192.0
RTE,,,0.0,0.0,0.0,0.0,,,0.0,,,0.0,0.0,0.0,0.0,0.0,0.0,0.0,0.3376583383999999,0.3376583383999999,0.0,0.0,0.0,0.0,117.6101396,82.3898604,200.0,3.828511244,3.828511244,0.0,0.0,150.0,150.0,2519.4028264,2519.4028264,0.0
MER,10.888966778260869,10.888966778260869,0.0,0.0,0.0,0.0,,,0.0,9.142831,9.142831,0.0,0.0,0.0,0.0,0.1920895908,0.1920895908,0.0,0.421690546,0.421690546,0.0,0.0,0.0,0.0,24.17085929162208,24.203506160000003,0.032646868377923965,5.719208575077637,0.3783742419999999,6.097582817077637,5.599999999999994,155.6,150.0,131.3712484,299.3712484,168.0
AFN,0.0,0.0,0.0,0.3110308032,0.6889691968,1.0,0.0,0.0,0.0,0.0,0.0,0.0,0.0,0.0,0.0,0.0,0.0,0.0,0.0,0.0,0.0,0.1943661872,0.1943661872,0.0,18.357280439999997,38.35728044,20.0,3.021875242829884,3.12187524432,0.10000000149011612,1.1979192000000012,151.1979192,150.0,4.5860202,48.5860202,44.0
APC,0.244,0.006,0.25,0.2343395011999999,0.7656604988000001,1.0,,0.0,,,0.0,,0.0,0.0,0.0,0.0,0.0,0.0,0.0,0.0,0.0,0.0,0.0,0.0,10.089384847255861,18.97827416,8.88888931274414,0.23975607092209317,0.46197829479999997,0.2222222238779068,51.71377308710936,145.25287120000002,196.96664428710938,205.14515197753906,26.12,231.26515197753906
SFN,,0.0,,0.0,0.0,0.0,,0.0,,8.650468068041992,6.501049800000001,15.151517868041992,0.04404638129871718,0.049762247320000015,0.0938086286187172,0.0,0.0,0.0,0.08954433110905455,0.19188159200000002,0.28142592310905457,0.02,0.02,0.0,40.61700345783203,79.07854368,38.46154022216797,0.018654168037434443,0.16896308919999994,0.1876172572374344,5.599999999999994,154.4,160.0,195.89841160000003,387.89841160000003,192.0
SSY,,,,0.0,0.0,0.0,,,,3.605430209005604,20.20410195652174,23.809532165527344,0.0030749982199073933,0.07985039260000001,0.07677539438009262,0.0,0.0,0.0,0.06565956368916015,0.3343735148,0.26871395111083984,0.0,0.0,0.0,1.4070901819335901,41.714196199999996,40.307106018066406,0.054136652223650245,0.13780194175999996,0.1919385939836502,0.0,160.0,160.0,168.9779768,119.0220232,288.0
PUN,17.1883740132,17.1883740132,0.0,,0.7783908500000001,,,,0.0,,,0.0,0.018206148,0.018206148,0.0,0.0,0.0,0.0,0.040969696799999955,0.5409696968,0.5,0.0,0.0,0.0,14.392721119999997,17.392721119999997,3.0,0.0701969724,0.5701969724,0.5,1.7415143999999998,151.7415144,150.0,61.45091975999998,274.54908024,336.0
LTL,18.69156314705137,0.3084349455999999,18.999998092651367,,1.0,,,,,,,,0.0,0.0,0.0,0.949999988079071,0.0,0.949999988079071,0.9499996900558472,0.0,0.9499996900558472,0.0,0.0,0.0,29.102539919999998,15.147460080000004,44.25,1.3323738368,1.3323738368,0.0,20.0,200.0,180.0,59.195130168,12.804869832,72.0
UOS,,0.0,,0.23677090916666665,0.23677090916666665,0.0,0.6081278130434783,0.3918721869565217,1.0,,0.0,,0.003135872,0.003135872,0.0,0.0,0.0,0.0,0.2176145532,0.2176145532,0.0,0.20353189160000001,0.0464681084,0.25,33.519090416000004,38.519090416000004,5.0,0.4767531935999999,0.7267531935999999,0.25,31.599999999999994,138.4,170.0,58.417269704480006,109.58273029552,168.0
CGF,,6.25,,0.23338451875,0.23338451875,0.0,,0.0,,,0.0,,0.00457971,0.00457971,0.0,0.0,0.0,0.0,0.0034105712,0.0034105712,0.0,0.04,0.04,0.0,97.02967084,97.02967084,0.0,1.1791985545067047,1.4546083424,0.2754097878932953,12.800000000000011,172.8,160.0,33.47039319999999,134.5296068,168.0
AHT,0.0,0.0,0.0,0.11708206359999995,0.8829179364,1.0,0.0,0.0,0.0,0.0,0.0,0.0,0.0,0.0,0.0,0.0,0.0,0.0,0.0,0.0,0.0,0.0,0.0,0.0,11.175541919999997,23.675541919999997,12.5,0.09427797919999997,0.3442779792,0.25,48.400000000000006,168.4,120.0,92.76813941600003,128.76813941600003,36.0
VET,,,,0.0,0.0,0.0,,,,,,,0.0,0.0,0.0,0.0,0.0,0.0,0.00828248312092894,0.2917175288,0.30000001192092896,0.0,0.0,0.0,4.230160960000006,34.230160960000006,30.0,0.028006687920928974,0.271993324,0.30000001192092896,22.80000000000001,172.8,150.0,31.068795599999987,175.0687956,144.0
ABW,0.0,0.0,0.0,0.0,0.0,0.0,0.0,0.0,0.0,0.0,0.0,0.0,0.2614154744,0.2614154744,0.0,0.0,0.0,0.0,0.0158481504,0.0158481504,0.0,0.0,0.0,0.0,93.75348334146973,110.40348296,16.649999618530273,1.2390586752,0.2609413248,1.5,30.080725959999995,105.08072596,75.0,4.951190480000008,76.95119048000001,72.0
PWW,2.7115711559999998,12.711571156,10.0,,,,,,,,,,0.0,0.0,0.0,0.0,0.0,0.0,0.0,0.0,0.0,0.24505024102573247,0.6640412316,0.9090914726257324,0.20269240589428783,4.748146908000001,4.545454502105713,0.0015436379540176293,0.228816372,0.22727273404598236,1.0,174.0,175.0,17.279999999999973,318.72,336.0
