Si/Al,Al/P,Si/Ge,Si/B,Na/T,K/T,OH/T,F/T,H2O/T,sda1/T,cryst_temp,cryst_time
16.652174,1.7179967,99.0,250.0,0.17752215,0.0,0.1940867,0.0,23.857733,0.15,140.0,48.0
20.0,1.7179967,99.0,250.0,0.3789426,0.0,0.42834863,0.0,30.0,0.25,160.0,24.0
60.0,1.7179967,99.0,250.0,0.36887845,0.0,0.2434283,0.0,23.865877,0.18181819,120.0,168.0
400.0,0.0,99.0,250.0,0.24999218,0.0,0.19354838,0.0,25.641026,0.16167594,140.0,24.0
35.0,1.7179967,99.0,250.0,0.5098222,0.0,0.32661197,0.0,20.503942,0.15,160.0,10.704957
37.734203,1.7179967,99.0,250.0,0.40252396,0.0,0.29541716,0.0,25.0,0.15,160.0,6.0
400.0,0.0,99.0,250.0,0.415302,0.0,0.19986735,0.0,25.641026,0.09707297,160.0,24.0
28.917473,1.7179967,99.0,250.0,0.45774803,0.0,0.29957634,0.0,19.86412,0.125,140.0,24.0
62.5,1.7179967,99.0,250.0,0.26926053,0.0,0.23292355,0.0,20.408163,0.15,140.0,60.0
50.0,1.7179967,99.0,250.0,0.401544,0.0,0.23345722,0.0,22.200203,0.19736528,140.0,12.0
20.0,1.7179967,99.0,250.0,0.49870142,0.0,0.2597101,0.0,22.157967,0.14349547,160.0,12.0
400.0,0.0,99.0,250.0,0.0,0.0,0.08992675,0.0,2.0080843,0.083333336,135.0,149.8429
20.0,1.7179967,99.0,250.0,0.21515962,0.0,0.11609411,0.0,25.0,0.0,160.0,24.0
19.864737,1.7179967,99.0,250.0,0.40878,0.0,0.25000998,0.0,20.0,0.15665919,160.0,14.0
30.0,1.7179967,99.0,250.0,0.46973854,0.0,0.3428275,0.0,22.630186,0.09090909,160.0,19.84217
400.0,0.0,99.0,250.0,0.22987558,0.0,0.16666667,0.0,28.688387,0.10467174,140.0,12.0
41.12889,1.7179967,99.0,250.0,0.48299745,0.0,0.21571362,0.0,22.185207,0.125,140.0,96.0
10.0,1.7179967,99.0,250.0,0.33392248,0.0,0.20041826,0.0,25.0,0.0,140.0,8.797492
15.789207,1.7179967,99.0,250.0,0.3869893,0.0,0.38768074,0.0,20.859577,0.15,150.0,120.0
30.0,1.7179967,99.0,250.0,0.28819832,0.0,0.19812265,0.0,22.461216,0.125,160.0,12.0
50.0,1.7179967,99.0,250.0,0.41606188,0.0,0.22600041,0.0,30.0,0.1,160.0,96.0
32.050533,1.7179967,99.0,250.0,0.30983797,0.0,0.1895116,0.0,25.641026,0.098573714,135.0,24.0
30.0,1.7179967,99.0,250.0,0.24996395,0.0,0.25956896,0.0,20.408163,0.14998278,160.0,48.0
12.5,1.7179967,99.0,250.0,0.19524288,0.0,0.26666668,0.0,17.985611,0.12018332,140.0,24.0
50.0,1.7179967,99.0,250.0,0.3638479,0.0,0.3,0.0,20.0,0.14283468,160.0,48.0
30.03003,1.7179967,99.0,250.0,0.333917,0.0,0.2,0.0,21.500074,0.17105931,160.0,24.0
9.091,1.7179967,99.0,250.0,0.47850084,0.0,0.21342151,0.0,23.998457,0.14418532,140.0,11.46505
18.182,1.7179967,99.0,250.0,0.49136108,0.0,0.19607823,0.0,24.43065,0.125,160.0,12.0
50.0,1.7179967,99.0,250.0,0.36290425,0.0,0.29931945,0.0,22.167488,0.097200364,160.0,72.0
31.956118,1.7179967,99.0,250.0,0.4080429,0.0,0.19333187,0.0,25.0,0.0719401,160.0,20.0
18.56138,1.7179967,99.0,250.0,0.29910547,0.0,0.20308797,0.0,23.808449,0.18573454,160.0,6.9939375
40.0,1.7179967,99.0,250.0,0.3084632,0.0,0.16666667,0.0,22.92841,0.09677419,160.0,17.819532
20.0,1.7179967,99.0,250.0,0.3298136,0.0,0.2757481,0.0,24.016384,0.11776694,160.0,8.0
60.0,1.7179967,99.0,250.0,0.36032695,0.0,0.259976,0.0,24.46921,0.17675647,160.0,48.0
25.0,1.7179967,99.0,250.0,0.41095507,0.0,0.23437586,0.0,23.89033,0.17423306,160.0,4.0
400.0,0.0,99.0,250.0,0.0,0.0,0.16465089,0.0,20.0,0.18725272,170.0,12.0
400.0,0.0,99.0,250.0,0.0,0.0,0.1461307,0.0,42.955475,0.1,150.0,504.0
400.0,0.0,99.0,250.0,0.0,0.0,0.7481303,0.0,41.70694,0.47035062,160.0,135.10469
15.150726,1.7179967,99.0,250.0,0.31940243,0.0,0.2,0.0,23.607319,0.14827776,160.0,6.0
400.0,0.0,99.0,250.0,0.0,0.0,0.23275787,0.0,42.19212,0.097833715,150.0,144.0
30.0,1.7179967,99.0,250.0,0.39172885,0.0,0.4034355,0.0,20.99163,0.23809524,160.0,12.0
50.0,1.7179967,99.0,250.0,0.44314596,0.0,0.10995937,0.0,22.205555,0.0,160.0,20.762081
50.0,1.7179967,99.0,250.0,0.2857143,0.0,0.2,0.0,20.105167,0.19342387,160.0,72.0
400.0,0.0,99.0,250.0,0.0,0.0,0.23024657,0.0,42.88044,0.125,150.0,120.0
15.0,1.7179967,99.0,250.0,0.4,0.0,0.19827528,0.0,20.408163,0.1,140.0,48.0
400.0,0.0,99.0,250.0,0.23348866,0.0,0.2918823,0.0,41.02121,0.1910489,160.0,128.6027
13.908162,1.7179967,99.0,250.0,0.52205527,0.0,0.25998795,0.0,21.340979,0.11779477,140.0,16.0
10.0,1.7179967,99.0,250.0,0.577026,0.0,0.35581717,0.0,22.104074,0.09799398,140.0,10.0
20.0,1.7179967,99.0,250.0,0.23417246,0.0,0.17460804,0.0,21.801424,0.16690029,140.0,96.0
12.5,1.7179967,99.0,250.0,0.19414188,0.0,0.28,0.0,21.680874,0.17005233,140.0,96.0
14.3023815,1.7179967,99.0,250.0,0.4,0.0,0.2879716,0.0,20.780495,0.16190477,160.0,6.0
20.0,1.7179967,99.0,250.0,0.2895049,0.0,0.34916484,0.0,16.816095,0.23258781,160.0,8.0
40.432957,1.7179967,99.0,250.0,0.41043273,0.0,0.23196489,0.0,22.85686,0.11895578,160.0,18.0
400.0,0.0,99.0,250.0,0.41591382,0.0,0.1709459,0.0,25.981972,0.08039396,140.0,24.0
40.0,1.7179967,99.0,250.0,0.54833895,0.0,0.28329295,0.0,20.21219,0.07890167,160.0,72.0
400.0,0.0,99.0,250.0,0.0,0.0,0.2433216,0.0,41.33858,0.18749414,150.0,192.0
45.00245,1.7179967,99.0,250.0,0.4513485,0.0,0.3953867,0.0,24.795237,0.24038461,160.0,6.0
400.0,0.0,99.0,250.0,0.1904762,0.0,0.22034825,0.0,25.0,0.09812456,160.0,96.0
400.0,0.0,99.0,250.0,0.0,0.0,0.18164288,0.0,25.0,0.2,180.0,24.0
10.0,1.7179967,99.0,250.0,0.46753997,0.0,0.4128745,0.0,25.641026,0.1872356,140.0,12.0
400.0,0.0,99.0,250.0,0.19582336,0.0,0.14681023,0.0,23.113422,0.09892276,160.0,24.0
14.925373,1.7179967,99.0,250.0,0.5,0.0,0.49911985,0.0,20.0,0.0952381,140.0,12.0
50.0,1.7179967,99.0,250.0,0.34827176,0.0,0.247656,0.0,24.990997,0.2,160.0,119.977844
51.60029,1.7179967,99.0,250.0,0.35700265,0.0,0.15574777,0.0,24.038094,0.16458757,140.0,96.0
50.0,1.7179967,99.0,250.0,0.2898257,0.0,0.19354838,0.0,25.641026,0.14523497,140.0,120.0
50.0,1.7179967,99.0,250.0,0.4,0.0,0.25,0.0,22.235949,0.15,160.0,24.0
30.0,1.7179967,99.0,250.0,0.3193665,0.0,0.13775001,0.0,24.384464,0.056958567,160.0,12.0
13.5992,1.7179967,99.0,250.0,0.4,0.0,0.18181819,0.0,20.810463,0.083333336,140.0,24.0
6.4935064,1.7179967,99.0,250.0,0.3573017,0.0,0.17525057,0.0,24.526417,0.069881015,140.0,24.0
40.705776,1.7179967,99.0,250.0,0.45915744,0.0,0.15980731,0.0,22.218878,0.05,160.0,23.496141
46.090797,1.7179967,99.0,250.0,0.49799782,0.0,0.39215687,0.0,25.475754,0.125,160.0,6.0
20.710175,1.7179967,99.0,250.0,0.34924755,0.0,0.32370383,0.0,20.0,0.24038461,160.0,20.0
50.0,1.7179967,99.0,250.0,0.3650055,0.0,0.26096866,0.0,21.461708,0.18181819,160.0,12.0
59.83619,1.7179967,99.0,250.0,0.3947336,0.0,0.16298456,0.0,25.0,0.125,140.0,120.0
400.0,0.0,99.0,250.0,0.40830064,0.0,0.19866414,0.0,39.64867,0.09951307,150.0,363.82816
400.0,0.0,99.0,250.0,0.1459661,0.0,0.17772788,0.0,23.280783,0.09090909,170.0,24.0
19.12202,1.7179967,99.0,250.0,0.48261654,0.0,0.35964823,0.0,20.0,0.25,160.0,13.649838
37.650784,1.7179967,99.0,250.0,0.36369962,0.0,0.18539268,0.0,25.0,0.11015804,160.0,10.0
67.411095,1.7179967,99.0,250.0,0.34397247,0.0,0.25270033,0.0,27.18831,0.0585978,160.0,72.0
80.0,1.7179967,99.0,250.0,0.583973,0.0,0.30214065,0.0,26.774126,0.125,140.0,81.72876
12.5,1.7179967,99.0,250.0,0.52752775,0.0,0.33730355,0.0,22.652536,0.16428043,140.0,16.734184
38.248867,1.7179967,99.0,250.0,0.28898793,0.0,0.3007723,0.0,24.999666,0.12510657,140.0,65.0
14.992504,1.7179967,99.0,250.0,0.4431011,0.0,0.23897812,0.0,22.082699,0.16211478,140.0,18.0
30.03003,1.7179967,99.0,250.0,0.3570831,0.0,0.2350494,0.0,25.0,0.125,160.0,6.0
400.0,0.0,99.0,250.0,0.38953173,0.0,0.19185558,0.0,25.0,0.096372865,160.0,24.0
10.0,1.7179967,99.0,250.0,0.2857143,0.0,0.3,0.0,21.306658,0.22727273,140.0,8.0
10.0,1.7179967,99.0,250.0,0.41494957,0.0,0.24195904,0.0,24.383612,0.11525397,140.0,24.0
14.937951,1.7179967,99.0,250.0,0.28132865,0.0,0.24526542,0.0,27.426302,0.15706645,160.0,120.0
48.691685,1.7179967,99.0,250.0,0.3948798,0.0,0.18612987,0.0,24.76226,0.09677419,138.56934,96.0
50.0,1.7179967,99.0,250.0,0.35652086,0.0,0.27461985,0.0,23.913044,0.14461394,160.0,72.0
48.499577,1.7179967,99.0,250.0,0.40341678,0.0,0.558569,0.0,24.5,0.15,160.0,14.0
14.925373,1.7179967,99.0,250.0,0.48747876,0.0,0.2446871,0.0,20.887732,0.083333336,170.0,8.0
34.496006,1.7179967,99.0,250.0,0.19354838,0.0,0.34291363,0.0,17.590181,0.25,160.0,8.0
400.0,0.0,99.0,250.0,0.2967592,0.0,0.1827727,0.0,25.0,0.14420895,170.0,21.887674
58.80135,1.7179967,99.0,250.0,0.2857143,0.0,0.24016027,0.0,22.24835,0.09835722,140.0,12.0
14.94747,1.7179967,99.0,250.0,0.19126058,0.0,0.25,0.0,23.808237,0.09999898,160.0,9.640323
15.0,1.7179967,99.0,250.0,0.41389176,0.0,0.30721733,0.0,24.665033,0.09563632,140.0,24.0
50.0,1.7179967,99.0,250.0,0.37225398,0.0,0.46911892,0.0,25.0,0.15,135.0,72.0
21.565231,1.7179967,99.0,250.0,0.45457208,0.0,0.2,0.0,20.0,0.11129839,160.0,10.0
31.75266,1.7179967,99.0,250.0,0.41036332,0.0,0.28098378,0.0,20.776663,0.09994447,160.0,24.0
15.06189,1.7179967,99.0,250.0,0.52044815,0.0,0.19633898,0.0,20.561417,0.0952381,160.0,21.787573
34.97963,1.7179967,99.0,250.0,0.3612693,0.0,0.2773621,0.0,21.634605,0.13511217,160.0,48.0
400.0,0.0,99.0,250.0,0.0,0.0,0.19354838,0.0,40.0,0.09704449,150.0,144.0
10.0,1.7179967,99.0,250.0,0.4,0.0,0.19173281,0.0,22.811806,0.14085251,140.0,34.89083
40.0,1.7179967,99.0,250.0,0.3407554,0.0,0.28375262,0.0,21.161842,0.1496822,160.0,67.44046
10.0,1.7179967,99.0,250.0,0.17994513,0.0,0.3291793,0.0,17.976229,0.22727273,140.0,24.0
10.0,1.7179967,99.0,250.0,0.5730586,0.0,0.2958204,0.0,20.60867,0.13946377,140.0,12.0
30.0,1.7179967,99.0,250.0,0.19368388,0.0,0.3412777,0.0,25.0,0.16666667,160.0,12.0
15.0,1.7179967,99.0,250.0,0.30320975,0.0,0.24418059,0.0,24.20573,0.18402635,140.0,5.0
68.77638,1.7179967,99.0,250.0,0.53337216,0.0,0.32,0.0,20.0,0.13677062,142.02095,72.0
26.68281,1.7179967,99.0,250.0,0.45653933,0.0,0.26941845,0.0,19.228886,0.1,160.0,14.0
50.0,1.7179967,99.0,250.0,0.29065412,0.0,0.25,0.0,33.030865,0.13850908,160.0,72.0
45.006046,1.7179967,99.0,250.0,0.35740477,0.0,0.15967673,0.0,30.36892,0.09677419,140.0,79.74752
49.725586,1.7179967,99.0,250.0,0.38381276,0.0,0.3388877,0.0,23.830692,0.14150439,160.0,96.0
400.0,0.0,99.0,250.0,0.0,0.0,0.1553398,0.0,26.553736,0.09716183,160.0,120.0
25.0,1.7179967,99.0,250.0,0.4,0.0,0.3,0.0,24.412167,0.18984364,160.0,24.0
20.0,1.7179967,99.0,250.0,0.44950014,0.0,0.21629316,0.0,25.0,0.09796779,160.0,15.026545
48.525627,1.7179967,99.0,250.0,0.415558,0.0,0.1960732,0.0,22.21287,0.09677419,140.0,3.1065836
74.44706,1.7179967,99.0,250.0,0.35803714,0.0,0.25,0.0,25.0,0.18047264,140.0,96.0
400.0,0.0,99.0,250.0,0.0,0.0,0.27608454,0.0,41.33858,0.1861329,150.0,480.0
15.0,1.7179967,99.0,250.0,0.42732337,0.0,0.33890766,0.0,19.568968,0.125,160.0,12.0
42.45461,1.7179967,99.0,250.0,0.24117339,0.0,0.22554247,0.0,22.273426,0.15687853,140.0,24.0
400.0,0.0,99.0,250.0,0.16534716,0.0,0.40498757,0.0,39.977787,0.2293578,160.0,24.0
22.979431,1.7179967,99.0,250.0,0.37049899,0.0,0.19202246,0.0,22.74375,0.16286078,160.0,15.0
30.30303,1.7179967,99.0,250.0,0.3980121,0.0,0.32401207,0.0,17.331022,0.14147632,160.0,16.0
49.755882,1.7179967,99.0,250.0,0.41490757,0.0,0.18913093,0.0,19.3441,0.125,160.0,17.246002
19.073956,1.7179967,99.0,250.0,0.4057381,0.0,0.19420514,0.0,25.0,0.0952381,160.0,108.0
400.0,0.0,99.0,250.0,0.098909296,0.0,0.32704854,0.0,40.89148,0.23809524,150.0,360.0
400.0,0.0,99.0,250.0,0.18521258,0.0,0.14915776,0.0,41.305553,0.09677419,150.0,336.0
400.0,0.0,99.0,250.0,0.0,0.0,0.28,0.0,40.0,0.14380215,150.0,168.0
10.0,1.7179967,99.0,250.0,0.41687945,0.0,0.15370019,0.0,18.82353,0.099920794,140.0,24.0
15.0,1.7179967,99.0,250.0,0.43141297,0.0,0.19406517,0.0,23.728102,0.080651075,160.0,72.0
19.95845,1.7179967,99.0,250.0,0.1,0.0,0.4419231,0.0,20.0,0.24259208,140.0,96.0
10.0,1.7179967,99.0,250.0,0.51934147,0.0,0.22899769,0.0,24.998343,0.09677419,140.0,4.0
400.0,0.0,99.0,250.0,0.362529,0.0,0.2,0.0,27.272728,0.09994447,140.0,24.0
10.0,1.7179967,99.0,250.0,0.38600755,0.0,0.299984,0.0,25.0,0.18181819,140.0,45.247913
50.0,1.7179967,99.0,250.0,0.29346943,0.0,0.27196684,0.0,22.062267,0.18181819,160.0,72.0
30.30303,1.7179967,99.0,250.0,0.52922475,0.0,0.15897158,0.0,23.3503,0.125,140.0,168.0
40.0,1.7179967,99.0,250.0,0.49815392,0.0,0.21598965,0.0,23.90878,0.11017529,140.0,24.0
15.0,1.7179967,99.0,250.0,0.26198533,0.0,0.16668616,0.0,17.985956,0.09999136,160.0,15.487673
33.333332,1.7179967,99.0,250.0,0.41836742,0.0,0.39215687,0.0,18.419125,0.16930738,160.0,24.0
14.992504,1.7179967,99.0,250.0,0.4490521,0.0,0.19999456,0.0,20.39454,0.15339656,160.0,24.0
45.915646,1.7179967,99.0,250.0,0.34874332,0.0,0.25413048,0.0,29.721458,0.16053362,140.0,120.0
20.865381,1.7179967,99.0,250.0,0.37730014,0.0,0.3,0.0,21.878517,0.2,160.0,6.0
21.04519,1.7179967,99.0,250.0,0.4135471,0.0,0.5,0.0,19.675114,0.23809524,140.0,14.0
27.029848,1.7179967,99.0,250.0,0.4,0.0,0.27513877,0.0,23.913044,0.08490134,135.0,292.8679
400.0,0.0,99.0,250.0,0.17541453,0.0,0.23214905,0.0,40.0,0.15,150.0,360.0
59.996037,1.7179967,99.0,250.0,0.5126452,0.0,0.3,0.0,25.0,0.16179375,160.0,5.0
47.437134,1.7179967,99.0,250.0,0.34909284,0.0,0.25,0.0,21.948029,0.19269782,160.0,12.0
10.004324,1.7179967,99.0,250.0,0.28317943,0.0,0.19989838,0.0,23.016865,0.09677419,125.0,336.0
60.0,1.7179967,99.0,250.0,0.399911,0.0,0.28681085,0.0,26.367735,0.18761566,160.0,108.0
13.42606,1.7179967,99.0,250.0,0.58064514,0.0,0.3,0.0,25.0,0.06606017,150.0,72.0
15.796861,1.7179967,99.0,250.0,0.42887,0.0,0.37604833,0.0,20.0,0.0952381,160.0,6.002945
400.0,0.0,99.0,250.0,0.22770418,0.0,0.2779629,0.0,33.333332,0.14329383,160.0,24.0
14.925373,1.7179967,99.0,250.0,0.4290184,0.0,0.23290476,0.0,23.056408,0.14474803,140.0,15.0
400.0,0.0,99.0,250.0,0.18193887,0.0,0.14001259,0.0,26.257305,0.096619315,170.0,24.0
400.0,0.0,99.0,250.0,0.2969543,0.0,0.2598093,0.0,40.07208,0.14983732,150.0,336.0
30.03003,1.7179967,99.0,250.0,0.2592668,0.0,0.16991073,0.0,25.0,0.098906,140.0,96.0
10.00657,1.7179967,99.0,250.0,0.19217226,0.0,0.0,0.1923077,4.5454545,0.19900498,135.0,240.0
50.0,1.7179967,99.0,250.0,0.4020223,0.0,0.26666668,0.0,25.0,0.04167133,140.0,96.0
50.0,1.7179967,99.0,250.0,0.35038644,0.0,0.19354838,0.0,24.8434,0.096991204,160.0,72.0
30.0,1.7179967,99.0,250.0,0.37801272,0.0,0.39215687,0.0,20.0,0.09991955,160.0,12.0
71.66333,1.7179967,99.0,250.0,0.367931,0.0,0.16666667,0.0,26.429184,0.08231667,140.0,96.0
50.0,1.7179967,99.0,250.0,0.569389,0.0,0.35551518,0.0,21.499374,0.16190477,140.0,24.0
50.0,1.7179967,99.0,250.0,0.3995271,0.0,0.24956813,0.0,25.0,0.19607843,160.0,72.0
15.151515,1.7179967,99.0,250.0,0.41890872,0.0,0.14253572,0.0,38.46154,0.075,120.0,432.39444
20.0,1.7179967,99.0,250.0,0.3867605,0.0,0.33301222,0.0,22.22633,0.16666667,160.0,4.0
400.0,0.0,99.0,250.0,0.09959361,0.0,0.3149659,0.0,25.0,0.24882933,160.0,11.249199
12.5,1.7179967,99.0,250.0,0.3887839,0.0,0.19115303,0.0,23.888998,0.17311703,140.0,48.0
16.447546,1.7179967,99.0,250.0,0.4,0.0,0.18234287,0.0,21.824383,0.17123483,140.0,50.0
400.0,0.0,99.0,250.0,0.34415627,0.0,0.16491951,0.0,25.0,0.05927482,160.0,24.0
18.182,1.7179967,99.0,250.0,0.2984355,0.0,0.1961945,0.0,21.650063,0.14695117,160.0,8.0
400.0,0.0,99.0,250.0,0.3687065,0.0,0.2,0.0,40.791294,0.1414825,135.0,346.5044
400.0,0.0,99.0,250.0,0.0,0.0,0.34284735,0.0,40.0,0.23809524,160.0,24.0
20.0,1.7179967,99.0,250.0,0.4,0.0,0.29895374,0.0,20.608019,0.19277963,160.0,13.588686
50.0,1.7179967,99.0,250.0,0.3579958,0.0,0.1351289,0.0,20.0,0.09816332,140.0,72.0
19.931494,1.7179967,99.0,250.0,0.20054796,0.0,0.28849077,0.0,20.86108,0.099302545,160.0,18.0
47.384983,1.7179967,99.0,250.0,0.30313623,0.0,0.24444327,0.0,23.806198,0.093923934,140.0,29.31432
10.0,1.7179967,99.0,250.0,0.5509718,0.0,0.2957597,0.0,22.815022,0.16666667,140.0,8.0
25.0,1.7179967,99.0,250.0,0.2843397,0.0,0.29726753,0.0,19.419186,0.16666667,160.0,8.0
40.0,1.7179967,99.0,250.0,0.26469487,0.0,0.23707168,0.0,22.74103,0.13420992,160.0,20.0
25.0,1.7179967,99.0,250.0,0.38637304,0.0,0.30929428,0.0,22.481705,0.19607843,160.0,48.0
30.30303,1.7179967,99.0,250.0,0.44880375,0.0,0.3368496,0.0,21.428722,0.19630167,135.0,312.0
50.0,1.7179967,99.0,250.0,0.3496046,0.0,0.19355972,0.0,25.0,0.11641316,160.0,34.06219
400.0,0.0,99.0,250.0,0.18370566,0.0,0.2,0.0,24.609463,0.125,170.0,15.0
400.0,0.0,99.0,250.0,0.4,0.0,0.1609441,0.0,23.244392,0.09373006,140.0,48.0
10.0,1.7179967,99.0,250.0,0.27246273,0.0,0.28995407,0.0,17.075031,0.09975663,141.35791,12.0
34.98908,1.7179967,99.0,250.0,0.42830133,0.0,0.24428274,0.0,23.835123,0.14817555,160.0,135.79076
14.992504,1.7179967,99.0,250.0,0.29068026,0.0,0.24231504,0.0,22.901995,0.11281817,140.0,120.0
13.425147,1.7179967,99.0,250.0,0.40465927,0.0,0.1743552,0.0,22.353945,0.13962092,160.0,24.0
33.333332,1.7179967,99.0,250.0,0.4814759,0.0,0.17029595,0.0,25.0,0.049160026,160.0,14.0
25.0,1.7179967,99.0,250.0,0.19261561,0.0,0.33302966,0.0,25.0,0.19528432,140.0,85.736465
400.0,0.0,99.0,250.0,0.0,0.0,0.1553398,0.0,42.857143,0.125,150.0,144.0
19.079134,1.7179967,99.0,250.0,0.19778635,0.0,0.1553398,0.0,19.832582,0.08547009,140.0,24.0
62.5,1.7179967,99.0,250.0,0.41454548,0.0,0.19516684,0.0,29.67997,0.09834965,160.0,71.83277
6.6,1.7179967,99.0,250.0,0.28156754,0.0,0.18238227,0.0,21.616581,0.040483464,140.0,8.0
10.0,1.7179967,99.0,250.0,0.31418303,0.0,0.20470186,0.0,27.777779,0.125,160.0,65.0
20.0,1.7179967,99.0,250.0,0.768418,0.0,0.25000477,0.0,20.651863,0.19414926,160.0,20.0
15.0,1.7179967,99.0,250.0,0.5636028,0.0,0.740069,0.0,25.0,0.12761566,140.0,20.0
20.0,1.7179967,99.0,250.0,0.40482455,0.0,0.34284735,0.0,25.0,0.25,170.0,0.89505637
22.323244,1.7179967,99.0,250.0,0.33769214,0.0,0.25641027,0.0,24.38477,0.1501693,140.0,24.0
13.420544,1.7179967,99.0,250.0,0.25,0.0,0.18997121,0.0,22.93344,0.07251331,135.0,120.0
17.308075,1.7179967,99.0,250.0,0.45466557,0.0,0.40671617,0.0,19.502214,0.18909995,140.0,6.0
34.027016,1.7179967,99.0,250.0,0.4267742,0.0,0.28541884,0.0,21.209654,0.1606699,160.0,18.0
19.516136,1.7179967,99.0,250.0,0.19764104,0.0,0.19354838,0.0,14.573621,0.1,140.0,67.02012
30.0,1.7179967,99.0,250.0,0.2858723,0.0,0.2982888,0.0,18.51566,0.1980198,140.0,66.87701
14.99757,1.7179967,99.0,250.0,0.25408474,0.0,0.18790638,0.0,22.11514,0.14737746,140.0,83.83088
30.0,1.7179967,99.0,250.0,0.38670045,0.0,0.20801215,0.0,23.398773,0.09895738,160.0,12.0
50.0,1.7179967,99.0,250.0,0.4,0.0,0.24555144,0.0,20.817032,0.09973043,160.0,72.0
20.0,1.7179967,99.0,250.0,0.34933007,0.0,0.2873386,0.0,22.333202,0.24038461,160.0,4.0
14.698089,1.7179967,99.0,250.0,0.5,0.0,0.24004701,0.0,23.709887,0.19107006,160.0,16.0
74.74138,1.7179967,99.0,250.0,0.36188388,0.0,0.28416127,0.0,25.641026,0.14651446,140.0,96.0
14.929032,1.7179967,99.0,250.0,0.43075547,0.0,0.53333336,0.0,23.375187,0.22727273,140.0,24.0
30.0,1.7179967,99.0,250.0,0.28070572,0.0,0.17181093,0.0,23.207682,0.14839333,160.0,18.530275
63.62361,1.7179967,99.0,250.0,0.4,0.0,0.26054364,0.0,25.0,0.17579815,140.0,120.0
47.56554,1.7179967,99.0,250.0,0.4921364,0.0,0.29624185,0.0,24.992702,0.11295685,160.0,14.0
400.0,0.0,99.0,250.0,0.24357457,0.0,0.3,0.0,26.301968,0.1269306,165.0,10.0
11.932978,1.7179967,99.0,250.0,0.36444718,0.0,0.55383724,0.0,21.12785,0.23809524,140.0,12.0
14.992504,1.7179967,99.0,250.0,0.49725223,0.0,0.34604493,0.0,24.438057,0.11153919,140.0,8.583934
16.288404,1.7179967,99.0,250.0,0.41705388,0.0,0.2316905,0.0,22.21336,0.083333336,140.0,72.0
10.0,1.7179967,99.0,250.0,0.52331066,0.0,0.26666668,0.0,23.913044,0.14534463,160.0,2.0
14.746408,1.7179967,99.0,250.0,0.38384235,0.0,0.27260402,0.0,18.19795,0.11033319,140.0,24.0
41.71116,1.7179967,99.0,250.0,0.4123949,0.0,0.3,0.0,23.805632,0.14224155,160.0,16.0
50.0,1.7179967,99.0,250.0,0.40351564,0.0,0.18193096,0.0,24.754045,0.05429376,140.0,72.0
33.333332,1.7179967,99.0,250.0,0.47052938,0.0,0.19631867,0.0,24.5,0.07168612,160.0,12.0
45.01394,1.7179967,99.0,250.0,0.31443885,0.0,0.3,0.0,24.990269,0.11866508,140.0,24.0
400.0,0.0,99.0,250.0,0.22612253,0.0,0.2307431,0.0,24.5,0.1083198,160.0,14.2043915
45.866817,1.7179967,99.0,250.0,0.58279663,0.0,0.2,0.0,22.090063,0.1,140.0,15.0
15.865896,1.7179967,99.0,250.0,0.19354838,0.0,0.30988136,0.0,25.0,0.1923077,160.0,120.0
50.0,1.7179967,99.0,250.0,0.4,0.0,0.2602489,0.0,24.388956,0.14418799,140.0,96.0
50.0,1.7179967,99.0,250.0,0.5965777,0.0,0.28080356,0.0,22.577646,0.18615589,150.0,96.0
400.0,0.0,99.0,250.0,0.19769202,0.0,0.16728859,0.0,25.268929,0.09374468,140.0,24.0
400.0,0.0,99.0,250.0,0.21959552,0.0,0.24050298,0.0,29.850746,0.14097069,140.0,24.0
40.0,1.7179967,99.0,250.0,0.45111844,0.0,0.2717643,0.0,25.0,0.13946244,160.0,24.0
10.0,1.7179967,99.0,250.0,0.44218218,0.0,0.19642293,0.0,25.641026,0.14997686,140.0,12.0
10.0,1.7179967,99.0,250.0,0.56232333,0.0,0.33332607,0.0,21.190168,0.1828396,140.0,12.0
400.0,0.0,99.0,250.0,0.33401057,0.0,0.16666667,0.0,40.0,0.12054744,150.0,360.0
10.981678,1.7179967,99.0,250.0,0.21478626,0.0,0.45395678,0.0,21.689426,0.22727273,150.0,168.0
9.091,1.7179967,99.0,250.0,0.27747303,0.0,0.3,0.0,23.001923,0.11015276,140.0,6.0
400.0,0.0,99.0,250.0,0.1466515,0.0,0.19354838,0.0,20.0,0.09973403,170.0,24.0
12.5,1.7179967,99.0,250.0,0.35654664,0.0,0.39215687,0.0,25.0,0.25,160.0,12.0
45.72205,1.7179967,99.0,250.0,0.3487429,0.0,0.19354838,0.0,19.383816,0.024731757,160.0,24.0
35.0,1.7179967,99.0,250.0,0.40576944,0.0,0.19706707,0.0,24.799994,0.083333336,140.0,24.0
20.0,1.7179967,99.0,250.0,0.5,0.0,0.32345885,0.0,20.829971,0.15,160.0,12.115661
50.0,1.7179967,99.0,250.0,0.5,0.0,0.32268322,0.0,37.097317,0.2229132,160.0,65.0
400.0,0.0,99.0,250.0,0.23573098,0.0,0.1930871,0.0,39.88956,0.09677419,150.0,360.0
14.932982,1.7179967,99.0,250.0,0.28815493,0.0,0.28,0.0,19.81132,0.14186768,160.0,12.0
17.3048,1.7179967,99.0,250.0,0.28472978,0.0,0.39547992,0.0,22.770884,0.2,160.0,8.0
15.0,1.7179967,99.0,250.0,0.35704133,0.0,0.19607441,0.0,20.795012,0.19680046,140.0,16.0
20.0,1.7179967,99.0,250.0,0.40913072,0.0,0.19354838,0.0,25.0,0.09677419,160.0,12.0
400.0,0.0,99.0,250.0,0.0,0.0,0.26498652,0.0,41.14323,0.125,125.0,336.0
400.0,0.0,99.0,250.0,0.0,0.0,0.17334782,0.0,26.660027,0.16190477,150.0,144.0
30.0,1.7179967,99.0,250.0,0.22731082,0.0,0.21811739,0.0,21.501669,0.09991959,140.0,96.0
50.0,1.7179967,99.0,250.0,0.3519209,0.0,0.24412128,0.0,25.641026,0.11735165,140.0,48.0
15.998839,1.7179967,99.0,250.0,0.5503785,0.0,0.26596364,0.0,25.0,0.1,160.0,168.0
32.105953,1.7179967,99.0,250.0,0.36466753,0.0,0.25966832,0.0,37.381966,0.1,160.0,336.0
23.980206,1.7179967,99.0,250.0,0.4,0.0,0.19643275,0.0,20.408163,0.09388507,160.0,12.0
31.319391,1.7179967,99.0,250.0,0.26326996,0.0,0.28634328,0.0,22.068209,0.08645572,140.0,72.0
17.069733,1.7179967,99.0,250.0,0.38719603,0.0,0.18715812,0.0,21.729874,0.15,160.0,15.403455
15.0,1.7179967,99.0,250.0,0.26657614,0.0,0.22978012,0.0,17.331022,0.1407724,140.0,24.0
20.0,1.7179967,99.0,250.0,0.5,0.0,0.38075978,0.0,19.227507,0.2443514,160.0,8.0
14.925373,1.7179967,99.0,250.0,0.35694137,0.0,0.25,0.0,25.641026,0.15100928,140.0,10.0
50.0,1.7179967,99.0,250.0,0.40221575,0.0,0.24258304,0.0,21.966204,0.14138898,160.0,24.0
400.0,0.0,99.0,250.0,0.0,0.0,0.28326175,0.0,40.76192,0.15,150.0,336.0
15.169847,1.7179967,99.0,250.0,0.29691896,0.0,0.5,0.0,20.0,0.23809524,140.0,20.0
12.5,1.7179967,99.0,250.0,0.25,0.0,0.27561495,0.0,21.32106,0.15640229,140.0,18.0
30.0,1.7179967,99.0,250.0,0.33308488,0.0,0.32380953,0.0,23.01129,0.22727273,160.0,6.526296
23.5,1.7179967,99.0,250.0,0.37995487,0.0,0.33333334,0.0,25.0,0.125,160.0,6.0
30.0,1.7179967,99.0,250.0,0.43551838,0.0,0.24042897,0.0,23.43489,0.10213497,140.0,96.0
10.005709,1.7179967,99.0,250.0,0.5,0.0,0.24567348,0.0,21.923378,0.11680148,140.0,15.0
400.0,0.0,99.0,250.0,0.0,0.16535845,0.24459238,0.0,42.880806,0.14147042,150.0,264.0
73.9456,1.7179967,99.0,250.0,0.4,0.0,0.37828115,0.0,25.99528,0.083333336,160.0,72.0
25.0,1.7179967,99.0,250.0,0.194128,0.0,0.3,0.0,15.0,0.25,160.0,24.0
50.0,1.7179967,99.0,250.0,0.31790203,0.0,0.20414382,0.0,20.0,0.0925483,160.0,12.0
400.0,0.0,99.0,250.0,0.5,0.0,0.18450299,0.0,27.372658,0.09677419,160.0,24.0
34.992966,1.7179967,99.0,250.0,0.35310417,0.0,0.23444209,0.0,25.333647,0.07220899,140.0,72.0
16.012068,1.7179967,99.0,250.0,0.30026078,0.0,0.2103333,0.0,20.0,0.16860183,160.0,20.0
34.990097,1.7179967,99.0,250.0,0.37893516,0.0,0.28917763,0.0,21.501823,0.10904208,160.0,24.0
11.808538,1.7179967,99.0,250.0,0.29965013,0.0,0.19355465,0.0,24.884668,0.11849897,140.0,4.408045
30.0,1.7179967,99.0,250.0,0.38397905,0.0,0.34613323,0.0,23.64549,0.19095339,160.0,24.0
25.0,1.7179967,99.0,250.0,0.41402888,0.0,0.19614027,0.0,20.450285,0.14285715,160.0,14.05005
400.0,0.0,99.0,250.0,0.4,0.0,0.3,0.0,26.666666,0.125,160.0,48.0
20.0,1.7179967,99.0,250.0,0.37209767,0.0,0.19995016,0.0,23.594885,0.11032129,160.0,14.789111
40.0,1.7179967,99.0,250.0,0.34852904,0.0,0.25,0.0,24.005327,0.17693718,160.0,16.0
400.0,0.0,99.0,250.0,0.15172108,0.0,0.1898248,0.0,25.274899,0.14422593,165.0,24.0
38.949127,1.7179967,99.0,250.0,0.54545456,0.0,0.19354838,0.0,27.272728,0.1702635,140.0,96.0
50.0,1.7179967,99.0,250.0,0.35637233,0.0,0.2255766,0.0,21.531767,0.098941565,140.0,16.865711
30.0,1.7179967,99.0,250.0,0.36054158,0.0,0.31898037,0.0,19.504402,0.06256649,160.0,12.0
30.0,1.7179967,99.0,250.0,0.20014562,0.0,0.32380953,0.0,18.82353,0.25,160.0,49.908764
50.0,1.7179967,99.0,250.0,0.5,0.0,0.25,0.0,20.806276,0.15,160.0,12.0
21.947803,1.7179967,99.0,250.0,0.4,0.0,0.33698767,0.0,19.591747,0.15,160.0,12.0
12.5,1.7179967,99.0,250.0,0.30907646,0.0,0.20403525,0.0,22.867502,0.125,140.0,18.0
80.0,1.7179967,99.0,250.0,0.4117786,0.0,0.29568917,0.0,26.55673,0.1337473,160.0,96.0
10.0,1.7179967,99.0,250.0,0.41367084,0.0,0.19986542,0.0,20.386509,0.125,140.0,14.749343
400.0,0.0,99.0,250.0,0.0,0.0,0.225694,0.0,45.241703,0.16413312,150.0,68.957535
69.96295,1.7179967,99.0,250.0,0.11795009,0.0,0.32858688,0.0,21.20261,0.19417475,160.0,12.0
30.0,1.7179967,99.0,250.0,0.2182229,0.0,0.21043894,0.0,21.707842,0.12577428,160.0,4.0
13.945049,1.7179967,99.0,250.0,0.18161468,0.0,0.17094956,0.0,26.308601,0.057658106,140.0,96.0
18.845549,1.7179967,99.0,250.0,0.7064305,0.0,0.45438585,0.0,25.0,0.09532042,160.0,120.0
19.021631,1.7179967,99.0,250.0,0.61010027,0.0,0.19354838,0.0,23.807127,0.1,160.0,13.266101
45.17907,1.7179967,99.0,250.0,0.39477658,0.0,0.25,0.0,21.335577,0.11448987,160.0,21.21625
50.0,1.7179967,99.0,250.0,0.5821652,0.0,0.19074292,0.0,26.26544,0.09857628,135.0,96.0
15.0,1.7179967,99.0,250.0,0.4307831,0.0,0.18033212,0.0,20.0,0.125,140.0,24.0
31.165781,1.7179967,99.0,250.0,0.0,0.0,0.2859228,0.0,24.989578,0.14341459,160.0,4.0
400.0,1.7179967,99.0,250.0,0.3283039,0.0,0.17165324,0.0,25.278927,0.11901927,160.0,12.0
18.182,1.7179967,99.0,250.0,0.48371533,0.0,0.25,0.0,22.820286,0.12553337,142.75137,20.0
7.563193,1.7179967,99.0,250.0,0.54545456,0.0,0.3,0.0,19.305477,0.17115286,140.0,24.0
50.0,1.7179967,99.0,250.0,0.33328483,0.0,0.16252132,0.0,24.743137,0.07502013,160.0,16.43577
6.6,1.7179967,99.0,250.0,0.31656548,0.0,0.2520944,0.0,20.0,0.120657176,140.0,24.0
45.74409,1.7179967,99.0,250.0,0.46353418,0.0,0.26772514,0.0,19.638103,0.08323554,160.0,65.0
30.0,1.7179967,99.0,250.0,0.38933107,0.0,0.2964166,0.0,17.456783,0.1973996,160.0,24.0
10.0,1.7179967,99.0,250.0,0.4,0.0,0.1929729,0.0,25.129797,0.093693115,140.0,24.0
15.151515,1.7179967,99.0,250.0,0.28855196,0.0,0.19354919,0.0,19.792782,0.117780946,146.04175,48.0
400.0,0.0,99.0,250.0,0.0,0.0,0.4903937,0.0,34.43336,0.38755172,170.0,3.0
14.992504,1.7179967,99.0,250.0,0.45469248,0.0,0.3,0.0,19.105616,0.15,160.0,19.263273
20.0,1.7179967,99.0,250.0,0.4406506,0.0,0.25,0.0,20.0,0.15,140.0,14.0
15.42844,1.7179967,99.0,250.0,0.4080243,0.0,0.28862724,0.0,19.802872,0.16666667,160.0,14.0
400.0,0.0,99.0,250.0,0.0,0.0,0.31023806,0.0,42.39658,0.19607843,150.0,384.0
40.0,1.7179967,99.0,250.0,0.35112962,0.0,0.23603272,0.0,23.662786,0.14428642,160.0,6.0
50.0,1.7179967,99.0,250.0,0.36045182,0.0,0.2307418,0.0,21.204872,0.15,160.0,65.0
400.0,0.0,99.0,250.0,0.46382678,0.0,0.19607249,0.0,39.669422,0.12139879,150.0,384.0
30.0,1.7179967,99.0,250.0,0.27095532,0.0,0.33333334,0.0,18.734442,0.24038461,160.0,24.0
7.298723,1.7179967,99.0,250.0,0.4,0.0,0.19148761,0.0,22.377613,0.09677419,140.0,15.0
30.0,1.7179967,99.0,250.0,0.20039558,0.0,0.36350274,0.0,22.888197,0.22727273,160.0,120.0
10.854128,1.7179967,99.0,250.0,0.29183713,0.0,0.29999876,0.0,21.465769,0.125,160.0,8.168696
10.325716,1.7179967,99.0,250.0,0.43022397,0.0,0.33120427,0.0,18.82353,0.11080602,140.0,18.0
10.0,1.7179967,99.0,250.0,0.4537831,0.0,0.10019499,0.0,35.971222,0.04566022,110.0,408.0
12.5,1.7179967,99.0,250.0,0.37216964,0.0,0.17095527,0.0,21.318926,0.13415477,140.0,65.0
10.0,1.7179967,99.0,250.0,0.29136086,0.0,0.24561343,0.0,22.906355,0.15938449,140.0,21.997992
8.410664,1.7179967,99.0,250.0,0.4,0.0,0.16467357,0.0,21.499516,0.09677419,140.0,18.0
400.0,0.0,99.0,250.0,0.37304202,0.0,0.18181819,0.0,25.0,0.093740635,170.0,24.0
16.666666,1.7179967,99.0,250.0,0.35742626,0.0,0.35,0.0,17.985611,0.100225694,140.0,72.0
25.0,1.7179967,99.0,250.0,0.390937,0.0,0.25,0.0,22.810951,0.13752839,160.0,6.0
22.996605,1.7179967,99.0,250.0,0.4235072,0.0,0.24136123,0.0,23.09775,0.09677419,140.6443,10.0
18.090345,1.7179967,99.0,250.0,0.37244228,0.0,0.25,0.0,20.0,0.09717177,160.0,10.0
400.0,0.0,99.0,250.0,0.0,0.0,0.32376814,0.0,25.682413,0.24752475,170.0,120.0
12.865551,1.7179967,99.0,250.0,0.38369983,0.0,0.4,0.0,20.0,0.10592831,140.0,24.0
25.0,1.7179967,99.0,250.0,0.51977456,0.0,0.32200465,0.0,19.756561,0.24630281,140.0,14.079467
40.0,1.7179967,99.0,250.0,0.49723428,0.0,0.18014245,0.0,21.3723,0.058787804,160.0,16.0
400.0,0.0,99.0,250.0,0.28701934,0.0,0.18266708,0.0,29.925186,0.021222232,160.0,48.0
20.0,1.7179967,99.0,250.0,0.57482755,0.0,0.40088934,0.0,15.669139,0.15814865,140.0,24.0
400.0,0.0,99.0,250.0,0.0,0.0,0.14999077,0.0,27.777779,0.17142367,120.0,24.0
40.0,1.7179967,99.0,250.0,0.38869563,0.0,0.2321822,0.0,20.964258,0.1,160.0,48.0
21.212172,1.7179967,99.0,250.0,0.3395806,0.0,0.31882057,0.0,19.866413,0.24038461,160.0,12.0
34.98096,1.7179967,99.0,250.0,0.5442114,0.0,0.29803887,0.0,20.731155,0.22727273,160.0,65.0
50.0,1.7179967,99.0,250.0,0.18821561,0.0,0.28868848,0.0,24.828535,0.1162046,160.0,46.00826
45.0,1.7179967,99.0,250.0,0.38859499,0.0,0.28727826,0.0,22.109543,0.1431713,160.0,8.256049
10.0,1.7179967,99.0,250.0,0.33380905,0.0,0.3,0.0,24.642036,0.15,160.0,1.0
400.0,0.0,99.0,250.0,0.33142596,0.0,0.039956614,0.0,41.333164,0.06761357,150.0,336.0
400.0,0.0,99.0,250.0,0.23926237,0.0,0.19930838,0.0,30.36643,0.14970356,160.0,24.0
400.0,0.0,99.0,250.0,0.5,0.0,0.2496886,0.0,25.0,0.12510698,160.0,24.0
50.0,1.7179967,99.0,250.0,0.32550657,0.0,0.24346592,0.0,27.1608,0.19417475,140.0,96.0
25.0,1.7179967,99.0,250.0,0.5299909,0.0,0.34280995,0.0,24.52413,0.25,160.0,18.0
25.0,1.7179967,99.0,250.0,0.38773236,0.0,0.19993486,0.0,20.032478,0.17069007,160.0,12.099643
14.998037,1.7179967,99.0,250.0,0.5,0.0,0.23157324,0.0,20.855885,0.17613019,140.0,22.526926
30.00953,1.7179967,99.0,250.0,0.47954303,0.0,0.23242345,0.0,26.450735,0.16666667,160.0,48.0
30.0,1.7179967,99.0,250.0,0.16666667,0.0,0.33333334,0.0,19.333057,0.25,160.0,120.0
15.557955,1.7179967,99.0,250.0,0.56667566,0.0,0.33333334,0.0,20.0,0.17541476,160.0,6.0
15.011609,1.7179967,99.0,250.0,0.30664265,0.0,0.24351351,0.0,24.025457,0.16969927,140.0,24.0
15.170619,1.7179967,99.0,250.0,0.3480301,0.0,0.24843533,0.0,19.394089,0.22727273,160.0,24.0
400.0,0.0,99.0,250.0,0.108511135,0.0,0.21554129,0.0,20.750124,0.11001763,170.0,18.796679
71.20748,1.7179967,99.0,250.0,0.286714,0.0,0.19994397,0.0,25.0,0.08209539,140.0,91.271515
25.0,1.7179967,99.0,250.0,0.13051406,0.0,0.25975257,0.0,11.094746,0.1451472,160.0,24.0
400.0,0.0,99.0,250.0,0.19520989,0.0,0.18158095,0.0,29.88695,0.09677419,150.0,24.0
400.0,0.0,99.0,250.0,0.24222817,0.0,0.24013656,0.0,25.904018,0.09717187,170.0,24.0
74.87259,1.7179967,99.0,250.0,0.1975826,0.0,0.33333334,0.0,35.802174,0.1,160.0,72.0
73.05285,1.7179967,99.0,250.0,0.24711274,0.0,0.1583962,0.0,25.0,0.19304195,160.0,48.0
45.04633,1.7179967,99.0,250.0,0.36938196,0.0,0.48975965,0.0,40.78639,0.23809524,170.0,3.0
400.0,0.0,99.0,250.0,0.0,0.18193215,0.18925239,0.0,41.33858,0.10902639,150.0,24.0
10.0,1.7179967,99.0,250.0,0.27213946,0.0,0.19619642,0.0,21.571306,0.09426674,140.0,18.0
50.0,1.7179967,99.0,250.0,0.34251967,0.0,0.2730671,0.0,22.702145,0.16621575,160.0,48.0
50.0,1.7179967,99.0,250.0,0.48764792,0.0,0.19561961,0.0,24.385061,0.075,140.0,24.0
25.0,1.7179967,99.0,250.0,0.37495497,0.0,0.2,0.0,24.305365,0.1,160.0,8.079051
9.855314,1.7179967,99.0,250.0,0.45461243,0.0,0.25388902,0.0,25.0,0.119303085,140.0,120.0
50.0,1.7179967,99.0,250.0,0.25,0.0,0.19766687,0.0,24.491554,0.055055194,140.0,24.0
400.0,0.0,99.0,250.0,0.5496461,0.0,0.13947031,0.0,29.925186,0.09309722,160.0,96.0
15.727752,1.7179967,99.0,250.0,0.30014965,0.0,0.55427647,0.0,20.0,0.19108395,140.0,144.0
25.0,1.7179967,99.0,250.0,0.30115998,0.0,0.48832923,0.0,20.0,0.17517304,160.0,8.0
40.0,1.7179967,99.0,250.0,0.4,0.0,0.5802947,0.0,23.265024,0.2,160.0,72.0
38.252476,1.7179967,99.0,250.0,0.0,0.0,0.18964809,0.0,12.0,0.1911557,135.0,120.0
55.85412,1.7179967,99.0,250.0,0.53156155,0.0,0.32318145,0.0,23.806128,0.19027895,160.0,44.0
45.04663,1.7179967,99.0,250.0,0.4,0.0,0.24464765,0.0,23.903564,0.09039631,160.0,16.0
25.0,1.7179967,99.0,250.0,0.35653663,0.0,0.24311808,0.0,20.92527,0.1923077,160.0,6.0
50.0,1.7179967,99.0,250.0,0.45456207,0.0,0.1522387,0.0,25.0,0.09677419,140.0,89.65862
30.0,1.7179967,99.0,250.0,0.2171973,0.0,0.21448575,0.0,21.809097,0.09018364,140.0,144.0
90.817696,1.7179967,99.0,250.0,0.2870636,0.0,0.29433504,0.0,19.794468,0.242818,160.0,48.0
100.0,1.7179967,99.0,250.0,0.5850709,0.0,0.25,0.0,21.884699,0.08436988,160.0,72.0
400.0,0.0,99.0,250.0,0.0,0.0,0.19559927,0.0,25.0,0.2,170.0,12.0
42.003597,1.7179967,99.0,250.0,0.35647383,0.0,0.18507092,0.0,22.88043,0.09682813,160.0,22.0
400.0,0.0,99.0,250.0,0.17725822,0.0,0.19110571,0.0,40.0,0.0748102,150.0,336.0
30.0,1.7179967,99.0,250.0,0.4,0.0,0.64115417,0.0,21.350239,0.123729825,160.0,12.0
50.0,1.7179967,99.0,250.0,0.3338321,0.0,0.18625386,0.0,24.412706,0.125,160.0,95.901115
50.0,1.7179967,99.0,250.0,0.44736668,0.0,0.23929013,0.0,23.582747,0.14998597,150.0,96.0
21.105223,1.7179967,99.0,250.0,0.29862544,0.0,0.1999757,0.0,26.666666,0.13953146,160.0,72.0
75.50195,1.7179967,99.0,250.0,0.35801375,0.0,0.26035863,0.0,39.972755,0.11027732,135.0,96.0
50.0,1.7179967,99.0,250.0,0.3267314,0.0,0.3422636,0.0,22.141987,0.12987497,160.0,16.0
14.980142,1.7179967,99.0,250.0,0.34956914,0.0,0.23089014,0.0,20.0,0.11206011,160.0,6.0
400.0,0.0,99.0,250.0,0.0,0.0,0.17359504,0.0,41.509434,0.1386199,150.0,503.69385
45.032764,1.7179967,99.0,250.0,0.34383738,0.0,0.29451293,0.0,24.80994,0.15712667,160.0,16.0
50.0,1.7179967,99.0,250.0,0.31562975,0.0,0.23892742,0.0,25.372839,0.09829903,160.0,96.0
30.0,1.7179967,99.0,250.0,0.4,0.0,0.3582976,0.0,22.457642,0.16457896,160.0,9.517094
25.010296,1.7179967,99.0,250.0,0.31954363,0.0,0.34564307,0.0,19.952684,0.15,160.0,24.0
15.666667,1.7179967,99.0,250.0,0.41006216,0.0,0.41142222,0.0,19.883848,0.2424063,160.0,3.0
48.3827,1.7179967,99.0,250.0,0.54746485,0.0,0.21821252,0.0,25.0,0.17491281,140.0,96.0
20.0,1.7179967,99.0,250.0,0.4,0.0,0.17526862,0.0,22.237295,0.18752162,140.0,8.0
10.72395,1.7179967,99.0,250.0,0.42745572,0.0,0.18921219,0.0,21.62922,0.1323109,140.0,144.0
50.0,1.7179967,99.0,250.0,0.2905707,0.0,0.19667551,0.0,25.641026,0.093376525,160.0,72.0
30.0,1.7179967,99.0,250.0,0.45529842,0.0,0.28613666,0.0,20.0,0.19111961,160.0,10.0
30.0,1.7179967,99.0,250.0,0.53700143,0.0,0.22878711,0.0,23.913044,0.048237544,160.0,15.0
25.0,1.7179967,99.0,250.0,0.33359823,0.0,0.33641472,0.0,17.331022,0.17378904,140.0,48.0
48.975063,1.7179967,99.0,250.0,0.4938393,0.0,0.25,0.0,23.463152,0.14979377,160.0,60.0
30.30303,1.7179967,99.0,250.0,0.3307946,0.0,0.19834752,0.0,24.990938,0.125,140.0,24.0
40.0,1.7179967,99.0,250.0,0.16785151,0.0,0.44923824,0.0,27.44221,0.25,160.0,96.0
33.333332,1.7179967,99.0,250.0,0.0,0.0,0.4807073,0.0,29.850746,0.2293578,150.0,135.97504
12.5,1.7179967,99.0,250.0,0.4155316,0.0,0.30032915,0.0,25.0,0.12511489,160.0,65.0
37.70008,1.7179967,99.0,250.0,0.3179448,0.0,0.19355865,0.0,24.87339,0.086620174,160.0,14.042488
50.0,1.7179967,99.0,250.0,0.29537898,0.0,0.27972132,0.0,22.22016,0.25,160.0,3.1103647
10.95979,1.7179967,99.0,250.0,0.4,0.0,0.31195176,0.0,16.666666,0.23809524,140.0,9.0225725
12.5,1.7179967,99.0,250.0,0.5199676,0.0,0.19355924,0.0,24.38507,0.0,140.0,98.98899
49.78361,1.7179967,99.0,250.0,0.34524286,0.0,0.1971113,0.0,25.0,0.057172816,160.0,12.0
115.575,1.7179967,99.0,250.0,0.4227685,0.0,0.2446908,0.0,25.641026,0.18751724,140.0,72.0
35.0,1.7179967,99.0,250.0,0.36968392,0.0,0.26716655,0.0,21.483355,0.14348584,160.0,48.0
15.814374,1.7179967,99.0,250.0,0.1994945,0.0,0.1918853,0.0,22.002321,0.110045016,160.0,7.7161283
30.019749,1.7179967,99.0,250.0,0.30051327,0.0,0.3,0.0,21.5713,0.1309024,160.0,24.0
18.084202,1.7179967,99.0,250.0,0.283685,0.0,0.2714525,0.0,22.441288,0.14827798,160.0,6.0
13.45869,1.7179967,99.0,250.0,0.53045905,0.0,0.18532947,0.0,25.0,0.17608559,142.46396,24.0
10.0,1.7179967,99.0,250.0,0.26883876,0.0,0.12023428,0.0,23.566349,0.11660324,140.0,24.0
24.722355,1.7179967,99.0,250.0,0.3114143,0.0,0.19992073,0.0,25.0,0.046607688,140.0,72.0
44.60044,1.7179967,99.0,250.0,0.25,0.0,0.23642251,0.0,24.75271,0.1569816,160.0,16.0
11.157913,1.7179967,99.0,250.0,0.18393083,0.0,0.3,0.0,20.0,0.22727273,160.0,24.0
30.0,1.7179967,99.0,250.0,0.3887384,0.0,0.3779996,0.0,25.139902,0.1642391,160.0,4.0
13.291235,1.7179967,99.0,250.0,0.4482526,0.0,0.3,0.0,19.5646,0.15246734,160.0,17.30877
400.0,0.0,99.0,250.0,0.5202268,0.0,0.15766168,0.0,39.995083,0.1225341,150.0,336.0
16.666666,1.7179967,99.0,250.0,0.256647,0.0,0.25,0.0,19.22786,0.17211017,160.0,6.0
15.0,1.7179967,99.0,250.0,0.0,0.0,0.66656923,0.0,29.850746,0.69869834,160.0,24.0
20.0,1.7179967,99.0,250.0,0.42135894,0.0,0.26889563,0.0,22.760445,0.11001233,160.0,24.0
18.963787,1.7179967,99.0,250.0,0.35079312,0.0,0.24340339,0.0,22.27432,0.12725234,160.0,64.010765
15.0,1.7179967,99.0,250.0,0.49004135,0.0,0.21528299,0.0,20.438456,0.125,135.0,15.769376
46.07627,1.7179967,99.0,250.0,0.20948885,0.0,0.19981965,0.0,21.799778,0.13571875,160.0,12.0
400.0,0.0,99.0,250.0,0.0,0.0,0.28,0.0,45.0,0.27272728,150.0,480.0
400.0,0.0,99.0,250.0,0.18857166,0.0,0.19622003,0.0,25.641026,0.09677419,170.0,20.0
63.33404,1.7179967,99.0,250.0,0.37366676,0.0,0.24410757,0.0,20.0,0.15,160.0,24.0
45.04546,1.7179967,99.0,250.0,0.54530215,0.0,0.18319513,0.0,20.0,0.09994447,160.0,10.0
400.0,0.0,99.0,250.0,0.09793037,0.0,0.07565282,0.0,41.247036,0.08547009,150.0,336.0
6.4935064,1.7179967,99.0,250.0,0.53098965,0.0,0.1966849,0.0,22.619003,0.13615191,140.0,6.088018
15.151515,1.7179967,99.0,250.0,0.4251281,0.0,0.17356399,0.0,22.607704,0.083333336,140.0,24.0
20.0,1.7179967,99.0,250.0,0.33313602,0.0,0.24210533,0.0,21.496792,0.1,160.0,8.0
8.982172,1.7179967,99.0,250.0,0.0,0.0,0.16470112,0.0,20.235008,0.122408405,140.0,24.0
14.992504,1.7179967,99.0,250.0,0.3698399,0.0,0.19770163,0.0,23.452278,0.1,160.0,12.0
19.70119,1.7179967,99.0,250.0,0.53333336,0.0,0.3129321,0.0,20.0,0.15,160.0,16.0
15.0,1.7179967,99.0,250.0,0.5,0.0,0.36818746,0.0,23.69177,0.1775241,160.0,8.0
400.0,0.0,99.0,250.0,0.30259743,0.0,0.16672719,0.0,39.977062,0.1262825,150.0,336.0
15.151515,1.7179967,99.0,250.0,0.49207735,0.0,0.47625464,0.0,17.331022,0.1709054,140.0,24.0
400.0,0.0,99.0,250.0,0.115620166,0.0,0.26206872,0.0,26.666666,0.19703302,150.0,336.0
30.0,1.7179967,99.0,250.0,0.45282063,0.0,0.28314573,0.0,22.927567,0.19412439,160.0,24.0
50.0,1.7179967,99.0,250.0,0.5385461,0.0,0.13401361,0.0,25.0,0.09727197,140.0,96.0
20.0,1.7179967,99.0,250.0,0.58064514,0.0,0.5,0.0,22.192316,0.2293578,160.0,6.0
50.0,1.7179967,99.0,250.0,0.23313145,0.0,0.29519907,0.0,20.0,0.14545408,160.0,12.0
59.992416,1.7179967,99.0,250.0,0.31956318,0.0,0.19357154,0.0,24.5,0.088705555,140.0,72.0
30.0,1.7179967,99.0,250.0,0.3933232,0.0,0.4742874,0.0,15.23238,0.23809524,160.0,72.0
16.666666,1.7179967,99.0,250.0,0.37408128,0.0,0.28977478,0.0,25.0,0.1,160.0,6.4237967
400.0,0.0,99.0,250.0,0.4570995,0.0,0.16755874,0.0,40.0,0.0952381,150.0,288.0
400.0,0.0,99.0,250.0,0.19113685,0.0,0.18181819,0.0,27.372795,0.11560607,170.0,17.226793
26.049805,1.7179967,99.0,250.0,0.60701984,0.0,0.30896783,0.0,21.800741,0.15,160.0,12.0
50.0,1.7179967,99.0,250.0,0.44932404,0.0,0.18925153,0.0,26.127388,0.08547009,140.0,92.31283
50.0,1.7179967,99.0,250.0,0.4489606,0.0,0.3,0.0,29.77803,0.14421803,160.0,72.0
14.992504,1.7179967,99.0,250.0,0.29273438,0.0,0.18181819,0.0,21.359453,0.1,160.0,10.0
30.0,1.7179967,99.0,250.0,0.33328617,0.0,0.30775055,0.0,19.409214,0.16985878,160.0,14.065784
12.5,1.7179967,99.0,250.0,0.4,0.0,0.22530766,0.0,20.0,0.13673265,140.0,72.0
13.120505,1.7179967,99.0,250.0,0.4584037,0.0,0.14688712,0.0,20.0,0.13469842,140.0,96.0
15.0,1.7179967,99.0,250.0,0.38400683,0.0,0.2734364,0.0,20.0,0.16466397,160.0,12.467602
82.70124,1.7179967,99.0,250.0,0.42022955,0.0,0.19998756,0.0,23.258146,0.083333336,160.0,48.0
40.0,1.7179967,99.0,250.0,0.70554346,0.0,0.599994,0.0,25.313889,0.14338948,140.0,96.0
50.0,1.7179967,99.0,250.0,0.55101293,0.0,0.19146681,0.0,21.516985,0.09677419,160.0,96.0
30.03003,1.7179967,99.0,250.0,0.5222981,0.0,0.19564578,0.0,24.388676,0.09548596,160.0,24.0
400.0,0.0,99.0,250.0,0.12734248,0.0,0.20043285,0.0,19.993042,0.125,160.0,24.0
41.053917,1.7179967,99.0,250.0,0.36443597,0.0,0.2890381,0.0,21.728773,0.14963686,160.0,42.0
30.0,1.7179967,99.0,250.0,0.50910896,0.0,0.3428503,0.0,25.0,0.100688234,160.0,12.0
33.333332,1.7179967,99.0,250.0,0.35117257,0.0,0.34973967,0.0,24.464266,0.18749414,160.0,20.0
20.0,1.7179967,99.0,250.0,0.5105345,0.0,0.24033824,0.0,22.201443,0.15,160.0,14.05493
21.901468,1.7179967,99.0,250.0,0.5,0.0,0.19816865,0.0,22.988022,0.14522552,160.0,8.0
400.0,0.0,99.0,250.0,0.31836128,0.0,0.21021126,0.0,29.58701,0.11923432,140.0,120.0
20.911585,1.7179967,99.0,250.0,0.37904632,0.0,0.20676292,0.0,17.336498,0.07264598,160.0,24.0
46.09669,1.7179967,99.0,250.0,0.48905304,0.0,0.18002509,0.0,20.0,0.14894938,140.0,72.0
25.090324,1.7179967,99.0,250.0,0.29196194,0.0,0.26571873,0.0,25.641026,0.11619545,170.0,2.0
46.015816,1.7179967,99.0,250.0,0.56981385,0.0,0.25,0.0,21.61127,0.2293578,160.0,65.13017
59.474052,1.7179967,99.0,250.0,0.19644874,0.0,0.38184512,0.0,22.737064,0.22727273,160.0,24.0
14.148976,1.7179967,99.0,250.0,0.24934404,0.0,0.25641027,0.0,20.0,0.16666667,160.0,12.0
30.30303,1.7179967,99.0,250.0,0.5,0.0,0.26940367,0.0,21.628738,0.09878935,140.0,24.0
20.0,1.7179967,99.0,250.0,0.45456162,0.0,0.28660676,0.0,19.099558,0.1923077,160.0,10.882104
50.0,1.7179967,99.0,250.0,0.37050578,0.0,0.25,0.0,19.884634,0.1817075,140.0,62.005424
44.813286,1.7179967,99.0,250.0,0.48850557,0.0,0.19907393,0.0,25.991953,0.083333336,160.0,96.0
40.0,1.7179967,99.0,250.0,0.4793351,0.0,0.33317417,0.0,22.77611,0.18749414,140.0,18.0
14.992504,1.7179967,99.0,250.0,0.4648291,0.0,0.23969913,0.0,20.110153,0.14155623,160.0,8.0
50.0,1.7179967,99.0,250.0,0.29069394,0.0,0.2888372,0.0,26.327528,0.09677419,140.0,80.14862
10.0,1.7179967,99.0,250.0,0.44783542,0.0,0.21468626,0.0,25.0,0.18204434,140.0,96.0
25.0,1.7179967,99.0,250.0,0.4,0.0,0.2910748,0.0,21.232115,0.14421892,140.0,24.0
30.0,1.7179967,99.0,250.0,0.34360394,0.0,0.29862052,0.0,21.636797,0.12814185,160.0,4.722974
400.0,0.0,99.0,250.0,0.28108427,0.0,0.19036125,0.0,29.850746,0.09361354,160.0,27.043253
50.0,1.7179967,99.0,250.0,0.5513254,0.0,0.37886012,0.0,23.807472,0.16713676,145.0,96.0
21.44926,1.7179967,99.0,250.0,0.5,0.0,0.24007957,0.0,20.0,0.125,160.0,12.078445
30.03003,1.7179967,99.0,250.0,0.36775064,0.0,0.21696296,0.0,25.0,0.1431468,160.0,12.0
14.992504,1.7179967,99.0,250.0,0.33117333,0.0,0.26470944,0.0,20.0,0.13992485,160.0,12.0
400.0,0.0,99.0,250.0,0.0,0.0,0.15202995,0.0,29.615753,0.14517151,170.0,5.0
30.30303,1.7179967,99.0,250.0,0.40614942,0.0,0.33333334,0.0,18.088676,0.16666667,140.0,72.0
400.0,0.0,99.0,250.0,0.21507472,0.0,0.24286917,0.0,29.948689,0.2,150.0,120.0
17.946571,1.7179967,99.0,250.0,0.3501518,0.0,0.3673644,0.0,23.624247,0.14716227,160.0,12.0
10.0,1.7179967,99.0,250.0,0.19094865,0.0,0.6,0.0,20.967112,0.23809524,140.0,9.6620865
30.665346,1.7179967,99.0,250.0,0.3585255,0.0,0.70226,0.0,20.0,0.14490575,140.0,12.0
25.0,1.7179967,99.0,250.0,0.28895444,0.0,0.33333334,0.0,23.694407,0.14952748,160.0,8.89592
20.0,1.7179967,99.0,250.0,0.28909162,0.0,0.2427514,0.0,24.617147,0.16147624,160.0,10.921821
40.0,1.7179967,99.0,250.0,0.35579076,0.0,0.24588615,0.0,21.87538,0.0952381,140.0,96.0
22.224918,1.7179967,99.0,250.0,0.29462036,0.0,0.32202584,0.0,19.595358,0.25,160.0,8.0
20.0,1.7179967,99.0,250.0,0.2148758,0.0,0.25436434,0.0,19.439034,0.1,160.0,24.0
400.0,0.0,99.0,250.0,0.34920576,0.0,0.34185612,0.0,29.604366,0.22145596,160.0,120.0
39.698753,1.7179967,99.0,250.0,0.5387789,0.0,0.19354838,0.0,25.0,0.21794753,160.0,17.881111
20.0,1.7179967,99.0,250.0,0.4,0.0,0.2,0.0,22.218754,0.14309452,160.0,6.0
15.6943445,1.7179967,99.0,250.0,0.31610548,0.0,0.19806947,0.0,25.641026,0.14971167,140.0,240.0
16.815311,1.7179967,99.0,250.0,0.38017717,0.0,0.3392794,0.0,20.77282,0.125,160.0,15.912702
400.0,0.0,99.0,250.0,0.100413434,0.0,0.2716743,0.0,40.784,0.19594601,150.0,240.0
20.0,1.7179967,99.0,250.0,0.19613476,0.0,0.49598274,0.0,17.301039,0.36207923,150.0,264.0
400.0,0.0,99.0,250.0,0.4,0.0,0.17451262,0.0,27.272728,0.1,160.0,21.750626
50.0,1.7179967,99.0,250.0,0.4885967,0.0,0.18163161,0.0,20.062357,0.15376644,160.0,63.51406
6.4935064,1.7179967,99.0,250.0,0.29004547,0.0,0.26500428,0.0,25.0,0.0959187,140.0,24.0
400.0,0.0,99.0,250.0,0.0,0.0,0.2450367,0.0,41.441006,0.15700139,150.0,461.08246
15.587955,1.7179967,99.0,250.0,0.41943368,0.0,0.5127237,0.0,24.913525,0.24509804,160.0,5.8189406
30.30303,1.7179967,99.0,250.0,0.42819303,0.0,0.23491243,0.0,22.140345,0.14973916,160.0,16.0
25.0,1.7179967,99.0,250.0,0.40829268,0.0,0.2872158,0.0,21.65374,0.11056765,160.0,6.0
13.273224,1.7179967,99.0,250.0,0.4457982,0.0,0.26549065,0.0,21.696896,0.09677419,140.0,24.0
30.0,1.7179967,99.0,250.0,0.46701196,0.0,0.28238103,0.0,23.247911,0.14539795,160.0,4.677146
400.0,0.0,99.0,250.0,0.22114503,0.0,0.14014243,0.0,29.411764,0.0625,160.0,24.0
30.0,1.7179967,99.0,250.0,0.4467756,0.0,0.3510156,0.0,23.807154,0.0625,160.0,20.0
400.0,0.0,99.0,250.0,0.33365375,0.0,0.3,0.0,26.666666,0.1,160.0,21.89599
30.0,1.7179967,99.0,250.0,0.553273,0.0,0.39168888,0.0,21.50347,0.09997769,140.0,17.579672
10.797697,1.7179967,99.0,250.0,0.4191408,0.0,0.17435166,0.0,21.495842,0.18749414,140.0,15.0
50.0,1.7179967,99.0,250.0,0.3499193,0.0,0.24452421,0.0,21.502714,0.16688259,160.0,16.0
400.0,0.0,99.0,250.0,0.0,0.0,0.19354838,0.0,25.0,0.20124988,170.0,12.0
14.992504,1.7179967,99.0,250.0,0.3861922,0.0,0.18274137,0.0,20.765566,0.099944465,160.0,3.3795679
30.0,1.7179967,99.0,250.0,0.4,0.0,0.19990079,0.0,20.776285,0.19417475,160.0,12.0
50.0,1.7179967,99.0,250.0,0.48625302,0.0,0.20900011,0.0,23.343842,0.09677419,160.0,42.0
50.0,1.7179967,99.0,250.0,0.50560004,0.0,0.374885,0.0,23.637112,0.097107686,140.0,72.0
49.97842,1.7179967,99.0,250.0,0.5,0.0,0.17095327,0.0,24.998043,0.09090909,160.0,24.0
20.0,1.7179967,99.0,250.0,0.17650422,0.0,0.34277135,0.0,20.947666,0.24044967,160.0,5.0
400.0,0.0,99.0,250.0,0.2777012,0.0,0.18697293,0.0,21.454067,0.13602023,160.89235,24.0
20.911655,1.7179967,99.0,250.0,0.4,0.0,0.16692296,0.0,19.521296,0.16353364,160.0,12.0
20.0,1.7179967,99.0,250.0,0.35822445,0.0,0.3,0.0,19.884552,0.1911816,150.0,96.0
12.555541,1.7179967,99.0,250.0,0.4138253,0.0,0.19608733,0.0,19.022745,0.074306704,140.0,12.0
25.0,1.7179967,99.0,250.0,0.33888832,0.0,0.194087,0.0,20.809544,0.09677419,160.0,72.0
50.0,1.7179967,99.0,250.0,0.3863966,0.0,0.4175888,0.0,20.0,0.25,160.0,16.0
13.27009,1.7179967,99.0,250.0,0.3330053,0.0,0.24074835,0.0,14.521196,0.11617442,140.0,48.0
20.0,1.7179967,99.0,250.0,0.21869378,0.0,0.38033545,0.0,39.669422,0.14420855,160.0,76.68966
40.0,1.7179967,99.0,250.0,0.4172501,0.0,0.3,0.0,21.57467,0.2,160.0,24.0
33.261326,1.7179967,99.0,250.0,0.4525854,0.0,0.2800944,0.0,20.80152,0.19416401,160.0,24.0
10.0,1.7179967,99.0,250.0,0.18567394,0.0,0.32,0.0,22.294231,0.23809524,160.0,2.0
66.48135,1.7179967,99.0,250.0,0.45468077,0.0,0.23134057,0.0,24.968504,0.2,160.0,72.0
18.182,1.7179967,99.0,250.0,0.43172187,0.0,0.19354838,0.0,38.70968,0.09920903,140.0,336.0
50.0,1.7179967,99.0,250.0,0.27732506,0.0,0.24085546,0.0,21.780066,0.1,160.0,72.0
45.0,1.7179967,99.0,250.0,0.3956798,0.0,0.19177596,0.0,22.212952,0.125,140.0,24.0
400.0,0.0,99.0,250.0,0.1904762,0.0,0.15162225,0.0,24.762178,0.09677419,150.0,336.0
18.182,1.7179967,99.0,250.0,0.34904805,0.0,0.3,0.0,18.515247,0.25,160.0,24.0
11.19126,1.7179967,99.0,250.0,0.34316763,0.0,0.3993975,0.0,20.0,0.094164744,140.0,24.0
12.501038,1.7179967,99.0,250.0,0.41035008,0.0,0.18822585,0.0,20.0,0.18742397,160.0,12.0
50.0,1.7179967,99.0,250.0,0.19596289,0.0,0.25,0.0,22.023285,0.18949744,160.0,16.0
47.071865,1.7179967,99.0,250.0,0.53333336,0.0,0.3199198,0.0,21.222431,0.19036415,140.0,65.0
10.0,1.7179967,99.0,250.0,0.28833917,0.0,0.39611173,0.0,20.120667,0.122221835,140.0,10.0
10.0,1.7179967,99.0,250.0,0.2155972,0.0,0.09555434,0.0,21.69274,0.028482903,140.0,24.0
14.419329,1.7179967,99.0,250.0,0.40481657,0.0,0.3,0.0,20.859041,0.16325742,160.0,3.0
10.751557,1.7179967,99.0,250.0,0.4,0.0,0.3519018,0.0,25.698149,0.25,150.0,72.0
50.0,1.7179967,99.0,250.0,0.21840611,0.0,0.25,0.0,25.215435,0.1,160.0,65.0
30.03003,1.7179967,99.0,250.0,0.61665976,0.0,0.2,0.0,22.05554,0.144169,160.0,72.0
20.8826,1.7179967,99.0,250.0,0.3275735,0.0,0.19354838,0.0,20.408163,0.0952381,160.0,14.069098
400.0,0.0,99.0,250.0,0.09399275,0.0,0.19433245,0.0,25.0,0.12203494,130.0,336.0
50.0,1.7179967,99.0,250.0,0.41613308,0.0,0.29009357,0.0,25.0,0.15,160.0,48.0
50.0,1.7179967,99.0,250.0,0.35042498,0.0,0.1990852,0.0,20.0,0.12751062,160.0,16.0
45.0,1.7179967,99.0,250.0,0.29017413,0.0,0.3,0.0,21.56883,0.14062402,160.0,17.606522
14.925373,1.7179967,99.0,250.0,0.53244334,0.0,0.236618,0.0,23.808218,0.15,140.0,96.0
50.0,1.7179967,99.0,250.0,0.4,0.0,0.5079424,0.0,22.084955,0.23809524,160.0,8.0
18.182,1.7179967,99.0,250.0,0.35281932,0.0,0.323415,0.0,20.557285,0.125,140.0,24.0
50.0,1.7179967,99.0,250.0,0.48201782,0.0,0.19354457,0.0,26.614592,0.09677419,135.0,120.0
45.931732,1.7179967,99.0,250.0,0.33920178,0.0,0.19608165,0.0,24.450926,0.09894273,140.0,72.0
40.0,1.7179967,99.0,250.0,0.4,0.0,0.28505838,0.0,25.0,0.11989692,160.0,72.0
20.0,1.7179967,99.0,250.0,0.5511918,0.0,0.6666667,0.0,20.984282,0.125,160.0,3.051296
50.0,1.7179967,99.0,250.0,0.42846057,0.0,0.4945034,0.0,23.984053,0.25,140.0,72.0
36.903442,1.7179967,99.0,250.0,0.48268324,0.0,0.23739876,0.0,23.98501,0.125,160.0,24.0
20.0,1.7179967,99.0,250.0,0.33165708,0.0,0.27211547,0.0,18.73182,0.19611426,140.0,24.0
30.0,1.7179967,99.0,250.0,0.3720943,0.0,0.16666667,0.0,28.163887,0.125,180.0,8.0
400.0,0.0,99.0,250.0,0.0,0.0,0.18138424,0.0,30.0,0.099944465,160.0,20.0
15.0,1.7179967,99.0,250.0,0.5,0.0,0.23215614,0.0,19.166384,0.10346305,140.0,24.0
14.37733,1.7179967,99.0,250.0,0.4083102,0.0,0.36053112,0.0,21.290031,0.125,160.0,8.0
50.0,1.7179967,99.0,250.0,0.5502519,0.0,0.2,0.0,25.0,0.15,140.0,96.0
30.30303,1.7179967,99.0,250.0,0.37169293,0.0,0.2,0.0,19.895302,0.09732216,160.0,15.0
20.0,1.7179967,99.0,250.0,0.3463517,0.0,0.27604583,0.0,19.44313,0.15681621,140.0,96.0
30.0,1.7179967,99.0,250.0,0.20350517,0.0,0.25,0.0,17.604334,0.16160563,160.0,14.947885
20.0,1.7179967,99.0,250.0,0.27711734,0.0,0.1779553,0.0,19.7663,0.122182555,160.0,8.0
400.0,0.0,99.0,250.0,0.22942875,0.0,0.4,0.0,28.157362,0.16666667,170.0,12.663713
48.62442,1.7179967,99.0,250.0,0.35727808,0.0,0.25000483,0.0,20.0,0.097425185,140.0,72.0
400.0,0.0,99.0,250.0,0.10926431,0.0,0.17500629,0.0,26.666666,0.09677419,170.0,24.0
400.0,0.0,99.0,250.0,0.0,0.0,0.14162636,0.0,17.723879,0.19737317,170.0,20.0
400.0,0.0,99.0,250.0,0.0,0.0,0.3352946,0.0,42.26085,0.25,150.0,380.81308
12.5,1.7179967,99.0,250.0,0.29509947,0.0,0.20944016,0.0,24.411547,0.15,160.0,12.0
50.0,1.7179967,99.0,250.0,0.08545458,0.0,0.36494473,0.0,24.760668,0.25,160.0,15.0
12.789865,1.7179967,99.0,250.0,0.31423843,0.0,0.34006813,0.0,21.506168,0.103028126,140.0,24.0
12.5,1.7179967,99.0,250.0,0.54469174,0.0,0.19713205,0.0,22.746595,0.095948696,140.0,77.39335
22.0,1.7179967,99.0,250.0,0.23909846,0.0,0.2984286,0.0,37.334538,0.125,160.0,168.0
10.003173,1.7179967,99.0,250.0,0.52300805,0.0,0.23705599,0.0,24.991959,0.16134912,140.0,20.0
8.0,1.7179967,99.0,250.0,0.46085793,0.0,0.19334689,0.0,25.0,0.09090909,135.7805,17.886848
400.0,0.0,99.0,250.0,0.100016795,0.0,0.19617437,0.0,39.82204,0.09677419,140.77814,336.0
30.0,1.7179967,99.0,250.0,0.28507456,0.0,0.21380179,0.0,23.913044,0.09677419,140.0,8.0
20.0,1.7179967,99.0,250.0,0.31945857,0.0,0.3329895,0.0,22.734146,0.17142367,160.0,6.0
25.0,1.7179967,99.0,250.0,0.25254193,0.0,0.19840667,0.0,20.0,0.1,160.0,12.0
30.0,1.7179967,99.0,250.0,0.38303632,0.0,0.316157,0.0,22.787495,0.17442617,135.0,168.0
40.0,1.7179967,99.0,250.0,0.38603848,0.0,0.22529085,0.0,25.0,0.13122773,140.0,12.0
10.0,1.7179967,99.0,250.0,0.48483518,0.0,0.24800348,0.0,23.570887,0.14506786,140.0,8.0
50.0,1.7179967,99.0,250.0,0.43317664,0.0,0.28132254,0.0,25.641026,0.19426762,160.0,120.0
10.0,1.7179967,99.0,250.0,0.33453798,0.0,0.3331324,0.0,18.17692,0.10041817,140.0,27.224033
15.151515,1.7179967,99.0,250.0,0.3197181,0.0,0.2962902,0.0,23.710693,0.06273548,160.0,15.0
14.7150545,1.7179967,99.0,250.0,0.29332542,0.0,0.2892683,0.0,24.020906,0.19073492,140.0,48.0
33.275112,1.7179967,99.0,250.0,0.5516181,0.0,0.2500251,0.0,23.865253,0.09677419,160.0,14.713126
20.0,1.7179967,99.0,250.0,0.29486674,0.0,0.19573186,0.0,24.54951,0.119646005,160.0,72.0
30.30303,1.7179967,99.0,250.0,0.42885712,0.0,0.4,0.0,24.994587,0.15,140.0,24.0
25.0,1.7179967,99.0,250.0,0.48530328,0.0,0.19354838,0.0,24.027885,0.1338029,140.0,60.0
30.0,1.7179967,99.0,250.0,0.4,0.0,0.19354838,0.0,39.214848,0.14149229,150.0,360.0
40.0,1.7179967,99.0,250.0,0.48380688,0.0,0.23002465,0.0,25.0,0.2,140.0,96.0
50.0,1.7179967,99.0,250.0,0.30156505,0.0,0.25,0.0,24.72641,0.1,170.0,4.0
30.0,1.7179967,99.0,250.0,0.4,0.0,0.25,0.0,25.0,0.16171049,160.0,12.0
12.5,1.7179967,99.0,250.0,0.1904762,0.0,0.1974943,0.0,22.734552,0.1165913,140.0,12.0
80.0,1.7179967,99.0,250.0,0.4211641,0.0,0.11975596,0.0,28.476343,0.00413067,140.0,16.0
10.0,1.7179967,99.0,250.0,0.4,0.0,0.2,0.0,24.605635,0.1563105,140.0,4.0
29.736818,1.7179967,99.0,250.0,0.515393,0.0,0.40285444,0.0,24.685122,0.1,160.0,10.0
12.5,1.7179967,99.0,250.0,0.42820486,0.0,0.13387507,0.0,21.612581,0.09928001,140.0,48.0
14.033265,1.7179967,99.0,250.0,0.53333336,0.0,0.3888454,0.0,24.764713,0.25,160.0,72.0
33.333332,1.7179967,99.0,250.0,0.4884337,0.0,0.3,0.0,19.59707,0.19832267,160.0,8.0
400.0,0.0,99.0,250.0,0.29069895,0.0,0.25961378,0.0,29.925186,0.19814211,150.0,120.0
40.0,1.7179967,99.0,250.0,0.3008959,0.0,0.26420826,0.0,22.728138,0.19745472,160.0,72.0
20.0,1.7179967,99.0,250.0,0.35821778,0.0,0.25,0.0,21.189812,0.1754797,160.0,48.0
80.0,1.7179967,99.0,250.0,0.43220505,0.0,0.19184017,0.0,25.0,0.061538655,140.0,96.0
34.98398,1.7179967,99.0,250.0,0.260461,0.0,0.19354838,0.0,20.035233,0.13542186,140.0,21.761337
30.30303,1.7179967,99.0,250.0,0.47041816,0.0,0.25641027,0.0,25.0,0.19412264,160.0,12.0
50.0,1.7179967,99.0,250.0,0.34981918,0.0,0.17243034,0.0,26.489626,0.07344466,135.41064,91.5865
30.0,1.7179967,99.0,250.0,0.3186371,0.0,0.23649907,0.0,17.304634,0.09905101,160.0,10.0
30.0,1.7179967,99.0,250.0,0.30125877,0.0,0.4565743,0.0,23.839304,0.1,160.0,10.0
19.6694,1.7179967,99.0,250.0,0.3574608,0.0,0.25,0.0,18.738417,0.10735093,160.0,7.0
10.0,1.7179967,99.0,250.0,0.4081008,0.0,0.24304816,0.0,29.194921,0.1923077,140.0,96.0
59.568447,1.7179967,99.0,250.0,0.5303045,0.0,0.15158318,0.0,26.745981,0.13688196,135.0,96.0
10.0,1.7179967,99.0,250.0,0.39068633,0.0,0.14669967,0.0,25.0,0.17422254,140.0,24.0
400.0,0.0,99.0,250.0,0.0,0.0,0.24291001,0.0,40.0,0.15,150.0,504.0
400.0,0.0,99.0,250.0,0.28394693,0.0,0.19982289,0.0,30.0,0.086776435,160.0,22.472563
40.0,1.7179967,99.0,250.0,0.21693216,0.0,0.5,0.0,19.59522,0.25,140.0,126.37037
400.0,0.0,99.0,250.0,0.2386237,0.0,0.19354838,0.0,24.035332,0.08547009,170.0,24.0
15.881209,1.7179967,99.0,250.0,0.4,0.0,0.2797896,0.0,20.0,0.14222695,160.0,6.9862514
30.0,1.7179967,99.0,250.0,0.56234556,0.0,0.3367118,0.0,20.930305,0.17675297,160.0,24.0
25.0,1.7179967,99.0,250.0,0.4146737,0.0,0.28904593,0.0,20.16144,0.15,140.0,72.0
16.666666,1.7179967,99.0,250.0,0.4,0.0,0.25,0.0,20.0,0.06741215,140.0,35.125168
40.0,1.7179967,99.0,250.0,0.0,0.0,0.32200664,0.0,25.0,0.24488991,160.0,120.0
34.977764,1.7179967,99.0,250.0,0.4400449,0.0,0.25,0.0,15.0,0.23270512,150.0,72.0
30.30303,1.7179967,99.0,250.0,0.32741702,0.0,0.32105008,0.0,23.913044,0.15,140.0,24.0
25.0,1.7179967,99.0,250.0,0.42916018,0.0,0.25,0.0,21.15688,0.125,140.0,6.0
50.0,1.7179967,99.0,250.0,0.2857143,0.0,0.24324007,0.0,26.666666,0.16578886,140.0,120.0
10.0,1.7179967,99.0,250.0,0.3643856,0.0,0.25,0.0,20.812288,0.11852021,140.0,24.0
23.606567,1.7179967,99.0,250.0,0.31732577,0.0,0.3,0.0,17.331022,0.083333336,160.0,20.0
11.723424,1.7179967,99.0,250.0,0.50297195,0.0,0.21194917,0.0,19.999897,0.09994447,140.0,24.0
13.885107,1.7179967,99.0,250.0,0.28155148,0.0,0.32177582,0.0,24.5,0.15173689,140.0,20.0
50.0,1.7179967,99.0,250.0,0.43394282,0.0,0.24566951,0.0,35.997723,0.18358305,135.0,120.0
15.0,1.7179967,99.0,250.0,0.2857143,0.0,0.32380953,0.0,25.0,0.17352094,160.0,15.0
20.0,1.7179967,99.0,250.0,0.41411355,0.0,0.25,0.0,18.82353,0.1,160.0,12.0
10.0,1.7179967,99.0,250.0,0.39418486,0.0,0.12850617,0.0,24.5,0.121913664,140.0,24.0
43.069584,1.7179967,99.0,250.0,0.3605998,0.0,0.33305195,0.0,19.240328,0.1397507,140.0,48.0
400.0,0.0,99.0,250.0,0.29595232,0.0,0.17122972,0.0,39.91279,0.09677419,150.0,336.0
7.6469955,1.7179967,99.0,250.0,0.3839284,0.0,0.2459,0.0,21.645395,0.15,140.0,6.0
20.0,1.7179967,99.0,250.0,0.5465665,0.0,0.38094696,0.0,21.086119,0.09677419,160.0,12.0
30.30303,1.7179967,99.0,250.0,0.3222119,0.0,0.25,0.0,22.753462,0.14148787,160.0,10.0
14.992504,1.7179967,99.0,250.0,0.27077258,0.0,0.18881558,0.0,19.979374,0.1,140.0,24.0
20.0,1.7179967,99.0,250.0,0.4,0.0,0.6509017,0.0,24.005741,0.24752475,160.0,4.0
26.532648,1.7179967,99.0,250.0,0.50317276,0.0,0.49578336,0.0,21.522888,0.19898602,160.0,24.0
12.5,1.7179967,99.0,250.0,0.5,0.0,0.32056558,0.0,25.0,0.09461135,160.0,7.185493
50.0,1.7179967,99.0,250.0,0.4,0.0,0.24277617,0.0,25.641026,0.19356833,160.0,65.0
33.333332,1.7179967,99.0,250.0,0.5778581,0.0,0.28068835,0.0,22.527855,0.10051856,160.0,24.0
50.0,1.7179967,99.0,250.0,0.4,0.0,0.19626468,0.0,25.0,0.11620857,140.0,96.0
48.446587,1.7179967,99.0,250.0,0.3586478,0.0,0.18211842,0.0,22.677248,0.15433796,140.0,65.0
15.011541,1.7179967,99.0,250.0,0.2635813,0.0,0.3100865,0.0,22.187874,0.1,160.0,8.0
15.996273,1.7179967,99.0,250.0,0.4,0.0,0.26666668,0.0,21.435892,0.15961616,140.0,19.574278
50.0,1.7179967,99.0,250.0,0.48212528,0.0,0.3,0.0,25.566195,0.2,160.0,14.027592
20.0,1.7179967,99.0,250.0,0.6,0.0,0.22816858,0.0,25.0,0.12299666,160.0,168.0
15.0,1.7179967,99.0,250.0,0.4,0.0,0.29735604,0.0,17.728596,0.2173913,160.0,24.0
45.985165,1.7179967,99.0,250.0,0.28136283,0.0,0.18318601,0.0,25.0,0.046184756,140.0,72.0
50.0,1.7179967,99.0,250.0,0.25,0.0,0.23218441,0.0,25.0,0.14285715,160.0,65.0
50.0,1.7179967,99.0,250.0,0.4,0.0,0.2401557,0.0,25.0,0.1,140.0,109.87994
10.0,1.7179967,99.0,250.0,0.51772946,0.0,0.14684026,0.0,21.406878,0.05,120.0,168.0
400.0,0.0,99.0,250.0,0.13989314,0.0,0.12719393,0.0,24.854692,0.08547009,170.0,24.0
25.0,1.7179967,99.0,250.0,0.45811212,0.0,0.5997606,0.0,20.0,0.15,140.0,72.0
15.008237,1.7179967,99.0,250.0,0.5,0.0,0.44599488,0.0,17.985611,0.25,160.0,15.0
400.0,0.0,99.0,250.0,0.09143966,0.0,0.19867977,0.0,25.0,0.12736522,170.0,24.0
15.0,1.7179967,99.0,250.0,0.42817652,0.0,0.59921867,0.0,17.496368,0.23809524,140.0,24.0
400.0,0.0,99.0,250.0,0.33322957,0.0,0.23138787,0.0,31.466082,0.09999163,160.0,96.0
400.0,0.0,99.0,250.0,0.14350401,0.0,0.23241495,0.0,25.641026,0.14395618,170.0,20.0
400.0,0.0,99.0,250.0,0.4,0.0,0.19354838,0.0,26.66236,0.0952381,170.0,20.0
400.0,0.0,99.0,250.0,0.10869819,0.0,0.82250637,0.0,10.286481,0.5,160.0,12.0
33.15895,1.7179967,99.0,250.0,0.4256797,0.0,0.23238999,0.0,25.73747,0.2,160.0,10.126953
400.0,0.0,99.0,250.0,0.37793827,0.0,0.16745222,0.0,39.603962,0.09989978,150.0,336.0
400.0,0.0,99.0,250.0,0.0,0.0,0.17640339,0.0,10.0,0.14968254,150.0,336.0
29.411764,1.7179967,99.0,250.0,0.42936045,0.0,0.33333334,0.0,20.0,0.14343055,160.0,16.0
30.30303,1.7179967,99.0,250.0,0.19008367,0.0,0.1553398,0.0,21.61525,0.09964592,160.0,12.0
18.182,1.7179967,99.0,250.0,0.2732504,0.0,0.25952354,0.0,23.743435,0.09752237,150.0,96.0
400.0,0.0,99.0,250.0,0.16033147,0.0,0.2263835,0.0,20.0,0.13808241,140.0,72.0
400.0,0.0,99.0,250.0,0.49939945,0.0,0.07231711,0.0,40.0,0.06739411,150.0,336.0
50.0,1.7179967,99.0,250.0,0.5,0.0,0.37211674,0.0,23.894138,0.14072414,160.0,15.947552
20.0,1.7179967,99.0,250.0,0.44714084,0.0,0.19982924,0.0,22.974886,0.19601893,140.0,37.13743
37.988815,1.7179967,99.0,250.0,0.35334834,0.0,0.3809524,0.0,33.846733,0.25,160.0,50.0
45.0,1.7179967,99.0,250.0,0.5027577,0.0,0.24386634,0.0,37.5,0.1,160.0,135.9168
29.423216,1.7179967,99.0,250.0,0.4,0.0,0.2496606,0.0,26.559732,0.1,160.0,67.102516
33.05061,1.7179967,99.0,250.0,0.41382793,0.0,0.28427473,0.0,21.011887,0.09090909,160.0,12.0
48.8574,1.7179967,99.0,250.0,0.199002,0.0,0.23215164,0.0,23.469158,0.1687859,140.0,28.85892
16.936502,1.7179967,99.0,250.0,0.23500599,0.0,0.2846679,0.0,21.868341,0.125,160.0,10.0
14.925373,1.7179967,99.0,250.0,0.2726168,0.0,0.39215687,0.0,20.148369,0.19036454,140.0,10.0
400.0,0.0,99.0,250.0,0.3080921,0.0,0.1553398,0.0,26.711945,0.14340155,170.0,24.0
400.0,0.0,99.0,250.0,0.2857143,0.0,0.24348952,0.0,29.925186,0.15,150.0,229.49516
11.9673195,1.7179967,99.0,250.0,0.5,0.0,0.25,0.0,22.854809,0.1,140.0,6.0
50.0,1.7179967,99.0,250.0,0.25,0.0,0.19117956,0.0,23.271523,0.14389804,140.0,24.0
400.0,0.0,99.0,250.0,0.09542267,0.0,0.2589398,0.0,29.850746,0.1583238,123.948235,288.0
14.041732,1.7179967,99.0,250.0,0.3337236,0.0,0.35898814,0.0,23.935583,0.16787374,160.0,12.0
400.0,0.0,99.0,250.0,0.2857143,0.0,0.19986294,0.0,29.62963,0.14322579,160.0,20.0
34.987335,1.7179967,99.0,250.0,0.3684889,0.0,0.36364588,0.0,18.872515,0.11828047,140.0,24.0
14.998911,1.7179967,99.0,250.0,0.48384267,0.0,0.29996327,0.0,24.5,0.27959916,140.0,20.0
15.0,1.7179967,99.0,250.0,0.0,0.0,0.22307752,0.0,20.0,0.18546142,160.0,72.0
58.08143,1.7179967,99.0,250.0,0.22861785,0.0,0.25,0.0,28.063658,0.114261456,160.0,72.0
21.840452,1.7179967,99.0,250.0,0.1982316,0.0,0.25641027,0.0,25.641026,0.23873974,160.0,12.0
20.598688,1.7179967,99.0,250.0,0.0,0.0,0.47861916,0.0,38.70968,0.29868293,160.0,121.415924
40.0,1.7179967,99.0,250.0,0.39555556,0.0,0.2935886,0.0,20.0,0.15,140.0,72.0
14.992504,1.7179967,99.0,250.0,0.40983212,0.0,0.313424,0.0,20.0,0.16190477,140.0,24.0
20.0,1.7179967,99.0,250.0,0.23689967,0.0,0.25,0.0,22.120913,0.16190477,160.0,14.0
35.0,1.7179967,99.0,250.0,0.5261703,0.0,0.6,0.0,25.68835,0.24509804,140.0,16.0
18.182,1.7179967,99.0,250.0,0.5995872,0.0,0.19197366,0.0,20.0,0.09979941,160.0,12.266191
15.0,1.7179967,99.0,250.0,0.48630834,0.0,0.33742717,0.0,20.0,0.18762785,140.0,20.0
18.680584,1.7179967,99.0,250.0,0.6950459,0.0,0.70040345,0.0,27.284279,0.1,160.0,72.0
13.3847685,1.7179967,99.0,250.0,0.2024587,0.0,0.19792308,0.0,25.641026,0.1395497,160.0,72.0
30.30303,1.7179967,99.0,250.0,0.2590158,0.0,0.43769225,0.0,7.0,0.2340867,140.0,72.0
14.992504,1.7179967,99.0,250.0,0.3879984,0.0,0.43568173,0.0,22.351889,0.1,140.0,14.0
400.0,0.0,99.0,250.0,0.25,0.0,0.35469723,0.0,38.557568,0.09677419,170.0,14.024449
19.044308,1.7179967,99.0,250.0,0.46999195,0.0,0.20084096,0.0,24.467129,0.09773112,160.0,6.0
30.03003,1.7179967,99.0,250.0,0.5,0.0,0.25452834,0.0,25.0,0.1,160.0,90.45967
50.0,1.7179967,99.0,250.0,0.0,0.0,0.33333334,0.0,29.937412,0.25,160.0,96.0
25.0,1.7179967,99.0,250.0,0.4,0.0,0.2,0.0,20.0,0.1441792,160.0,8.0
400.0,0.0,99.0,250.0,0.42685273,0.0,0.27389827,0.0,41.674114,0.113283604,160.0,72.0
47.26401,1.7179967,99.0,250.0,0.37866622,0.0,0.19106466,0.0,20.360779,0.16190477,160.0,15.0
50.0,1.7179967,99.0,250.0,0.4,0.0,0.25650296,0.0,25.0,0.12844995,140.0,20.0
14.981945,1.7179967,99.0,250.0,0.3564199,0.0,0.69301635,0.0,11.99274,0.41370484,139.58098,120.0
200.0,1.7179967,99.0,250.0,0.3632008,0.0,0.19607244,0.0,23.27802,0.1671052,140.0,24.0
400.0,0.0,99.0,11.638967,0.356208,0.0,0.18595217,0.0,27.272728,0.083333336,160.0,37.50741
40.24592,1.7179967,99.0,250.0,0.35635188,0.0,0.24296121,0.0,25.0,0.09374917,160.0,3.0
33.333332,1.7179967,99.0,250.0,0.54488975,0.0,0.22807014,0.0,27.272728,0.099818625,160.0,60.0
28.45404,1.7179967,99.0,250.0,0.14986421,0.0,0.26321542,0.0,23.913044,0.17740574,160.0,50.0
33.333332,1.7179967,99.0,250.0,0.47924563,0.0,0.3917735,0.0,24.44576,0.08962077,160.0,10.0
400.0,0.0,99.0,250.0,0.0,0.0,0.19979045,0.0,6.796859,0.2301201,135.0,120.0
60.119812,1.7179967,99.0,250.0,0.29134846,0.0,0.31089038,0.0,37.5,0.125,135.0,168.0
400.0,0.0,99.0,250.0,0.0,0.0,0.47737616,0.0,39.007446,0.45454547,175.0,168.0
40.0,1.7179967,99.0,250.0,0.31795958,0.0,0.19356559,0.0,24.382168,0.05,160.0,20.0
15.128226,1.7179967,99.0,250.0,0.256412,0.0,0.19354838,0.0,21.642788,0.0999286,140.0,40.0
24.237064,1.7179967,99.0,250.0,0.40894166,0.0,0.30690524,0.0,23.53863,0.19354938,140.0,8.536863
37.683247,1.7179967,99.0,250.0,0.46734682,0.0,0.2,0.0,23.648037,0.07997362,160.0,13.732308
50.0,1.7179967,99.0,250.0,0.35265616,0.0,0.25,0.0,23.343092,0.19720438,160.0,16.0
50.0,1.7179967,99.0,250.0,0.4507942,0.0,0.22514524,0.0,20.0,0.2173913,160.0,10.0
30.30303,1.7179967,99.0,250.0,0.42818603,0.0,0.23829624,0.0,20.408163,0.20015743,160.0,8.42203
12.5,1.7179967,99.0,250.0,0.3528295,0.0,0.36057165,0.0,21.555246,0.16748688,140.0,20.0
27.67859,1.7179967,99.0,250.0,0.3564305,0.0,0.19607307,0.0,19.967865,0.09677419,160.0,16.756601
33.333332,1.7179967,99.0,250.0,0.37761176,0.0,0.28484994,0.0,20.408163,0.125,160.0,8.0
50.0,1.7179967,99.0,250.0,0.3550361,0.0,0.28,0.0,22.226746,0.2,160.0,72.0
17.976494,1.7179967,99.0,250.0,0.24101883,0.0,0.32129946,0.0,27.796356,0.46875,150.0,84.84596
10.0,1.7179967,99.0,250.0,0.36290458,0.0,0.2472898,0.0,23.579338,0.15648773,160.0,12.0
48.504745,1.7179967,99.0,250.0,0.50564325,0.0,0.19354838,0.0,21.859303,0.03065416,140.0,72.0
400.0,0.0,99.0,250.0,0.1242598,0.0,0.1862663,0.0,24.908934,0.09677419,170.0,18.0
50.0,1.7179967,99.0,250.0,0.42582998,0.0,0.6094113,0.0,25.0,0.1940123,160.0,72.0
34.970345,1.7179967,99.0,250.0,0.29754654,0.0,0.32,0.0,19.723326,0.18181819,160.0,8.0
70.10717,1.7179967,99.0,250.0,0.52251536,0.0,0.28352988,0.0,24.993193,0.16666667,160.0,72.0
13.392997,1.7179967,99.0,250.0,0.35170153,0.0,0.0,0.23674156,15.957347,0.22727273,160.0,10.0961685
10.0,1.7179967,99.0,250.0,0.0,0.0,0.0,0.0,0.0,0.0,110.0,168.0
13.210857,1.7179967,99.0,250.0,0.2857143,0.0,0.19860156,0.0,22.689278,0.09760204,150.0,120.0
35.0,1.7179967,99.0,250.0,0.3392108,0.0,0.4,0.0,24.94653,0.1161834,160.0,6.0
15.151515,1.7179967,99.0,250.0,0.4534231,0.0,0.47210953,0.0,20.79086,0.125,140.0,14.622627
18.151651,1.7179967,99.0,250.0,0.3185429,0.0,0.28068495,0.0,18.82353,0.18631953,160.0,14.0
52.554497,1.7179967,99.0,250.0,0.3562527,0.0,0.2,0.0,24.825842,0.083333336,140.0,77.24341
12.1209545,1.7179967,99.0,250.0,0.50957507,0.0,0.379471,0.0,25.0,0.037046485,140.0,5.0
40.70437,1.7179967,99.0,250.0,0.45470425,0.0,0.2909098,0.0,22.213903,0.12241062,140.0,24.0
15.746285,1.7179967,99.0,250.0,0.36123452,0.0,0.22570142,0.0,17.331022,0.1751041,160.0,14.0
40.0,1.7179967,99.0,250.0,0.4279766,0.0,0.24365896,0.0,17.5939,0.13413152,140.0,96.0
30.0,1.7179967,99.0,250.0,0.64420056,0.0,0.53014624,0.0,27.039148,0.25,160.0,72.0
400.0,0.0,99.0,250.0,0.4183462,0.0,0.07992926,0.0,40.0,0.09090909,150.0,360.0
50.0,1.7179967,99.0,250.0,0.5,0.0,0.5091346,0.0,22.300306,0.22995375,140.0,24.0
22.0,1.7179967,99.0,250.0,0.59953624,0.0,0.19360986,0.0,25.0,0.09709723,160.0,65.0
20.0,1.7179967,99.0,250.0,0.35313854,0.0,0.19064704,0.0,24.995764,0.09626087,150.0,120.0
400.0,0.0,99.0,250.0,0.51090103,0.0,0.23202962,0.0,34.52689,0.09677465,160.0,72.0
23.400639,1.7179967,99.0,250.0,0.5266413,0.0,0.28549442,0.0,25.672272,0.2,160.0,72.0
25.0,1.7179967,99.0,250.0,0.33292106,0.0,0.17727472,0.0,23.80843,0.16159129,160.0,18.0
400.0,0.0,99.0,250.0,0.0,0.0,0.1981496,0.0,41.259766,0.15,160.0,50.0
40.0,1.7179967,99.0,250.0,0.24846053,0.0,0.25648835,0.0,24.744328,0.09677419,160.0,24.0
33.285343,1.7179967,99.0,250.0,0.29666695,0.0,0.19354838,0.0,20.0,0.09090909,140.0,15.0
30.0,1.7179967,99.0,250.0,0.58981913,0.0,0.9789809,0.0,23.621431,0.24038461,160.0,20.0
30.0,1.7179967,99.0,250.0,0.31974074,0.0,0.2673786,0.0,21.552525,0.1840304,160.0,12.0
30.0,1.7179967,99.0,250.0,0.15938723,0.0,0.5535863,0.0,8.333333,0.4304707,140.0,108.0
12.5,1.7179967,99.0,250.0,0.504481,0.0,0.3809524,0.0,23.583168,0.09677419,160.0,12.0
14.992504,1.7179967,99.0,250.0,0.28218114,0.0,0.1,0.0,24.60738,0.0028020805,140.0,24.0
50.0,1.7179967,99.0,250.0,0.4090238,0.0,0.33333334,0.0,19.702986,0.16746072,160.0,24.0
15.664218,1.7179967,99.0,250.0,0.53333336,0.0,0.18026781,0.0,24.39519,0.16190477,140.0,9.475829
6.5279245,1.7179967,99.0,250.0,0.47349733,0.0,0.18173003,0.0,25.0,0.04168779,140.0,24.0
33.333332,1.7179967,99.0,250.0,0.35087425,0.0,0.24449044,0.0,23.770042,0.0625,160.0,15.842988
50.0,1.7179967,99.0,250.0,0.4805074,0.0,0.24335317,0.0,22.778713,0.18959095,160.0,72.0
14.015588,1.7179967,99.0,250.0,0.38550892,0.0,0.19630863,0.0,19.905003,0.098983295,140.0,17.61571
50.0,1.7179967,99.0,250.0,0.39202833,0.0,0.21412745,0.0,20.127785,0.19185814,160.0,17.617493
400.0,0.0,99.0,250.0,0.29877937,0.0,0.176984,0.0,30.0,0.091439955,160.0,24.0
81.85305,1.7179967,99.0,250.0,0.5228512,0.0,0.2133265,0.0,24.962973,0.14982767,140.0,120.0
20.0,1.7179967,99.0,250.0,0.30123523,0.0,0.25,0.0,23.268805,0.17131682,160.0,10.0
12.5,1.7179967,99.0,250.0,0.42027852,0.0,0.36384785,0.0,25.0,0.22295175,160.0,8.003281
50.0,1.7179967,99.0,250.0,0.3332705,0.0,0.16690573,0.0,23.36976,0.09601626,140.0,18.0
16.92836,1.7179967,99.0,250.0,0.4,0.0,0.22174291,0.0,23.17554,0.12517504,140.0,72.0
400.0,0.0,99.0,250.0,0.10012969,0.0,0.25801224,0.0,28.700476,0.15,170.0,24.0
20.0,1.7179967,99.0,250.0,0.5,0.0,0.2798089,0.0,22.932955,0.2220214,160.0,8.0
30.0,1.7179967,99.0,250.0,0.28744295,0.0,0.5,0.0,21.242859,0.25,160.0,48.0
12.161941,1.7179967,99.0,250.0,0.18184336,0.0,0.19374797,0.0,23.296268,0.09677419,140.0,72.0
400.0,0.0,99.0,250.0,0.2857143,0.0,0.2,0.0,25.0,0.057401672,170.0,16.0
14.614433,1.7179967,99.0,250.0,0.45209688,0.0,0.33333334,0.0,29.553217,0.12506722,170.0,6.914975
400.0,0.0,99.0,250.0,0.2898675,0.0,0.23046726,0.0,40.0,0.11463914,150.0,360.0
69.997635,1.7179967,99.0,250.0,0.34883535,0.0,0.2967739,0.0,21.750584,0.19885425,160.0,96.0
400.0,0.0,99.0,250.0,0.119256884,0.0,0.29560894,0.0,40.0,0.1455975,150.0,360.0
12.410336,1.7179967,99.0,250.0,0.2909186,0.0,0.18763803,0.0,24.753788,0.11616273,140.0,96.0
50.0,1.7179967,99.0,250.0,0.43681094,0.0,0.24395776,0.0,38.70968,0.083333336,160.0,96.0
25.0,1.7179967,99.0,250.0,0.0,0.0,0.343466,0.0,38.46154,0.25,160.0,120.0
20.0,1.7179967,99.0,250.0,0.33318108,0.0,0.29997504,0.0,18.181818,0.18754403,160.0,14.95656
10.0,1.7179967,99.0,250.0,0.19305016,0.0,0.19354838,0.0,20.0,0.09677419,140.0,14.0
69.99853,1.7179967,99.0,250.0,0.41416702,0.0,0.2,0.0,26.231976,0.04809425,160.0,96.0
25.0,1.7179967,99.0,250.0,0.23400395,0.0,0.19375134,0.0,23.93472,0.05536084,160.0,20.0
27.241028,1.7179967,99.0,250.0,0.37549296,0.0,0.19699283,0.0,24.385534,0.09992892,160.0,12.0
71.02961,1.7179967,99.0,250.0,0.55243987,0.0,0.3142712,0.0,23.372177,0.14976375,160.0,12.0
40.0,1.7179967,99.0,250.0,0.39666662,0.0,0.19640745,0.0,21.695316,0.18728115,140.0,12.0
30.112427,1.7179967,99.0,250.0,0.35058567,0.0,0.39167014,0.0,22.84543,0.17096794,160.0,24.0
23.57355,1.7179967,99.0,250.0,0.45513043,0.0,0.24130121,0.0,15.832581,0.12717572,150.0,431.76083
50.0,1.7179967,99.0,250.0,0.61292577,0.0,0.3,0.0,23.391573,0.1161526,160.0,65.0
400.0,0.0,99.0,250.0,0.3497862,0.0,0.3,0.0,44.0,0.125,160.0,40.0
400.0,0.0,99.0,250.0,0.0,0.0,0.2541221,0.0,41.593185,0.1399614,150.0,336.0
25.0,1.7179967,99.0,250.0,0.28463653,0.0,0.19766405,0.0,24.762281,0.1,140.0,15.978587
50.0,1.7179967,99.0,250.0,0.37875602,0.0,0.17836004,0.0,25.0,0.082607545,140.0,80.69649
11.066876,1.7179967,99.0,250.0,0.46220094,0.0,0.33333334,0.0,20.0,0.171057,140.0,24.0
24.149858,1.7179967,99.0,250.0,0.2755929,0.0,0.42907542,0.0,20.800512,0.25,160.0,12.0
30.0,1.7179967,99.0,250.0,0.35637903,0.0,0.25,0.0,23.367361,0.12063429,140.0,12.0
17.527777,1.7179967,99.0,250.0,0.2980094,0.0,0.19354838,0.0,19.20012,0.17142367,140.0,72.0
33.577652,1.7179967,99.0,250.0,0.58424,0.0,0.47893617,0.0,23.328146,0.19880264,160.0,14.695969
400.0,0.0,99.0,250.0,0.3552298,0.0,0.19877328,0.0,25.0,0.11594736,160.0,24.0
6.674025,1.7179967,99.0,250.0,0.41436726,0.0,0.50952256,0.0,24.085194,0.10051841,140.0,6.0
15.803068,1.7179967,99.0,250.0,0.33915696,0.0,0.23158404,0.0,20.173864,0.09716493,160.0,12.0
11.997592,1.7179967,99.0,250.0,0.41833982,0.0,0.19984795,0.0,20.0,0.09904246,140.0,120.0
17.866314,1.7179967,99.0,250.0,0.2,0.0,0.23016575,0.0,24.563532,0.10892969,160.0,7.116004
45.85474,1.7179967,99.0,250.0,0.31068376,0.0,0.224372,0.0,29.925186,0.15,160.0,96.0
47.47287,1.7179967,99.0,250.0,0.19446185,0.0,0.23198888,0.0,23.562828,0.14421904,160.0,16.716297
50.0,1.7179967,99.0,250.0,0.35122108,0.0,0.20282006,0.0,25.0,0.14415029,140.0,96.0
50.0,1.7179967,99.0,250.0,0.42464533,0.0,0.25,0.0,25.544548,0.09677419,160.0,48.0
10.0,1.7179967,99.0,250.0,0.38865495,0.0,0.18181819,0.0,20.0,0.1,140.0,72.0
400.0,0.0,99.0,250.0,0.41202703,0.0,0.29104403,0.0,26.666666,0.11242207,160.0,96.0
25.0,1.7179967,99.0,250.0,0.4143102,0.0,0.24959947,0.0,19.356508,0.17097314,160.0,24.0
42.560104,1.7179967,99.0,250.0,0.52191854,0.0,0.73934394,0.0,26.532793,0.10758977,160.0,31.966972
16.016758,1.7179967,99.0,250.0,0.3821074,0.0,0.27285463,0.0,27.777779,0.1473228,160.0,65.191444
50.0,1.7179967,99.0,250.0,0.26896805,0.0,0.25,0.0,23.809515,0.093743846,160.0,72.0
400.0,0.0,99.0,250.0,0.2644626,0.0,0.24896659,0.0,24.032663,0.13204695,160.0,16.0
10.0,1.7179967,99.0,250.0,0.48335853,0.0,0.25641027,0.0,19.054434,0.16666667,140.0,35.79318
30.30303,1.7179967,99.0,250.0,0.31805432,0.0,0.17644559,0.0,21.728783,0.0783061,140.0,24.0
16.02143,1.7179967,99.0,250.0,0.22875817,0.0,0.25,0.0,23.913044,0.1326785,160.0,9.944241
60.0,1.7179967,99.0,250.0,0.3025526,0.0,0.1933061,0.0,27.030226,0.080126606,160.0,65.0
30.0,1.7179967,99.0,250.0,0.4815423,0.0,0.67530125,0.0,20.0,0.15,170.0,12.0
15.151515,1.7179967,99.0,250.0,0.35640514,0.0,0.5074772,0.0,19.038675,0.16460642,160.0,12.0
50.0,1.7179967,99.0,250.0,0.28303355,0.0,0.24308835,0.0,20.0,0.125,160.0,24.0
13.389895,1.7179967,99.0,250.0,0.37505728,0.0,0.1553398,0.0,20.51429,0.110665545,140.0,17.187277
15.0,1.7179967,99.0,250.0,0.35526237,0.0,0.6650394,0.0,24.7618,0.09090909,160.0,7.0211782
47.73783,1.7179967,99.0,250.0,0.42895973,0.0,0.19354838,0.0,25.641026,0.09991253,140.0,24.0
50.0,1.7179967,99.0,250.0,0.3927329,0.0,0.24127,0.0,20.572092,0.13521013,160.0,8.0
32.00541,1.7179967,99.0,250.0,0.28380024,0.0,0.4543864,0.0,33.33067,0.2,160.0,7.3164325
15.711139,1.7179967,99.0,250.0,0.2881965,0.0,0.62652576,0.0,9.605935,0.47059575,150.0,192.0
400.0,0.0,99.0,250.0,0.24999768,0.0,0.19607547,0.0,24.987577,0.09677419,170.0,24.0
10.0,1.7179967,99.0,250.0,0.5263016,0.0,0.16690475,0.0,25.641026,0.09865426,140.0,96.0
8.0,1.7179967,99.0,250.0,0.35648075,0.0,0.21727183,0.0,24.515383,0.099944465,140.0,24.0
30.0,1.7179967,99.0,250.0,0.39233127,0.0,0.2,0.0,25.0,0.09677419,140.0,72.0
33.333332,1.7179967,99.0,250.0,0.34914455,0.0,0.26828757,0.0,33.833652,0.125,160.0,144.0
98.72702,1.7179967,99.0,250.0,0.38794628,0.0,0.34284735,0.0,25.0,0.22727273,160.0,72.0
400.0,0.0,99.0,250.0,0.0,0.0,0.2947931,0.0,38.70968,0.22727273,150.0,144.0
33.71173,1.7179967,99.0,250.0,0.2723956,0.0,0.1874701,0.0,20.044502,0.16666667,160.0,24.0
50.0,1.7179967,99.0,250.0,0.5226684,0.0,0.1851847,0.0,25.0,0.10929395,140.0,120.0
13.467382,1.7179967,99.0,250.0,0.52140266,0.0,0.24119344,0.0,24.5,0.09994447,140.0,8.0
400.0,0.0,99.0,250.0,0.0,0.0,0.0,0.49019608,17.331022,0.25,150.0,120.0
13.451628,1.7179967,99.0,250.0,0.25,0.0,0.5230117,0.0,18.034994,0.25,150.0,1.0
30.0,1.7179967,99.0,250.0,0.5769508,0.0,0.16666667,0.0,27.09846,0.11019756,140.0,24.0
45.03288,1.7179967,99.0,250.0,0.4389672,0.0,0.3959395,0.0,24.010174,0.099922486,160.0,60.0
80.0,1.7179967,99.0,250.0,0.31962946,0.0,0.2,0.0,25.641026,0.122318506,140.0,120.0
17.910398,1.7179967,99.0,250.0,0.58064514,0.0,0.2862612,0.0,23.55812,0.09090909,160.0,4.0
25.0,1.7179967,99.0,250.0,0.22074209,0.0,0.18832378,0.0,15.018935,0.1,160.0,24.0
18.182,1.7179967,99.0,250.0,0.23788752,0.0,0.15540244,0.0,22.743557,0.068848096,160.0,14.747387
90.690994,1.7179967,99.0,250.0,0.34919107,0.0,0.18237945,0.0,29.585567,0.0647939,140.0,75.75426
62.5,1.7179967,99.0,250.0,0.52383304,0.0,0.29508024,0.0,25.641026,0.125,140.0,120.0
15.651315,1.7179967,99.0,250.0,0.4666447,0.0,0.2,0.0,25.169018,0.16190477,160.0,6.974629
15.937315,1.7179967,99.0,250.0,0.52439,0.0,0.18944153,0.0,25.0,0.062645316,160.0,64.69744
50.0,1.7179967,99.0,250.0,0.34256098,0.0,0.19354838,0.0,22.918312,0.083333336,140.0,24.0
400.0,0.0,99.0,250.0,0.22019064,0.0,0.32380953,0.0,37.5,0.1483717,160.0,72.0
24.306555,1.7179967,99.0,250.0,0.4193488,0.0,0.3299841,0.0,20.485489,0.15,160.0,14.0
23.707733,1.7179967,99.0,250.0,0.24996263,0.0,0.18986672,0.0,20.408163,0.09799633,160.0,12.0
30.0,1.7179967,99.0,250.0,0.46766007,0.0,0.29058507,0.0,30.0,0.083333336,140.0,120.0
30.0,1.7179967,99.0,250.0,0.34436607,0.0,0.1944317,0.0,22.849878,0.13627219,160.0,4.0
23.77375,1.7179967,99.0,250.0,0.2857143,0.0,0.28,0.0,20.408163,0.18755336,160.0,5.0
22.90277,1.7179967,99.0,250.0,0.0,0.0,0.4947516,0.0,25.0,0.3,150.0,168.0
400.0,0.0,99.0,250.0,0.13016048,0.0,0.34161696,0.0,12.345275,0.25,160.0,20.0
30.0,1.7179967,99.0,250.0,0.4,0.0,0.56699806,0.0,20.0,0.23809524,160.0,24.0
40.0,1.7179967,99.0,250.0,0.4593903,0.0,0.21355465,0.0,18.131851,0.1,160.0,24.0
46.021667,1.7179967,99.0,250.0,0.19914587,0.0,0.19603325,0.0,23.595482,0.13181196,160.0,16.0
400.0,0.0,99.0,250.0,0.1,0.0,0.1859475,0.0,40.14027,0.1208612,150.0,336.0
400.0,0.0,99.0,250.0,0.2672397,0.0,0.1553398,0.0,27.272728,0.100027315,170.0,22.0
14.201536,1.7179967,99.0,250.0,0.3790483,0.0,0.14105465,0.0,19.58716,0.03640283,160.0,13.289234
400.0,0.0,99.0,250.0,0.29050016,0.0,0.12648472,0.0,27.272728,0.09677419,140.0,24.0
10.0,1.7179967,99.0,250.0,0.3094425,0.0,0.21816045,0.0,23.37297,0.07995971,130.0,216.0
400.0,0.0,99.0,250.0,0.2730814,0.04634637,0.19125669,0.0,24.5,0.09458691,160.0,20.0
59.99737,1.7179967,99.0,250.0,0.190728,0.0,0.33706406,0.0,20.0,0.25996533,160.0,105.0968
60.0,1.7179967,99.0,250.0,0.23485832,0.0,0.3,0.0,34.106033,0.1757704,170.0,12.134805
25.0,1.7179967,99.0,250.0,0.27127388,0.0,0.22094345,0.0,25.0,0.03630663,140.0,120.0
16.004591,1.7179967,99.0,250.0,0.3402346,0.0,0.23345144,0.0,21.373468,0.12965967,160.0,22.549911
20.0,1.7179967,99.0,250.0,0.38375676,0.0,0.19890408,0.0,22.120567,0.16729541,135.0,168.0
400.0,0.0,99.0,250.0,0.41352907,0.0,0.26149398,0.0,30.0,0.16190477,150.0,132.0
50.0,1.7179967,99.0,250.0,0.41478473,0.0,0.1528423,0.0,25.0,0.11266417,140.0,97.39483
50.0,1.7179967,99.0,250.0,0.35632032,0.0,0.17032625,0.0,25.0,0.083333336,140.0,96.0
59.581226,1.7179967,99.0,250.0,0.33381313,0.0,0.24007805,0.0,25.0,0.13498828,140.0,88.21774
25.0,1.7179967,99.0,250.0,0.34719092,0.0,0.2796713,0.0,22.912664,0.1807277,160.0,65.13862
85.52572,1.7179967,99.0,250.0,0.314733,0.0,0.23393665,0.0,20.749777,0.0952381,160.0,72.0
30.30303,1.7179967,99.0,250.0,0.48435354,0.0,0.5,0.0,20.4706,0.25,160.0,14.032636
13.705282,1.7179967,99.0,250.0,0.29495317,0.0,0.53057563,0.0,20.0,0.16666667,140.0,24.0
48.297222,1.7179967,99.0,250.0,0.5102828,0.0,0.1907288,0.0,24.422934,0.11029926,160.0,65.0
30.0,1.7179967,99.0,250.0,0.5,0.0,0.33767086,0.0,25.0,0.095746614,160.0,16.0
15.0,1.7179967,99.0,250.0,0.19771186,0.0,0.2684522,0.0,25.0,0.16190477,150.03809,95.854416
30.03003,1.7179967,99.0,250.0,0.35696122,0.0,0.37603045,0.0,25.0,0.09677419,160.0,19.817102
10.0,1.7179967,99.0,250.0,0.35464278,0.0,0.23806542,0.0,22.924746,0.15,140.0,96.0
13.876356,1.7179967,99.0,250.0,0.45459503,0.0,0.19716771,0.0,20.901085,0.09308496,140.0,72.0
50.0,1.7179967,99.0,250.0,0.52177745,0.0,0.3667224,0.0,22.807562,0.13625331,140.0,48.0
40.0,1.7179967,99.0,250.0,0.4785821,0.0,0.25,0.0,24.347166,0.12330335,160.0,18.0
16.779188,1.7179967,99.0,250.0,0.2621935,0.0,0.5586085,0.0,23.691479,0.14937608,160.0,21.737263
10.0,1.7179967,99.0,250.0,0.5,0.0,0.17579286,0.0,20.0,0.18373789,140.0,48.0
400.0,0.0,99.0,250.0,0.09888077,0.0,0.20329598,0.0,25.641026,0.2173913,160.0,48.0
14.919036,1.7179967,99.0,250.0,0.3496862,0.0,0.2794085,0.0,23.616457,0.17094524,140.0,4.0
9.091,1.7179967,99.0,250.0,0.28687507,0.0,0.17611216,0.0,22.703913,0.09677419,140.0,65.0
15.0,1.7179967,99.0,250.0,0.33314636,0.0,0.65619683,0.0,14.693546,0.24237612,160.0,5.0
10.0,1.7179967,99.0,250.0,0.47417605,0.0,0.23484358,0.0,22.05238,0.09984883,140.0,24.0
100.0,1.7179967,99.0,250.0,0.49004617,0.0,0.21748208,0.0,26.666666,0.15,150.0,96.0
15.0,1.7179967,99.0,250.0,0.6293074,0.0,0.37525082,0.0,22.991539,0.23815107,160.0,6.0
28.063202,1.7179967,99.0,250.0,0.2,0.0,0.30769476,0.0,23.913044,0.22727273,160.0,3.0
12.973344,1.7179967,99.0,250.0,0.53333336,0.0,0.18768603,0.0,24.723015,0.11508843,140.0,20.0
25.148945,1.7179967,99.0,250.0,0.58227175,0.0,0.33903173,0.0,21.527365,0.16171923,160.0,6.520941
50.0,1.7179967,99.0,250.0,0.4,0.0,0.259469,0.0,21.01952,0.22295292,160.0,20.0
20.0,1.7179967,99.0,250.0,0.35262954,0.0,0.16472556,0.0,22.154661,0.14831161,160.0,24.0
10.0,1.7179967,99.0,250.0,0.53333336,0.0,0.19199249,0.0,19.953693,0.11862181,140.0,72.0
50.0,1.7179967,99.0,250.0,0.3390294,0.0,0.21653853,0.0,24.384966,0.083333336,160.0,71.90595
10.0,1.7179967,99.0,250.0,0.37155983,0.0,0.2,0.0,19.347723,0.09541203,140.0,8.0
400.0,0.0,99.0,250.0,0.45464882,0.0,0.2,0.0,29.46036,0.14418465,160.0,16.0
50.0,1.7179967,99.0,250.0,0.4,0.0,0.24925217,0.0,20.0,0.11035507,160.0,24.0
12.911219,1.7179967,99.0,250.0,0.46361485,0.0,0.24115755,0.0,18.725763,0.13106701,140.0,20.0
400.0,0.0,99.0,250.0,0.0,0.0,0.24484776,0.0,41.509434,0.2,150.0,336.0
400.0,0.0,99.0,250.0,0.25,0.0,0.19354838,0.0,25.999828,0.09373562,160.0,23.895927
25.0,1.7179967,99.0,250.0,0.4394668,0.0,0.19190164,0.0,15.180659,0.09677419,140.0,33.89146
15.0,1.7179967,99.0,250.0,0.5,0.0,0.20485389,0.0,20.408163,0.083333336,140.0,48.0
30.0,1.7179967,99.0,250.0,0.4200696,0.0,0.45359144,0.0,20.0,0.22952665,140.0,6.4458084
33.044193,1.7179967,99.0,250.0,0.37436634,0.0,0.34285274,0.0,20.0,0.16666667,160.0,24.0
45.046467,1.7179967,99.0,250.0,0.4842638,0.0,0.25,0.0,25.0,0.15,161.17128,5.0
50.0,1.7179967,99.0,250.0,0.4,0.0,0.40265316,0.0,25.0,0.114309385,140.0,24.0
15.151515,1.7179967,99.0,250.0,0.5,0.0,0.39182478,0.0,21.697191,0.16394551,160.0,8.0
50.0,1.7179967,99.0,250.0,0.4997838,0.0,0.14888814,0.0,21.473915,0.07254977,140.0,48.0
30.02321,1.7179967,99.0,250.0,0.2499989,0.0,0.23892526,0.0,20.774426,0.1619044,160.0,12.0
33.333332,1.7179967,99.0,250.0,0.34766713,0.0,0.24210902,0.0,20.676044,0.14976332,160.0,12.0
400.0,0.0,99.0,250.0,0.9808486,0.0,0.0,1.25,35.971222,0.1,150.0,336.0
10.01233,1.7179967,99.0,250.0,0.47340605,0.0,0.26994112,0.0,22.586853,0.125,140.0,16.0
42.728924,1.7179967,99.0,250.0,0.29245162,0.0,0.27922088,0.0,25.0,0.09872847,150.0,96.0
41.832943,1.7179967,99.0,250.0,0.28557482,0.0,0.19840921,0.0,21.485725,0.1,160.0,20.0
30.0,1.7179967,99.0,250.0,0.37189722,0.0,0.25122842,0.0,24.012835,0.14489643,160.0,6.964996
32.45631,1.7179967,99.0,250.0,0.35824293,0.0,0.2,0.0,21.437675,0.17726414,160.0,24.0
20.0,1.7179967,99.0,250.0,0.3623622,0.0,0.23275521,0.0,24.018803,0.17120357,160.0,14.0
15.012229,1.7179967,99.0,250.0,0.50564146,0.0,0.37349546,0.0,22.961517,0.14347875,160.0,24.0
400.0,0.0,99.0,250.0,0.16998181,0.0,0.26693234,0.0,40.74067,0.09677419,150.0,336.0
19.348738,1.7179967,99.0,250.0,0.52075356,0.0,0.28533363,0.0,23.913044,0.1160001,160.0,8.0
30.0,1.7179967,99.0,250.0,0.48393422,0.0,0.19354838,0.0,22.034876,0.09677419,140.0,24.0
18.92807,1.7179967,99.0,250.0,0.4538648,0.0,0.25,0.0,23.585709,0.17008507,160.0,12.0
70.290405,1.7179967,99.0,250.0,0.20946546,0.0,0.2127834,0.0,28.134335,0.1573268,140.0,85.27378
23.877329,1.7179967,99.0,250.0,0.4,0.0,0.19832961,0.0,26.307592,0.10103929,140.0,97.25672
30.008408,1.7179967,99.0,250.0,0.1904762,0.0,0.45523453,0.0,12.784295,0.35582995,140.0,168.0
33.333332,1.7179967,99.0,250.0,0.64306045,0.0,0.3373743,0.0,25.0,0.16959143,160.0,24.0
59.651882,1.7179967,99.0,250.0,0.289209,0.0,0.29293203,0.0,24.5,0.125,160.0,72.0
30.0,1.7179967,99.0,250.0,0.2839796,0.0,0.28580973,0.0,17.733622,0.125,160.0,10.951592
12.5,1.7179967,99.0,250.0,0.38092348,0.0,0.19465196,0.0,20.582537,0.125,140.0,48.0
50.0,1.7179967,99.0,250.0,0.4914915,0.0,0.28175816,0.0,38.356544,0.21606484,140.0,94.3132
40.0,1.7179967,99.0,250.0,0.32901046,0.0,0.30070013,0.0,20.001194,0.15,140.0,24.0
35.0,1.7179967,99.0,250.0,0.47445118,0.0,0.25,0.0,20.906334,0.11768644,160.0,14.0
400.0,0.0,99.0,250.0,0.0,0.0,0.25,0.0,40.79148,0.15634635,150.0,336.0
33.333332,1.7179967,99.0,250.0,0.39470232,0.0,0.24566576,0.0,25.0,0.125,140.0,48.0
13.461729,1.7179967,99.0,250.0,0.36037573,0.0,0.3224778,0.0,21.738565,0.22727273,150.0,24.0
15.207248,1.7179967,99.0,250.0,0.45465067,0.0,0.1536783,0.0,38.70968,0.10913745,120.0,311.6361
400.0,0.0,99.0,250.0,0.0,0.0,0.0,0.0,0.0,0.05,150.0,120.0
15.151515,1.7179967,99.0,250.0,0.4,0.0,0.1997955,0.0,22.243725,0.16666667,160.0,16.0
400.0,0.0,99.0,250.0,0.35111144,0.0,0.0952381,0.0,24.032322,0.08547009,140.0,48.0
15.666667,1.7179967,99.0,250.0,0.21073847,0.0,0.3370366,0.0,20.774227,0.25,160.0,16.939018
13.279998,1.7179967,99.0,250.0,0.48741958,0.0,0.506712,0.0,25.0,0.1956119,160.0,3.0
400.0,0.0,99.0,250.0,0.16666667,0.0,0.45423344,0.0,14.583615,0.19897237,160.0,18.0
9.090948,1.7179967,99.0,250.0,0.35053542,0.0,0.35431662,0.0,20.408163,0.108414404,140.0,24.0
400.0,0.0,99.0,250.0,0.30381185,0.0,0.15760395,0.0,26.656355,0.14146674,150.0,360.0
