zeo,osda,Si/Al_rec,Al/P_rec,Si/Ge_rec,Si/B_rec,Na/T_rec,K/T_rec,OH/T_rec,F/T_rec,H2O/T_rec,sda1/T_rec,cryst_temp_rec,cryst_time_rec
CHA,C[N+](C)(C)C12CC3CC(CC(C3)C1)C2,0.035856573705179286,0.0,0.03187250996015936,0.03187250996015936,0.5378486055776892,0.9840637450199203,0.32270916334661354,0.7211155378486056,0.27091633466135456,0.05976095617529881,0.0,0.12749003984063745
AEL,CCCNCCC,1.0,0.0,0.5283842794759825,0.5283842794759825,0.9956331877729258,0.0,0.0,0.0,0.47161572052401746,0.021834061135371178,0.017467248908296942,0.004366812227074236
CHA,OSDA-free,0.0440251572327044,0.050314465408805034,0.025157232704402517,0.025157232704402517,0.006289308176100629,0.20754716981132076,0.33962264150943394,0.6918238993710691,0.025157232704402517,1.0,0.0,0.05660377358490566
MFI,OSDA-free,0.04878048780487805,0.9349593495934959,0.016260162601626018,0.016260162601626018,0.0,1.0,0.07317073170731707,1.0,0.024390243902439025,0.967479674796748,0.0,0.11382113821138211
CHA,CCN(CC)CC,1.0,0.009433962264150943,0.10377358490566038,0.10377358490566038,0.0,1.0,1.0,0.9622641509433962,0.04716981132075472,0.02830188679245283,0.0,0.10377358490566038
LTA,C[N+](C)(C)C,0.07608695652173914,0.5760869565217391,0.9456521739130435,0.05434782608695652,0.16304347826086957,0.0,0.42391304347826086,0.967391304347826,0.021739130434782608,0.05434782608695652,0.05434782608695652,0.18478260869565216
MEL,CCCC[N+](CCCC)(CCCC)CCCC,0.3855421686746988,0.0,0.10843373493975904,0.10843373493975904,0.4939759036144578,0.9879518072289156,0.20481927710843373,1.0,0.10843373493975904,0.24096385542168675,0.08433734939759036,0.0
CHA,C1COCCN1,1.0,0.012195121951219513,0.21951219512195122,0.21951219512195122,0.0,1.0,1.0,0.7682926829268293,0.12195121951219512,0.024390243902439025,0.0,0.15853658536585366
ATO,CCCNCCC,1.0,0.0,0.25396825396825395,0.746031746031746,0.0,0.0,0.0,0.0,0.031746031746031744,0.031746031746031744,0.0,0.0
IWR,C[N+](C)(C)CCCCCC[N+](C)(C)C,0.0,0.08064516129032258,0.0,0.0,1.0,1.0,0.5645161290322581,0.532258064516129,0.0,0.0,0.0,0.0
LTA,C1COCCN2CCOCCOCCN(CCO1)CCOCCOCC2,0.8833333333333333,0.15,0.016666666666666666,0.11666666666666667,1.0,0.0,1.0,0.15,0.0,0.0,0.0,0.0
IMF,C[N+]1(CCCCC[N+]2(C)CCCC2)CCCC1,0.0,1.0,0.0,1.0,0.07407407407407407,0.0,0.09259259259259259,1.0,0.0,0.0,0.0,0.0
IWR,CC[N+]1(CC)CC2C3C(C)=CC(C)(C2C1)C1C[N+](CC)(CC)CC31,0.0,0.34,0.0,0.0,1.0,1.0,0.82,0.18,0.06,0.0,0.0,0.0
LEV,C[N+]12CCC(CC1)CC2,0.0,0.2,0.0,0.0,0.04,1.0,0.2,1.0,0.08,0.0,0.0,0.0
AFI,CCCN(CCC)CCC,1.0,0.0,0.9787234042553191,0.9787234042553191,0.0,1.0,1.0,0.9574468085106383,0.3617021276595745,0.10638297872340426,0.0,0.1276595744680851
BEC,C[N+](C)(C)CCCCCC[N+](C)(C)C,0.0,0.08888888888888889,0.0,0.0,1.0,1.0,0.9777777777777777,0.06666666666666667,0.0,0.0,0.0,0.022222222222222223
MAZ,OSDA-free,0.05128205128205128,0.9487179487179487,0.0,0.0,0.0,0.0,0.0,0.0,0.0,0.9487179487179487,0.0,0.02564102564102564
MWW,C[N+](C)(C)C12CC3CC(CC(C3)C1)C2,0.08333333333333333,0.027777777777777776,0.08333333333333333,0.08333333333333333,0.7222222222222222,0.8888888888888888,0.08333333333333333,1.0,0.0,0.08333333333333333,0.0,0.0
AEN,CC[n+]1ccn(C)c1C,0.0,0.0,1.0,1.0,1.0,1.0,1.0,1.0,0.5454545454545454,0.0,0.0,0.0
FAU,C1COCCOCCOCCOCCOCCO1,0.0,0.8620689655172413,0.0,1.0,0.3448275862068966,0.0,0.3103448275862069,1.0,0.3793103448275862,0.5172413793103449,0.0,0.0
FAU,CC[N+](CC)(CC)CC,0.0,0.07692307692307693,1.0,1.0,0.0,0.0,0.0,1.0,0.0,0.0,0.0,0.0
UOV,C[N+](C)(C)CCCCCCCCCC[N+](C)(C)C,0.0,0.0,0.0,0.0,1.0,0.0,0.4583333333333333,1.0,0.0,0.0,0.0,0.0
PHI,OSDA-free,0.0,0.041666666666666664,0.0,0.0,0.0,0.0,0.0,1.0,0.0,0.4583333333333333,0.0,0.0
GIS,CCCNCCC,1.0,0.0,0.125,0.125,1.0,1.0,1.0,0.125,0.0,0.0,0.0,0.0
LEV,C[N+]1(C)CCCCC1,0.0,0.043478260869565216,0.0,0.0,0.08695652173913043,1.0,0.043478260869565216,1.0,0.5217391304347826,0.08695652173913043,0.0,0.30434782608695654
ITT,C[N+](C)(C)CCCCCC[N+](C)(C)C,0.0,0.4090909090909091,0.0,0.0,0.0,1.0,0.18181818181818182,0.8181818181818182,0.0,0.0,0.0,0.0
FER,C[N+]1(Cc2ccccc2)CCCC1,0.0,0.047619047619047616,0.047619047619047616,0.047619047619047616,0.8571428571428571,1.0,1.0,0.047619047619047616,0.0,0.0,0.0,0.0
ITG,C[N+]1(C)CCC([N+]2(C)CCCC2)CC1,0.0,0.38095238095238093,0.0,0.0,1.0,1.0,0.0,1.0,0.7142857142857143,0.0,0.0,0.0
BEA,C(CCCC[N+]12CCC(CC1)CC2)CCC[N+]12CCC(CC1)CC2,0.0,0.0,0.0,0.0,1.0,1.0,1.0,0.0,0.0,0.0,0.0,0.0
SAV,C1CNCCCNCCNCCNC1,0.95,0.25,0.0,0.0,0.0,1.0,1.0,0.6,0.0,0.0,0.0,0.0
AEI,CC[P+](CC)(CC)CC,0.0,0.0,0.0,0.0,0.05,1.0,0.55,0.55,0.85,0.0,0.0,0.95
AFI,C[N+]12CCCC[C@@H]1[C@H]1C[C@@H](C2)[C@@H]2CCCCN2C1,0.15789473684210525,0.0,0.15789473684210525,0.15789473684210525,0.5789473684210527,1.0,0.47368421052631576,0.6842105263157895,0.42105263157894735,0.15789473684210525,0.0,0.0
NSI,c1cc(-c2ccncc2)ccn1,0.10526315789473684,0.3684210526315789,0.10526315789473684,0.10526315789473684,0.9473684210526315,0.0,0.0,0.0,0.0,0.0,0.0,0.0
CON,CC1(C)[C@H]2CC[C@@H](C[N+](C)(C)C)[C@@H]1C2,0.05555555555555555,0.3888888888888889,0.05555555555555555,0.2222222222222222,0.0,1.0,0.4444444444444444,1.0,0.0,0.05555555555555555,0.0,0.0
FER,C1CNCCN1,0.0,0.0,0.0,0.0,0.058823529411764705,1.0,0.058823529411764705,0.9411764705882353,0.35294117647058826,0.0,0.0,0.0
MTW,C[N+]1(Cc2ccccc2)CCC(CCCCCC2CC[N+](C)(Cc3ccccc3)CC2)CC1,0.0,0.0,1.0,1.0,1.0,0.0,0.0,1.0,0.0,0.11764705882352941,0.0,0.0
BEA,C(CC[N+]12CCN(CC1)CC2)C[N+]12CCN(CC1)CC2,0.0,0.6875,0.0,0.0,0.3125,1.0,0.1875,0.8125,0.0625,0.0625,0.0,0.0625
MWW,CCCCCCC[N+](C)(C)C,0.0,0.0,0.0,0.0,1.0,0.6875,0.6875,1.0,0.0,0.0,0.0,0.0
MFI,CCN,0.0,0.7333333333333333,0.0,0.0,0.0,1.0,0.0,0.7333333333333333,0.0,0.0,0.0,0.0
TON,NCCCCCCCCN,0.07142857142857142,0.42857142857142855,0.07142857142857142,0.07142857142857142,1.0,0.0,0.0,0.0,0.7857142857142857,0.0,0.0,0.0
AFR,CCC[N+](CCC)(CCC)CCC,1.0,0.0,0.6428571428571429,0.6428571428571429,1.0,1.0,1.0,1.0,0.0,0.07142857142857142,0.8571428571428571,0.0
AST,c1ccncc1,0.0,0.0,0.0,1.0,0.0,1.0,1.0,1.0,0.0,0.07142857142857142,0.7857142857142857,1.0
AEI,C[C@H]1C[C@@H](C)C[N+](C)(C)C1,0.0,1.0,0.0,0.0,0.0,1.0,0.0,1.0,0.0,0.21428571428571427,0.0,0.0
MTT,C[N+](C)(C)CCCCCCC[N+](C)(C)C,0.2857142857142857,0.5714285714285714,0.2857142857142857,0.2857142857142857,0.42857142857142855,0.0,0.0,1.0,0.2857142857142857,0.2857142857142857,0.0,0.0
LTA,Cc1ccc(C[n+]2ccn(C)c2C)cc1,0.3076923076923077,0.3076923076923077,0.0,0.0,0.0,1.0,1.0,0.3076923076923077,0.7692307692307693,0.38461538461538464,0.0,0.0
SWY,C1CCCC(CCCCCCC2(N3CCCCCCN3)CCCCCCC2)(N2CCCCCCN2)CCC1,0.0,0.0,0.0,0.0,1.0,1.0,1.0,1.0,0.0,0.0,0.0,0.0
STF,CCC1CCCC[N+]12CCCCC2,0.0,0.25,0.0,0.0,1.0,1.0,0.0,1.0,0.0,0.0,0.0,0.08333333333333333
BEA,CC[N+]1(CC)CC2C3C=CC(C2C1)C1C[N+](CC)(CC)CC31,0.0,0.75,0.0,0.0,0.75,0.5833333333333334,0.3333333333333333,0.6666666666666666,0.25,0.0,0.0,0.0
CHA,CC(C)NC(C)C,1.0,0.0,0.0,0.0,0.0,1.0,1.0,1.0,0.6666666666666666,0.0,0.0,0.16666666666666666
MFI,CCCN(CCC)CCCCCN(CCC)CCC,0.0,0.0,0.0,0.0,0.0,0.0,0.0,1.0,0.0,0.0,0.0,0.0
ITE,NCCNCCNCCNCCNCCN,0.0,1.0,0.0,0.0,0.0,0.0,0.0,0.0,0.0,0.0,0.0,0.0
ISV,CC1(C)CC2CC(C)(C1)C[N+]21CCCCC1,0.09090909090909091,0.0,0.09090909090909091,0.09090909090909091,1.0,1.0,0.36363636363636365,0.7272727272727273,0.8181818181818182,0.09090909090909091,0.0,0.0
UFI,CC[N+](CC)(CC)CC,0.0,1.0,0.0,0.0,0.6363636363636364,1.0,0.0,0.0,0.0,0.0,0.0,0.0
MTW,C(CC[N+]12CCC(CC1)CC2)C[N+]12CCC(CC1)CC2,0.0,0.0,1.0,0.0,1.0,1.0,0.0,0.2,0.0,0.2,0.0,0.1
CLO,C1CN2CCC1CC2,1.0,0.0,1.0,0.0,1.0,0.0,1.0,0.0,0.0,0.0,0.0,0.0
MTW,CCC(CC)n1cc[n+](C(CC)CC)c1,0.0,0.3,1.0,0.0,0.7,0.0,0.4,0.7,0.0,0.1,0.0,0.0
AFI,[CH]1C=CC=C1,0.0,0.0,1.0,1.0,0.0,1.0,1.0,1.0,0.0,0.1,0.0,0.0
MFI,CC[N+](CC)(CC)CCC[N+](CC)(CC)CC,0.1,1.0,0.0,0.0,0.4,0.8,0.0,1.0,0.0,0.0,0.0,0.0
LAU,c1c[nH]cn1,0.7777777777777778,0.0,0.7777777777777778,0.7777777777777778,1.0,1.0,1.0,0.0,0.0,0.0,0.0,0.0
LEV,CC[N+](C)(C)CC,0.5555555555555556,0.0,0.1111111111111111,0.1111111111111111,0.6666666666666666,1.0,0.5555555555555556,1.0,0.2222222222222222,0.0,0.0,0.1111111111111111
OFF,C[N+](C)(C)Cc1ccccc1,0.0,1.0,0.0,0.0,1.0,1.0,0.0,1.0,0.0,0.0,0.0,0.0
FER,NCCCCN,0.0,0.0,0.0,0.0,0.0,1.0,0.0,1.0,0.0,0.0,0.0,0.0
DDR,C[N+]1(C)C2CCC1CC(O)C2,0.2222222222222222,0.8888888888888888,0.0,0.0,0.2222222222222222,1.0,0.1111111111111111,1.0,0.8888888888888888,0.1111111111111111,0.0,0.1111111111111111
STI,CC[N+](CC)(CC)CC,0.0,0.0,0.1111111111111111,0.0,1.0,1.0,1.0,0.0,1.0,0.0,0.0,0.0
AFX,C[N+]1(CCCCC[N+]2(C)CCCC2)CCCC1,1.0,0.0,0.7777777777777778,0.7777777777777778,0.0,1.0,1.0,0.8888888888888888,0.0,1.0,0.0,0.0
STF,CC1(C)C2CCC[N+](C)(C)C1C2,0.0,0.7777777777777778,0.0,0.0,1.0,1.0,1.0,1.0,0.0,1.0,0.0,0.1111111111111111
MTN,C1CCNC1,1.0,0.5555555555555556,0.0,0.0,0.0,1.0,1.0,0.4444444444444444,0.0,0.0,0.0,0.0
AFI,CCN(C(C)C)C(C)C,1.0,0.0,1.0,1.0,1.0,1.0,1.0,1.0,0.1111111111111111,0.1111111111111111,0.0,0.4444444444444444
AEN,CC[N+](CC)(CC)CC,0.0,0.1111111111111111,1.0,1.0,1.0,1.0,1.0,1.0,0.3333333333333333,0.1111111111111111,0.1111111111111111,0.0
BEA,c1ccc(C[N+]23CCC(CC2)CC3)cc1,0.0,0.75,0.0,0.0,1.0,1.0,0.0,1.0,0.25,0.0,0.0,0.0
AST,CC(C)[N+](C)(C)C,0.875,1.0,0.125,0.125,0.0,1.0,1.0,0.0,0.0,0.0,0.125,0.0
MTW,C1CN2CCN1CC2,0.0,0.0,0.0,0.0,0.0,1.0,0.0,1.0,0.0,0.0,0.0,0.0
BEC,CCC[N+]1(CCC)CCC([N+]2(CCC)CCCC2)CC1,0.0,0.25,0.0,0.0,1.0,1.0,1.0,0.0,0.0,0.0,0.0,0.0
MTW,C1CCC[N+]2(CC1)CCCCC2,0.0,0.0,0.0,0.0,0.375,1.0,1.0,1.0,0.0,0.0,0.0,0.0
BEC,OCC1CCCN1Cc1cccc(CN2CCCC2CO)c1,0.0,0.0,0.0,0.0,1.0,1.0,1.0,0.0,0.25,0.0,0.0,0.0
ITE,C1CC[N+]23CCCCC2(C1)CCCC3,0.0,1.0,0.0,1.0,0.0,1.0,0.0,1.0,0.0,0.0,0.0,0.0
MFI,C1CCNC1,0.0,1.0,0.0,0.0,0.0,1.0,0.0,1.0,0.0,0.25,0.0,0.0
MTW,CC(C)(C)c1cccc(C(C)(C)C)n1,0.0,0.0,1.0,0.0,0.0,1.0,0.8571428571428571,0.0,0.0,1.0,0.0,0.0
NON,CC1CCCN1,0.0,0.0,0.0,1.0,1.0,1.0,1.0,1.0,1.0,1.0,0.0,0.2857142857142857
SFS,CC[N+]1(CC)C(C)CC[C@H]2CCCCC21,0.0,1.0,0.0,0.0,0.0,1.0,0.0,1.0,0.0,0.7142857142857143,0.0,0.0
MTN,N[C@@H]1C[C@H]2CC[C@@H]1C2,1.0,1.0,1.0,0.0,0.0,1.0,0.5714285714285714,1.0,0.0,0.0,0.0,0.0
STF,CC12CCC(C[N+](C)(C)C1)C2(C)C,0.14285714285714285,0.7142857142857143,0.14285714285714285,0.14285714285714285,1.0,0.8571428571428571,0.8571428571428571,1.0,0.0,0.8571428571428571,0.0,0.2857142857142857
BEC,CC[N+](CC)(CC)Cc1ccccc1,0.0,0.7142857142857143,0.0,0.0,1.0,1.0,1.0,0.0,0.8571428571428571,0.0,0.0,0.0
CHA,CN(CCO)CCO,1.0,1.0,0.0,0.0,0.0,1.0,1.0,1.0,0.14285714285714285,0.0,0.0,0.0
FAU,Cc1cccc(C)[n+]1C,0.0,1.0,1.0,1.0,0.0,0.0,0.0,1.0,0.0,0.0,0.0,0.0
NON,CC1CCCCN1,0.0,0.0,0.0,1.0,1.0,1.0,1.0,1.0,1.0,1.0,0.0,0.2857142857142857
CHA,CN1CCNCC1,1.0,0.0,1.0,1.0,0.0,1.0,1.0,1.0,0.0,0.0,0.0,0.0
ERI,C[N+]1(C)CCCCC1,0.0,0.0,0.0,0.0,1.0,0.0,0.0,1.0,1.0,0.0,0.0,0.8571428571428571
AFI,C1CCCNCC1,1.0,0.0,0.42857142857142855,0.42857142857142855,0.0,1.0,1.0,1.0,0.5714285714285714,0.0,0.0,0.0
BEA,CCC[N+]1(CCC)CCC([N+]2(CCC)CCCC2)CC1,0.0,0.5714285714285714,0.0,0.0,1.0,1.0,0.0,1.0,1.0,0.0,0.0,0.0
ITE,C[N+]1(C)CCCCC2CCCCC21,0.0,1.0,0.0,0.0,0.0,1.0,0.0,0.0,0.0,0.0,0.0,0.0
MFI,CCCCCCCCCCCCCCCCCC[N+](C)(C)CCCCCC[N+](C)(C)CCCCCC,0.0,0.6666666666666666,0.0,1.0,0.3333333333333333,0.0,0.3333333333333333,1.0,0.0,0.5,0.0,0.0
MFI,O=C(O)CN(CCN(CC(=O)O)CC(=O)O)CC(=O)O,0.0,0.5,0.0,0.0,0.0,1.0,0.0,1.0,0.0,1.0,0.0,0.0
AVE,C1CC[N+]2(CC1)CCCC2,0.0,0.0,0.3333333333333333,0.3333333333333333,0.0,0.0,0.0,1.0,0.0,0.0,0.0,0.0
MWW,CCCCCC[N+](C)(C)C,0.0,0.0,0.0,0.0,1.0,1.0,1.0,1.0,0.0,0.0,0.0,0.0
STW,CCc1n(C)cc(C)[n+]1C,0.0,1.0,0.0,0.0,1.0,1.0,1.0,0.0,0.6666666666666666,0.0,0.0,0.0
FER,CCCCN,0.0,0.6666666666666666,0.16666666666666666,0.16666666666666666,1.0,1.0,0.0,0.16666666666666666,0.0,0.0,0.0,0.0
TON,CC(N)CN,0.0,0.0,0.0,0.0,0.3333333333333333,1.0,0.0,1.0,0.0,0.0,0.0,0.0
ETL,C[N+](C)(C)CCO,0.0,1.0,0.0,1.0,0.0,1.0,0.0,1.0,0.0,0.0,0.0,1.0
ERI,C[N+]1(CCC[N+]2(C)CCCC2)CCCC1,1.0,0.0,0.6666666666666666,0.6666666666666666,1.0,1.0,1.0,0.8333333333333334,0.0,1.0,0.0,0.0
UOZ,C[N+](C)(C)CCCCCC[N+](C)(C)C,0.16666666666666666,0.6666666666666666,0.0,0.16666666666666666,0.0,1.0,1.0,0.0,0.6666666666666666,0.0,0.0,0.0
SZR,CC[N+](CC)(CC)CCCCC[N+](CC)(CC)CC,0.16666666666666666,0.8333333333333334,0.16666666666666666,0.16666666666666666,0.6666666666666666,0.5,0.16666666666666666,1.0,0.0,0.16666666666666666,0.0,0.0
MEI,CN(CCO)CCO,1.0,0.0,0.0,0.0,0.0,1.0,1.0,1.0,0.0,0.0,0.0,0.0
AEL,CCNCC,1.0,0.0,0.16666666666666666,0.16666666666666666,1.0,0.0,0.0,0.0,0.8333333333333334,0.0,0.0,0.0
CHA,NCCNCCN,0.8333333333333334,0.16666666666666666,0.3333333333333333,0.3333333333333333,0.0,1.0,0.8333333333333334,0.8333333333333334,0.0,0.0,0.0,0.0
MTW,C[N+]12CCCCC1C[C@H]1C[C@@H]2CC2CCCC[N+]21C,0.0,0.0,1.0,0.0,0.6666666666666666,1.0,1.0,1.0,0.0,0.0,0.0,0.0
AEL,CCCCNCCCC,1.0,0.0,0.6666666666666666,0.6666666666666666,1.0,0.0,1.0,0.0,0.3333333333333333,0.0,0.0,0.0
MFI,CCCNCCC,0.0,0.8333333333333334,0.0,0.0,0.3333333333333333,1.0,0.3333333333333333,0.8333333333333334,0.0,0.0,0.0,0.0
GIS,C[N+](C)(C)C,0.5,0.0,0.5,0.5,0.6666666666666666,0.8333333333333334,0.0,1.0,0.3333333333333333,0.3333333333333333,0.0,0.16666666666666666
FER,NC1CCCCC1,0.0,0.0,0.0,0.0,0.0,0.2,0.0,1.0,0.0,0.0,0.0,0.0
SOD,C1CCC2(C1)CCC[NH2+]2,0.0,1.0,1.0,0.0,0.0,1.0,0.0,1.0,0.0,0.0,0.0,0.0
DOH,CC1CNCCN1,1.0,0.0,0.0,1.0,1.0,1.0,1.0,1.0,0.0,0.0,0.0,0.0
TON,CCC(C)N,0.0,0.0,0.0,0.0,0.2,1.0,0.0,1.0,0.0,0.0,0.0,0.4
STF,CC1(C)CC2CC(C)(C1)C[N+]2(C)C,0.6,0.4,0.6,0.0,1.0,1.0,1.0,1.0,0.0,1.0,0.0,0.0
MOR,CC[N+](CC)(CC)CCC[N+](CC)(CC)CC,0.0,1.0,0.0,0.0,0.0,1.0,0.0,1.0,0.0,0.0,0.0,0.0
AFI,Fc1cccc(CN2CCCC2)c1,1.0,0.0,0.4,0.4,0.0,1.0,1.0,1.0,0.0,0.0,0.0,0.2
AFI,CN1C2CCC1CC(O)C2,1.0,0.0,0.0,1.0,1.0,1.0,1.0,0.2,0.0,0.0,0.2,0.0
MFI,C(CCC[N+]12CCC(CC1)CC2)CC[N+]12CCC(CC1)CC2,0.0,0.6,0.0,1.0,0.8,1.0,0.8,0.4,0.4,0.4,0.6,0.0
IFW,CN(C)[P+](CCCC[P+](N(C)C)(N(C)C)N(C)C)(N(C)C)N(C)C,0.0,0.0,0.0,0.0,1.0,1.0,0.2,0.8,0.0,0.0,0.0,0.0
AWO,CNC,0.0,0.0,1.0,1.0,1.0,0.0,1.0,1.0,0.6,0.0,0.0,0.0
JST,NCCN,1.0,0.6,1.0,1.0,1.0,1.0,1.0,0.8,0.0,0.0,0.0,0.0
MFI,CN(C)CC(C)(C)CN(C)C,0.0,0.0,0.0,0.0,0.0,1.0,0.0,1.0,0.0,0.0,0.0,0.0
STF,CC[N+]1(C)C2CCCC1CCC2,0.0,0.8,0.0,0.0,1.0,1.0,1.0,1.0,0.0,1.0,0.0,0.0
PWN,C[N+]12CC[N+](C)(CC1)CC2,1.0,0.0,0.0,0.0,1.0,0.0,0.0,1.0,0.0,0.0,0.0,0.0
MFI,CC[N+](CC)(CC)CCCCCCCCC[N+](CC)(CC)CC,0.0,1.0,0.0,0.0,0.2,0.0,0.0,1.0,0.0,0.0,1.0,1.0
AEN,C[N+](C)(C)C,0.0,0.0,1.0,1.0,1.0,1.0,1.0,0.0,0.0,0.0,0.0,0.0
BEA,C[N+](C)(Cc1ccccc1)Cc1ccccc1,0.0,0.0,0.0,0.0,1.0,1.0,1.0,0.0,0.2,0.0,0.0,0.0
BEA,CC1CC(C)C[N+]2(Cc3ccccc3C2)C1,0.0,1.0,0.0,0.0,1.0,1.0,1.0,0.0,0.2,0.0,0.0,0.0
MFI,CC[N+](CC)(CC)CCCCCCC[N+](CC)(CC)CC,0.0,1.0,0.0,0.0,0.5,0.75,0.0,1.0,0.0,0.0,1.0,1.0
MTW,CC[N+]1(CC)CCCC2CCCCC2C1,0.0,1.0,1.0,0.0,0.0,1.0,0.0,1.0,0.0,0.0,0.0,0.0
MTW,C[N+](C)(C)CCCC[N+](C)(C)C,0.0,0.0,1.0,0.0,0.0,1.0,0.0,1.0,0.0,0.0,0.0,0.0
MOR,CN(C)CCCN(C)C,0.0,1.0,0.0,0.0,0.0,1.0,0.0,0.0,0.0,0.0,0.0,0.0
CTH,Cc1cc(C)cc(Cn2cc[n+](C)c2)c1,0.0,0.0,0.0,0.0,1.0,0.0,1.0,0.0,0.0,0.0,0.0,0.25
CGS,C1CN2CCC1CC2,0.0,1.0,0.0,0.0,1.0,1.0,1.0,1.0,1.0,0.0,0.0,1.0
BEA,CC1CC[N+]2(CCCC3CCCCC32)CC1,0.0,0.5,0.0,0.0,0.25,1.0,0.0,1.0,0.0,0.0,0.0,0.0
MRE,CC[N+](C)(C)CCCCCC[N+](C)(C)CC,0.0,0.0,0.0,1.0,1.0,0.0,0.0,1.0,0.0,0.0,0.0,0.0
LAU,Cn1ccnc1,0.25,0.0,0.25,0.25,1.0,1.0,1.0,0.0,0.0,0.0,0.0,1.0
EMT,CC[N+](CC)(CC)CC,0.5,0.5,0.5,0.5,0.25,0.0,0.0,1.0,0.0,0.5,0.0,0.0
TON,CCn1cc[n+](CC)c1,0.0,0.0,0.0,0.0,1.0,1.0,0.0,0.25,0.25,0.0,0.0,0.0
CTH,Cc1cc(C)cc(Cn2cc[n+](C)c2C)c1,0.0,0.0,0.0,0.0,1.0,0.0,1.0,0.0,0.0,0.0,0.0,0.0
SAV,C1CNCCNCCCNCCNC1,1.0,0.0,0.5,0.5,0.0,1.0,1.0,1.0,0.0,0.5,0.0,0.25
DDR,C1CN2CCC1CC2,1.0,0.0,0.0,0.0,1.0,1.0,1.0,1.0,0.0,0.0,0.0,0.0
BEA,C[N+](C)(C)Cc1ccccc1,0.0,0.0,0.0,0.0,0.75,1.0,0.0,1.0,0.0,0.0,0.0,0.0
MEL,CCCN,0.0,0.0,0.0,0.0,0.0,1.0,0.0,1.0,0.0,1.0,0.0,0.0
MTW,N[C@H]1CC[C@H](N)CC1,0.0,1.0,0.0,0.0,0.0,1.0,0.25,0.0,0.0,0.0,0.0,0.0
ATS,CCCNCCC,1.0,0.0,1.0,1.0,1.0,0.0,1.0,0.0,0.0,0.0,0.0,0.5
MWW,c1ccc(C[N+]23CCC(CC2)CC3)cc1,0.0,1.0,0.0,0.0,1.0,1.0,0.0,1.0,0.0,0.0,0.0,0.0
AFI,C1CN2CCN1CC2,0.3333333333333333,0.0,0.6666666666666666,0.3333333333333333,1.0,1.0,1.0,1.0,0.0,0.0,0.0,0.0
IHW,C[N+]1(C)CC2C(C1)C1C[N+](C)(C)CC21,0.0,1.0,0.0,1.0,1.0,1.0,1.0,0.0,1.0,0.0,0.0,0.0
MTW,C[N+](C)(C)C1CC2CC1C1CCCC21,0.0,0.0,1.0,0.0,0.0,1.0,1.0,1.0,0.3333333333333333,0.0,0.0,0.0
IFR,OC1C[N+]2(Cc3ccccc3)CCC1CC2,0.0,1.0,0.0,0.0,1.0,0.0,0.0,1.0,0.0,0.0,0.0,0.0
MTW,NCC1CCNCC1,0.0,0.6666666666666666,0.0,0.0,0.3333333333333333,1.0,0.3333333333333333,0.0,0.0,0.0,0.0,0.0
FAU,C(CCN1CCOCCOCCOCCOCC1)CN1CCOCCOCCOCCOCC1,0.0,1.0,0.0,1.0,0.0,0.0,0.0,1.0,0.0,0.0,0.0,0.0
FER,Cn1cc[n+](C)c1,0.0,0.0,0.0,0.0,1.0,1.0,0.0,0.0,1.0,0.0,0.0,0.0
AEL,CCN1C=CN(C)C1C(=O)[O-],1.0,0.0,1.0,0.0,1.0,0.0,1.0,0.3333333333333333,0.0,0.0,0.0,1.0
AEN,OSDA-free,0.0,0.0,1.0,1.0,0.0,1.0,0.0,0.0,0.0,0.3333333333333333,0.0,0.3333333333333333
MTW,C[N+]1(C2CCCCC2)CCCC1,0.3333333333333333,0.0,0.0,0.3333333333333333,1.0,1.0,0.0,0.3333333333333333,0.0,0.3333333333333333,0.0,0.3333333333333333
MTW,CN(C)CCCCCC[N+](C)(C)Cc1ccc(C[N+](C)(C)CCCCCCN(C)C)cc1,0.0,1.0,1.0,1.0,0.0,0.0,0.0,1.0,0.0,1.0,0.0,0.0
GIS,NCCN,1.0,1.0,1.0,1.0,1.0,1.0,0.0,1.0,0.0,0.3333333333333333,0.0,0.0
MTW,C[N+](C)(C)CCCCC[N+](C)(C)C,0.0,0.0,1.0,0.0,0.6666666666666666,1.0,0.0,1.0,0.0,0.0,0.0,0.0
EUO,C[N+](C)(C)CCCCC[N+](C)(C)C,0.0,1.0,0.0,0.0,0.0,0.0,0.0,1.0,0.0,0.0,0.0,0.0
MFI,CCn1ccc[n+]1CCCCCC[n+]1cccn1CC,0.0,1.0,0.0,0.0,0.0,1.0,0.0,1.0,0.0,0.0,1.0,0.0
BEA,CCC[N+]1(C)CCCC1,0.0,0.0,0.0,0.0,0.0,1.0,0.0,1.0,1.0,0.0,0.0,0.0
LTJ,OSDA-free,0.0,0.0,0.0,0.0,0.0,0.6666666666666666,0.0,1.0,0.0,1.0,0.0,0.3333333333333333
MFI,CN(C)CCCCCCN(C)C,0.0,0.6666666666666666,0.0,0.0,1.0,0.3333333333333333,0.3333333333333333,0.6666666666666666,0.0,0.0,0.0,0.0
MRE,C[N+](C)(C)CCCCCCCC[N+](C)(C)C,0.0,0.0,0.0,0.0,0.3333333333333333,0.0,0.0,1.0,0.0,0.0,0.0,0.0
BEA,C1CC[N+]2(CC1)CCCC1CCCCC12,0.0,0.0,0.0,0.0,0.3333333333333333,0.6666666666666666,0.0,1.0,0.0,0.0,0.0,0.0
MEL,CC1CC(C)C[N+](C)(C(C)C)C1,0.0,0.0,0.0,0.0,1.0,1.0,1.0,0.0,0.3333333333333333,0.0,0.0,0.0
MEL,CC1CC(C)C[N+]2(CCCC2C)C1,0.0,0.0,0.0,0.0,1.0,1.0,1.0,0.0,0.3333333333333333,0.0,0.0,0.0
BEC,C[N+]12CCN(CC1)CC2,0.0,1.0,0.0,0.0,1.0,0.0,0.0,1.0,1.0,0.0,0.0,0.0
MFI,CCCC[N+]1(C)CCCC1,0.0,1.0,0.0,0.0,0.6666666666666666,1.0,0.0,1.0,1.0,0.0,0.0,0.0
BEA,C[N+]1(CCCCCC[N+]2(C)CCCCC2)CCCCC1,0.0,0.0,0.0,0.0,1.0,1.0,1.0,1.0,0.0,1.0,0.0,0.0
BEA,Cc1c(C)[n+](CCCCCC[n+]2c(C)c(C)n(C)c2C)c(C)n1C,0.0,0.6666666666666666,0.0,0.0,1.0,1.0,1.0,0.6666666666666666,0.0,0.0,0.0,0.0
RTH,CN1CCCCC1,0.0,0.6666666666666666,0.0,0.0,0.0,0.0,1.0,0.0,0.0,0.0,0.0,0.0
ASV,CC[P+](CC)(c1ccccc1)c1ccccc1,0.0,0.0,0.0,0.6666666666666666,1.0,1.0,0.0,1.0,0.0,0.0,0.0,0.0
RWY,NCCN(CCN)CCN,1.0,1.0,1.0,1.0,0.0,0.0,1.0,1.0,1.0,1.0,0.0,0.0
MFI,CCCCC[N+]12CCC(CC1)CC2,0.0,0.0,0.0,0.0,1.0,1.0,1.0,1.0,0.0,0.0,0.0,0.3333333333333333
NON,C[N+](C)(C)C1CCCC1,0.3333333333333333,0.0,0.3333333333333333,0.6666666666666666,0.6666666666666666,1.0,0.6666666666666666,1.0,0.6666666666666666,0.6666666666666666,0.0,0.6666666666666666
MOR,C[N+](C)(C)CCCCCCC[N+](C)(C)C,0.0,1.0,0.0,0.0,0.0,1.0,0.0,1.0,0.0,0.0,0.0,0.0
MOR,C1CCC[N+]2(CC1)CCCCC2,0.0,1.0,0.0,0.0,0.0,1.0,0.0,1.0,0.0,0.0,0.0,0.0
ANA,C[N+](C)(C)CCCC[N+](C)(C)C,0.0,1.0,1.0,0.0,0.0,0.0,0.0,1.0,0.3333333333333333,0.0,0.0,0.0
NON,CC1CC[N+](C)(C)CC1,1.0,0.0,1.0,0.0,1.0,1.0,1.0,0.0,0.0,0.0,0.0,0.0
LEV,C[N@@+]1(Cc2ccccc2)CCC[C@H]1CO,0.0,1.0,0.0,0.0,0.0,1.0,1.0,0.0,1.0,0.0,0.0,0.0
ANA,CCCC[N+](CCCC)(CCCC)CCCC,0.0,0.0,1.0,0.0,0.3333333333333333,1.0,1.0,1.0,0.3333333333333333,0.0,0.0,0.0
TON,CCC(N)CCCN,0.0,0.0,0.0,0.0,0.0,1.0,0.0,1.0,0.0,0.0,0.0,0.0
MOR,C[N+](C)(C)CCCCCCCC[N+](C)(C)C,0.0,1.0,0.0,0.0,0.0,1.0,0.0,1.0,1.0,0.0,0.0,0.0
LEV,CC1CCCCC1N,1.0,0.0,1.0,1.0,0.0,1.0,1.0,1.0,0.0,0.0,0.0,0.0
MFI,C1CCNCC1,0.0,1.0,0.0,0.0,1.0,0.0,0.0,1.0,0.0,0.0,0.0,0.0
MTT,CC(C)CNCCCCCCCNCC(C)C,0.0,0.0,0.0,0.0,1.0,0.0,0.5,1.0,1.0,0.0,0.0,0.0
MFI,CCCCO,0.0,0.0,0.0,0.0,0.0,1.0,0.0,1.0,1.0,0.0,0.0,0.0
MFI,CC(C)N(C(C)C)C(C)C,0.0,1.0,0.0,0.0,0.0,1.0,0.0,1.0,0.0,0.0,0.0,0.0
MEL,NCCCCCCCN,0.0,1.0,0.0,0.0,0.0,1.0,1.0,1.0,0.0,0.0,0.0,0.0
MTT,C[N+](C)(C)CCCCCCCC[N+](C)(C)C,0.0,1.0,0.0,0.0,0.5,0.0,0.0,1.0,0.0,0.0,0.0,0.0
IWV,Cc1c(C)[n+](CCCCCC[n+]2c(C)c(C)n(C)c2C)c(C)n1C,0.0,1.0,0.0,0.0,0.5,1.0,0.5,1.0,0.0,0.5,0.0,0.0
MEL,CCCC[N+]1(C)CC[N+](CCC)(CCC)CC1,0.0,1.0,0.0,0.0,0.0,1.0,0.0,1.0,0.0,0.0,0.0,1.0
MEL,CCCCCCCCN,0.0,1.0,0.0,0.0,0.0,1.0,0.0,1.0,0.0,0.0,0.0,0.0
MFI,C[N+]1(CCCCCC[N+]2(C)CCCCC2)CCCCC1,0.0,0.0,0.0,0.0,0.5,1.0,0.5,1.0,0.5,0.5,0.0,0.0
MOR,C[N+]1(CCCC[N+]2(C)CCCC2)CCCC1,0.0,1.0,0.0,0.0,0.5,1.0,0.0,1.0,0.0,0.0,0.0,0.0
MTW,CC1CC(C)C[N+](C)(C)C1,0.0,0.0,1.0,0.0,1.0,1.0,1.0,0.0,0.0,0.0,0.0,0.0
MRE,C[N+](C)(C)CCCCCCCCCCCC[N+](C)(C)C,0.0,1.0,0.0,1.0,0.5,0.0,0.0,1.0,0.0,0.0,0.0,0.0
MTW,CCCCCCCCCCCCCCCCCCCCCC[N+](C)(C)CCCCCC[N+](C)(C)Cc1ccc([N+](C)(C)CCCCCC[N+](C)(C)Cc2ccc([N+](C)(C)CCCCCC[N+](C)(C)CCCCCCCCCCCCCCCCCCCCCC)cc2)cc1,0.0,1.0,0.0,1.0,0.0,0.0,0.0,1.0,0.0,0.0,0.0,0.0
MOR,CCC[N+](C)(C)CCC,0.0,1.0,0.0,0.0,1.0,1.0,0.0,1.0,1.0,0.0,0.0,0.0
MOR,CC(C)CN(CCCCCN(CC(C)C)CC(C)C)CC(C)C,0.0,0.0,0.0,0.0,0.0,0.0,0.0,1.0,0.0,0.0,1.0,0.0
FAU,C1CCC2(C1)CCC[NH2+]2,1.0,0.0,1.0,1.0,0.0,1.0,0.0,1.0,0.0,0.0,0.0,0.0
IRR,Cc1ccc(Cn2cc[n+](C)c2)cc1,0.0,0.0,0.0,0.0,1.0,1.0,1.0,1.0,1.0,0.0,0.0,0.0
CON,CC[N+]1(CC)CCCC(C)(C)C1,0.0,0.0,0.0,0.0,0.0,1.0,1.0,0.0,0.5,0.0,0.0,0.0
PHI,C[N+](C)(C)CCO,0.0,0.0,0.0,0.0,0.0,1.0,0.0,1.0,0.0,0.0,0.0,0.0
AST,C[N+](C)(C)C,0.5,1.0,0.0,0.5,1.0,1.0,1.0,0.5,0.0,1.0,0.0,0.0
STF,CC[N+]1(CC)C[C@H](C)CC[C@@H]1C,0.0,0.0,0.0,0.0,1.0,1.0,1.0,0.5,0.0,0.0,0.0,0.0
IFU,c1ccc2c(c1)C[N+](C1CCCCC1)(C1CCCCC1)C2,1.0,0.0,0.0,1.0,1.0,1.0,1.0,0.0,0.0,0.0,0.0,0.0
SAV,CN1CCN(C)CCN(C)CCN(C)CCN(C)CCN(C)CC1,1.0,0.0,1.0,1.0,1.0,1.0,1.0,1.0,0.0,0.0,0.0,0.0
MRE,CCCCCCCCC[N+](C)(C)C,0.0,1.0,0.0,0.5,1.0,0.0,0.0,1.0,1.0,0.0,0.0,0.0
AWW,C1N2CN3CN1CN(C2)C3,1.0,0.0,1.0,0.0,1.0,1.0,1.0,1.0,0.0,0.0,0.0,0.0
SFH,C[N+](C)(C)CC1(c2ccc(F)cc2)CCCC1,0.5,0.0,0.5,0.5,0.0,1.0,0.5,1.0,0.5,0.5,0.0,0.0
BEA,C(CCC[N+]12CCN(CC1)CC2)CC[N+]12CCN(CC1)CC2,0.0,0.0,0.0,0.0,1.0,1.0,1.0,0.0,0.0,0.0,0.0,0.0
BEA,C(CC[N+]12CCC(CC1)CC2)CC[N+]12CCC(CC1)CC2,0.0,0.0,0.0,0.0,1.0,1.0,1.0,1.0,0.0,1.0,0.0,0.5
BEA,C1CC[N+]2(CC1)CCCC2,0.0,0.0,0.0,0.0,1.0,1.0,1.0,0.0,0.5,0.0,0.0,0.0
BEA,CC(C)Cn1cc[n+](CC(C)C)c1,0.0,0.5,0.0,0.0,0.5,1.0,0.0,1.0,0.5,0.0,0.0,0.0
BEA,C[N+]1(CC2CCCCC2)CCC(CCCC2CC[N+](C)(CC3CCCCC3)CC2)CC1,0.0,0.0,0.0,1.0,1.0,1.0,0.0,1.0,0.0,0.0,0.0,0.0
BEA,c1ccc(C[N+]23CCN(CC2)CC3)cc1,0.0,1.0,0.0,0.0,0.0,1.0,0.0,1.0,0.0,1.0,0.0,0.0
SFW,CC[N+]1(C2CC(C)CC(C)(C)C2)CCCC1,0.0,0.0,0.0,0.0,0.0,1.0,0.0,1.0,1.0,0.0,0.0,0.0
CHA,C1CCCNCC1,1.0,0.0,0.0,0.0,0.0,1.0,1.0,1.0,0.0,0.0,0.0,0.0
BEC,c1ccc(C[N+]23CCC(CC2)CC3)cc1,0.0,1.0,0.0,0.0,1.0,1.0,1.0,0.0,0.0,0.0,0.0,0.0
BPH,CC[N+](C)(C)C,0.5,0.5,0.0,0.0,0.0,1.0,0.5,1.0,0.0,0.0,0.0,0.0
IFR,C1CC[N+]23CCCCC2(C1)CCCC3,0.0,1.0,0.0,1.0,0.5,1.0,0.0,1.0,0.0,0.0,0.0,0.0
FER,C[N@@+]1(Cc2ccccc2)CCC[C@H]1CO,0.0,0.0,0.0,0.0,1.0,1.0,1.0,0.0,0.0,0.0,0.0,0.0
FER,C[N+](C)(C)CCC[N+](C)(C)C,0.0,0.0,0.0,0.0,0.0,1.0,0.0,1.0,0.0,0.0,0.0,0.0
FER,CCCCCCCCCCCCCCCC[N+](C)(C)C,0.0,0.5,0.0,0.0,0.0,1.0,0.0,1.0,0.0,0.0,0.0,0.0
MTW,c1c[n+]2cn1CCCCCCn1cc[n+](c1)CCCCCC2,0.0,1.0,1.0,0.0,0.0,1.0,1.0,1.0,0.0,0.0,0.0,0.0
FAU,C[N+]1(C)CCCCC1,0.0,0.0,1.0,1.0,0.5,0.5,0.0,1.0,0.5,0.0,0.0,1.0
FAU,C[N+](C)(CCO)CCO,0.0,0.0,1.0,1.0,0.5,0.0,0.0,1.0,0.5,0.5,0.5,0.5
AFI,C1COCCOCCOCCOCCOCCO1,1.0,0.0,1.0,1.0,1.0,0.0,1.0,0.0,0.0,0.0,0.0,0.0
ERI,CC[N+](C)(C)CCCC[N+](C)(C)CC,1.0,1.0,0.0,0.0,1.0,0.5,0.0,1.0,0.0,0.0,0.0,0.0
AFI,C[N+](C)(Cc1ccccc1F)Cc1ccccc1F,1.0,0.0,0.5,0.5,1.0,1.0,1.0,1.0,1.0,0.0,0.0,0.5
NON,C1CCC2NCCC2C1,0.0,0.0,0.0,1.0,1.0,1.0,1.0,1.0,1.0,1.0,0.0,0.0
NON,CC1CCC[N+](C)(C)C1,1.0,0.0,1.0,0.0,1.0,1.0,1.0,0.0,0.0,0.0,0.0,0.0
BPH,CC[N+](CC)(CC)Cc1cc(C[N+](CC)(CC)CC)cc(C[N+](CC)(CC)CC)c1,1.0,0.0,0.0,0.0,1.0,1.0,1.0,1.0,0.0,0.0,0.0,0.0
AFI,C[N+](CCO)(CCO)CCO,1.0,0.0,1.0,1.0,1.0,1.0,1.0,1.0,0.0,0.0,0.0,0.0
TUN,BrCCCCBr,0.0,0.0,0.0,0.0,1.0,1.0,1.0,1.0,0.0,0.0,0.0,0.0
NON,NCCCCCCN,1.0,0.0,1.0,0.0,1.0,0.0,0.0,1.0,0.0,0.0,0.0,1.0
AFI,ClCCN1CCC(C2CCN(CCCl)CC2)CC1,1.0,0.0,0.5,0.5,1.0,1.0,1.0,1.0,0.0,0.0,0.0,0.0
STO,CCC1CCCC[N+]12CCCCC2,1.0,1.0,1.0,0.0,0.0,1.0,0.0,1.0,0.0,0.0,0.0,0.0
SSY,CC[N+]1(C2CC(C)CC(C)(C)C2)CCCC1,0.0,0.0,0.0,0.0,0.0,1.0,0.0,1.0,0.0,0.0,0.0,0.0
VFI,C1=Cc2nc1c(-c1ccncc1)c1ccc([nH]1)c(-c1ccncc1)c1nc(c(-c3ccncc3)c3ccc([nH]3)c2-c2ccncc2)C=C1,1.0,0.0,0.0,0.0,1.0,1.0,1.0,1.0,0.0,0.0,0.0,0.0
MRE,C[N+](C)(C)CCC[N+](C)(C)CCC[N+](C)(C)C,0.0,0.0,0.0,1.0,1.0,0.0,0.0,1.0,0.0,0.0,0.0,0.0
MTN,CCCCCCCCCC[N+](C)(C)C,1.0,1.0,0.0,0.0,0.0,1.0,0.0,1.0,0.0,1.0,0.0,0.0
STF,CCCNCCC,0.0,0.0,0.0,0.0,1.0,0.0,1.0,1.0,0.0,0.0,0.0,0.0
UOS,CC[NH+]1C=CN(C)C1,0.0,1.0,0.0,0.0,1.0,1.0,1.0,0.0,1.0,0.0,0.0,0.0
VET,CC1CCOC2(CC[N+](C)(C)CC2)O1,0.0,0.0,0.0,0.0,1.0,1.0,0.0,1.0,0.0,0.0,0.0,0.0
STO,C[N+](C)(C)C12CCCC1CCC2,1.0,1.0,1.0,0.0,0.0,1.0,0.0,1.0,0.0,0.0,0.0,0.0
STW,CC(C)NC(C)C,0.0,0.0,0.0,0.0,0.0,1.0,1.0,0.0,0.0,0.0,0.0,0.0
TON,CCn1cc[n+](C)c1,0.0,0.0,0.0,0.0,1.0,1.0,0.0,1.0,0.0,0.0,0.0,0.0
RTH,CCCNCCC,0.0,0.0,0.0,0.0,0.0,0.0,1.0,0.0,0.0,0.0,0.0,0.0
SOD,OCCO,0.0,0.0,0.0,0.0,0.0,1.0,0.0,1.0,1.0,0.0,0.0,0.0
PHI,NC1CCC(N)CC1,1.0,0.0,1.0,1.0,1.0,1.0,1.0,1.0,0.0,0.0,0.0,1.0
MTW,Cc1n(Cc2ccc(F)cc2)cc[n+]1C,0.0,0.0,1.0,0.0,1.0,1.0,0.0,0.0,0.0,0.0,0.0,0.0
MWW,C[N+](C)(C)C1[C@H]2CC[C@@H]1[C@@H]1CCC[C@H]21,0.0,0.0,0.0,0.0,1.0,1.0,1.0,0.0,1.0,0.0,0.0,0.0
NES,C(CCC[N+]12CCC(CC1)CC2)CC[N+]12CCC(CC1)CC2,0.0,0.0,0.0,1.0,1.0,0.0,1.0,0.0,0.0,0.0,0.0,0.0
NES,CC[N+]1(CC)CCCC(C)(C)C1,0.0,0.0,0.0,1.0,1.0,0.0,1.0,0.0,0.0,0.0,0.0,0.0
NON,CC[N+](C)(CC)CC,1.0,0.0,1.0,0.0,1.0,1.0,1.0,0.0,0.0,0.0,0.0,0.0
MTW,CC[N+]1(C2CCCCC2)CCCC1,1.0,0.0,0.0,1.0,1.0,1.0,1.0,1.0,0.0,1.0,0.0,0.0
NON,C[N+]1(CCCCC[N+]2(C)CCCCCC2)CCCCCC1,0.0,0.0,0.0,1.0,1.0,1.0,0.0,1.0,0.0,0.0,0.0,0.0
NON,C[N@@+]1(Cc2ccccc2)CCC[C@H]1CO,0.0,1.0,1.0,0.0,1.0,1.0,1.0,0.0,0.0,0.0,0.0,0.0
MTW,CC1C[N+]2(CCCCCCCC[N+]34CCN(CC3)C(C)C4)CCN1CC2,0.0,0.0,1.0,1.0,0.0,0.0,0.0,1.0,0.0,0.0,0.0,0.0
NSI,OSDA-free,0.0,1.0,1.0,1.0,0.0,0.0,0.0,0.0,1.0,0.0,0.0,1.0
MTW,CC1CC[N+]2(CCCC2)CC1,0.0,1.0,0.0,0.0,1.0,1.0,0.0,0.0,0.0,0.0,0.0,0.0
PUN,CC[N+](C)(C)C,1.0,0.0,1.0,1.0,1.0,1.0,0.0,1.0,0.0,0.0,0.0,0.0
SOD,C[N+]1(CCCCCC[N+]2(C)CCCC2)CCCC1,0.0,1.0,1.0,0.0,1.0,1.0,1.0,0.0,0.0,0.0,0.0,0.0
MTW,C(CC[N+]12CCN(CC1)CC2)C[N+]12CCN(CC1)CC2,0.0,0.0,1.0,0.0,0.0,1.0,0.0,1.0,0.0,0.0,0.0,0.0
PWW,Cc1cn(C)[n+](CCCC[n+]2cc(C)cn2C)c1,0.0,1.0,0.0,0.0,1.0,1.0,1.0,0.0,0.0,0.0,0.0,0.0
RTE,NC1CC2CCC1C2,0.0,0.0,1.0,1.0,1.0,1.0,1.0,1.0,0.0,1.0,0.0,1.0
SFG,CCC[N+]1(C2CCCCCCC2)CCCC1,0.0,1.0,1.0,1.0,1.0,1.0,1.0,1.0,0.0,1.0,0.0,0.0
SFH,C[N+](C)(C)CC1(c2ccccc2)CCCC1,1.0,0.0,0.0,1.0,0.0,1.0,0.0,1.0,1.0,1.0,0.0,0.0
SFN,C[N+]1(CC2(c3ccccc3)CCCC2)CCCCCCC1,0.0,0.0,1.0,0.0,0.0,0.0,0.0,1.0,0.0,0.0,0.0,0.0
SFS,CC[N+]1(CC)C(C)CCC2CCCCC21,1.0,1.0,1.0,1.0,1.0,1.0,1.0,1.0,0.0,1.0,0.0,0.0
SFV,CC[N+]1(CC)CC(C)CC(C)C1,0.0,0.0,0.0,1.0,0.0,0.0,0.0,1.0,0.0,0.0,0.0,0.0
MTT,CCNCCN(C)C,0.0,1.0,0.0,0.0,1.0,0.0,0.0,0.0,0.0,0.0,0.0,0.0
MTT,CCCCC[N+](C)(C)C,0.0,0.0,0.0,0.0,1.0,0.0,0.0,1.0,0.0,0.0,0.0,0.0
MTT,CC(C)NCCN(C)C,0.0,1.0,0.0,0.0,1.0,0.0,0.0,0.0,0.0,0.0,0.0,0.0
MRE,CCCCCC[N+](C)(C)C,0.0,1.0,0.0,1.0,1.0,0.0,0.0,1.0,0.0,0.0,0.0,0.0
ABW,C1CNCCNC1,0.0,1.0,1.0,1.0,1.0,1.0,0.0,1.0,0.0,0.0,0.0,0.0
MRE,CC(C)n1cc[n+](CCCCCCn2cc[n+](C(C)C)c2)c1,0.0,0.0,0.0,1.0,0.0,0.0,0.0,1.0,0.0,0.0,0.0,0.0
CHA,NCCCN,1.0,0.0,1.0,1.0,0.0,1.0,1.0,1.0,0.0,0.0,0.0,0.0
CGF,C1CN2CCN1CC2,0.0,0.0,0.0,0.0,1.0,1.0,1.0,1.0,1.0,0.0,0.0,0.0
CGS,C1C[NH+]2CCC1CC2,1.0,1.0,1.0,0.0,1.0,1.0,1.0,1.0,0.0,1.0,0.0,0.0
CHA,C1CNCCNCCCNCCNC1,1.0,0.0,1.0,1.0,0.0,1.0,1.0,1.0,0.0,1.0,0.0,0.0
CHA,C1CN[C@H](CN2CCCC2)C1,1.0,1.0,1.0,1.0,0.0,1.0,1.0,1.0,0.0,0.0,0.0,0.0
CHA,CCC[N+](CCC)(CCC)CCC,0.0,0.0,0.0,0.0,0.0,0.0,0.0,1.0,0.0,1.0,0.0,0.0
CHA,CC[N+]1(C)C2CCCC1CCC2,0.0,0.0,0.0,0.0,1.0,1.0,1.0,1.0,1.0,1.0,0.0,0.0
CHA,CC[N+]1(C)CC2CC1CN(C)C2,0.0,0.0,0.0,0.0,1.0,1.0,1.0,1.0,1.0,1.0,0.0,0.0
CHA,CC[N+]1(CC)CC2CCCC1CCC2,0.0,0.0,0.0,0.0,0.0,1.0,0.0,1.0,0.0,0.0,0.0,0.0
CHA,CC[NH2+]CC,1.0,0.0,0.0,0.0,0.0,1.0,1.0,1.0,0.0,0.0,0.0,0.0
CHA,CN1CCCCC1,1.0,0.0,1.0,1.0,0.0,1.0,1.0,1.0,0.0,0.0,0.0,0.0
CHA,Cc1ncc[nH]1,1.0,0.0,1.0,1.0,0.0,1.0,1.0,0.0,1.0,0.0,0.0,1.0
CTH,Cc1ccccc1C[n+]1ccn(C)c1C,0.0,0.0,0.0,0.0,1.0,0.0,1.0,0.0,1.0,0.0,0.0,0.0
BEA,CN(C)CCCCCC[N+](C)(C)Cc1ccc(C[N+](C)(C)CCCCCCN(C)C)cc1,0.0,1.0,0.0,1.0,0.0,0.0,0.0,1.0,0.0,0.0,0.0,0.0
DOH,C[N+]12CCC(CC1)CC2,0.0,0.0,1.0,0.0,1.0,1.0,1.0,1.0,0.0,0.0,0.0,0.0
DOH,NCC1CCCO1,1.0,0.0,0.0,1.0,1.0,1.0,1.0,1.0,0.0,0.0,0.0,0.0
BEC,c1ccc2c(c1)C[N+]1(CCCCC1)C2,0.0,0.0,0.0,0.0,1.0,1.0,1.0,0.0,0.0,0.0,0.0,0.0
BEA,CC1C[N+]2(CCCC[N+]34CCN(CC3C)C(C)C4)CCN1CC2C,0.0,0.0,0.0,0.0,1.0,1.0,1.0,0.0,1.0,0.0,0.0,0.0
MOR,N,0.0,1.0,0.0,0.0,0.0,0.0,0.0,0.0,0.0,1.0,0.0,0.0
ANA,CCN(CC)CC,0.0,0.0,1.0,0.0,0.0,0.0,0.0,1.0,0.0,0.0,0.0,0.0
AEI,CC[N+]1(CC)C(C)CCCC1C,0.0,0.0,1.0,1.0,1.0,1.0,1.0,0.0,1.0,0.0,0.0,0.0
AFI,CC(C)CNCC(C)C,1.0,0.0,1.0,1.0,0.0,1.0,1.0,1.0,0.0,0.0,0.0,0.0
AFI,CC[N+]1(C)CC2CC3CC(C2)CC1C3,0.0,1.0,0.0,0.0,1.0,1.0,1.0,1.0,0.0,1.0,0.0,0.0
AFI,CN(C)C(=N)N(C)C,1.0,0.0,1.0,1.0,1.0,1.0,1.0,1.0,0.0,0.0,0.0,1.0
AFI,Cc1n(C)cc[n+]1Cc1ccccc1,1.0,0.0,1.0,1.0,1.0,1.0,1.0,1.0,1.0,0.0,0.0,0.0
AFI,Cn1cc[n+](Cc2ccccc2)c1,1.0,0.0,1.0,1.0,1.0,1.0,1.0,0.0,1.0,0.0,0.0,0.0
AFN,C[N+](C)(C)C,0.0,0.0,1.0,1.0,1.0,0.0,1.0,1.0,0.0,0.0,0.0,0.0
AFX,C(CC[N+]12CCC(CC1)CC2)C[N+]12CCC(CC1)CC2,1.0,0.0,1.0,1.0,0.0,1.0,1.0,1.0,1.0,1.0,0.0,0.0
AFX,C[N+]1(CCCC[N+]2(C)CCCCC2)CCCCC1,0.0,1.0,0.0,0.0,0.0,1.0,0.0,1.0,0.0,1.0,0.0,0.0
AFX,NCCCOCCOCCOCCCN,1.0,0.0,1.0,1.0,1.0,1.0,1.0,1.0,0.0,1.0,0.0,0.0
AHT,CCCCCNCCCCC,1.0,0.0,1.0,1.0,1.0,0.0,1.0,1.0,0.0,0.0,0.0,0.0
ANA,CC[N+](C)(C)C1CCCCC1,0.0,1.0,1.0,0.0,0.0,1.0,0.0,1.0,0.0,0.0,1.0,0.0
BEA,CC1C[N+]2(CCCC[N+]34CCN(CC3)C(C)C4)CCN1CC2,0.0,0.0,0.0,0.0,1.0,1.0,1.0,0.0,0.0,0.0,0.0,0.0
ANA,CC[N+](CC)(CC)CCCCCCCCCC[N+](CC)(CC)CC,0.0,1.0,1.0,0.0,0.0,1.0,0.0,1.0,0.0,0.0,0.0,0.0
ANA,C[N+](C)(C)CCCCCCCCCC[N+](C)(C)C,0.0,1.0,1.0,0.0,0.0,1.0,0.0,1.0,0.0,0.0,0.0,0.0
APC,Fc1ccccc1CN1CCCC1,1.0,0.0,1.0,0.0,1.0,0.0,1.0,1.0,0.0,0.0,0.0,0.0
AST,C1=C(c2ccncc2)NN(c2ccncc2)N=C1c1ccncc1,1.0,0.0,0.0,0.0,1.0,0.0,1.0,0.0,0.0,0.0,0.0,0.0
AST,C[N+]1(CCCCC[N+]2(C)CCCC2)CCCC1,0.0,0.0,0.0,1.0,0.0,0.0,0.0,1.0,0.0,0.0,0.0,0.0
AST,C[N+]1(Cc2ccc(F)cc2)CCCC1,1.0,0.0,1.0,0.0,1.0,1.0,1.0,0.0,0.0,0.0,0.0,0.0
AWO,CCCNCCC,0.0,0.0,1.0,1.0,1.0,0.0,1.0,1.0,0.0,0.0,0.0,0.0
AWO,C[N+](C)(C)CCCN,0.0,0.0,1.0,1.0,1.0,1.0,1.0,1.0,0.0,0.0,0.0,0.0
AWO,NCCN,0.0,0.0,1.0,1.0,1.0,0.0,1.0,1.0,0.0,0.0,0.0,0.0
AWW,C1CCCNCC1,0.0,0.0,1.0,1.0,1.0,1.0,1.0,1.0,0.0,0.0,0.0,0.0
BEA,CC1C[N+]2(CCCCCCCC[N+]34CCN(CC3)C(C)C4)CCN1CC2,0.0,0.0,0.0,0.0,1.0,1.0,1.0,0.0,0.0,0.0,0.0,0.0
MEL,CCC[N+](CCC)(CCC)CCCCCC[N+](CCC)(CCC)CCC,0.0,0.0,0.0,0.0,1.0,0.0,0.0,1.0,0.0,0.0,0.0,0.0
ITW,Cc1cn(C)c[n+]1C,0.0,0.0,0.0,0.0,1.0,1.0,1.0,0.0,0.0,0.0,0.0,0.0
LEV,CN1CCCCC1,1.0,0.0,1.0,1.0,0.0,1.0,1.0,1.0,0.0,0.0,0.0,0.0
LOS,CCCC[N+](CCCC)(CCCC)CCCC,0.0,1.0,1.0,0.0,0.0,1.0,0.0,0.0,0.0,0.0,0.0,0.0
LTA,C1CN2CCC1CC2,1.0,0.0,0.0,1.0,1.0,0.0,1.0,0.0,0.0,0.0,0.0,0.0
LTA,C1COCCN1,1.0,0.0,1.0,1.0,0.0,0.0,1.0,0.0,1.0,0.0,0.0,0.0
LTA,CCCCN1C=CN(CC)C1C(=O)[O-],1.0,0.0,1.0,1.0,0.0,1.0,1.0,0.0,1.0,0.0,0.0,0.0
LTA,CCCC[n+]1ccccc1,1.0,0.0,1.0,1.0,0.0,1.0,1.0,0.0,1.0,0.0,0.0,0.0
LTL,CCNCC,0.0,0.0,0.0,0.0,0.0,0.0,0.0,1.0,0.0,1.0,0.0,0.0
MAZ,C[N+](C)(C)CCC[N+](C)(C)C,0.0,1.0,0.0,0.0,0.0,1.0,0.0,0.0,0.0,0.0,0.0,0.0
MEL,CC1CC(C)C[N+](C)(C)C1,0.0,0.0,0.0,0.0,1.0,1.0,1.0,0.0,0.0,0.0,0.0,0.0
MEL,CCCCCCCCCCCCCCCCCC[N+](C)(C)CCCCCCN(C)C,0.0,1.0,0.0,1.0,0.0,0.0,0.0,1.0,0.0,0.0,0.0,0.0
MEL,NCCCCCCCCCN,0.0,1.0,0.0,0.0,0.0,1.0,1.0,1.0,0.0,0.0,0.0,0.0
MER,CC(C)(C)CC(C)(C)N,1.0,0.0,1.0,1.0,1.0,1.0,1.0,1.0,1.0,0.0,0.0,0.0
MFI,CC(C)NCCCCCNC(C)C,0.0,1.0,0.0,0.0,1.0,0.0,0.0,1.0,0.0,0.0,0.0,0.0
MFI,CC(C)NCCN,0.0,1.0,0.0,0.0,1.0,0.0,0.0,1.0,0.0,0.0,0.0,0.0
MFI,CC(C)NCCNC(C)C,0.0,1.0,0.0,0.0,1.0,0.0,0.0,1.0,0.0,0.0,0.0,0.0
MFI,CCCC[N+](CC)(CCCC)CCCC,1.0,0.0,0.0,0.0,1.0,1.0,1.0,0.0,0.0,0.0,0.0,0.0
MFI,CCN(CC)CCN,0.0,0.0,0.0,0.0,1.0,1.0,1.0,0.0,0.0,0.0,1.0,1.0
MFI,CC[N+](CC)(CC)CCCC[N+](CC)(CC)CC,0.0,1.0,0.0,0.0,1.0,0.0,0.0,1.0,0.0,0.0,0.0,0.0
MFI,OCC(CO)(CO)CO,1.0,1.0,0.0,0.0,1.0,1.0,0.0,1.0,0.0,0.0,0.0,0.0
MOR,C[C@H]1CCC[C@@H](C)[N+]1(C)C,0.0,1.0,0.0,1.0,0.0,1.0,0.0,1.0,0.0,0.0,0.0,0.0
MOR,C[N+]1(C)CC2CC(C1)[N+](C)(C)C2,0.0,1.0,0.0,0.0,1.0,1.0,1.0,1.0,0.0,1.0,0.0,0.0
MOR,C[N+]1(C)CCCCC1,0.0,1.0,0.0,0.0,0.0,1.0,0.0,1.0,1.0,0.0,0.0,0.0
ITW,CC1=CN(C)CN1C,1.0,1.0,1.0,1.0,1.0,1.0,1.0,1.0,0.0,1.0,1.0,0.0
ITE,C[N+]1(C)CC2CCCC1C1CCC2C1,0.0,1.0,0.0,1.0,1.0,1.0,1.0,1.0,0.0,1.0,0.0,0.0
ITE,C[C@H]1C[C@H](C)C[N+](C)(C)C1,0.0,0.0,0.0,0.0,1.0,1.0,1.0,0.0,0.0,1.0,0.0,0.0
ITE,CC[N@@+]1(C)CCCC(C)(C)C1,0.0,0.0,0.0,0.0,1.0,1.0,1.0,0.0,0.0,1.0,0.0,0.0
EEI,C1CCCC(C2CCCC2)(N2CCCCCCN2)CCC1,0.0,0.0,1.0,1.0,0.0,1.0,1.0,1.0,0.0,0.0,0.0,0.0
EON,C[N+](C)(C)C,0.0,1.0,0.0,0.0,0.0,1.0,1.0,1.0,0.0,1.0,0.0,0.0
EON,C[N+](C)(CCO)CCO,0.0,0.0,0.0,0.0,1.0,0.0,1.0,1.0,1.0,1.0,0.0,0.0
ERI,C1CCNCC1,1.0,1.0,1.0,1.0,1.0,1.0,1.0,1.0,0.0,1.0,0.0,0.0
ERI,CC[N+](C)(CC)CCCCC[N+](C)(CC)CC,1.0,1.0,0.0,0.0,1.0,0.0,0.0,1.0,0.0,0.0,0.0,0.0
ERI,C[N+]1(CCCCC[N+]2(C)CCCC2)CCCC1,1.0,1.0,0.0,0.0,1.0,0.0,0.0,1.0,0.0,0.0,0.0,0.0
EUO,CC[N@@+]1(C)CCCC(C)(C)C1,0.0,1.0,0.0,1.0,1.0,1.0,1.0,1.0,0.0,1.0,0.0,0.0
FAU,C(CC[N+]12CCN(CC1)CC2)C[N+]12CCN(CC1)CC2,0.0,1.0,1.0,1.0,0.0,1.0,0.0,1.0,0.0,1.0,0.0,0.0
AEI,CC1(C)CC2CC(C)(C1)C[N+]2(C)C,0.0,1.0,0.0,0.0,1.0,1.0,1.0,1.0,0.0,1.0,0.0,0.0
FAU,CCC[N+]1(C)CCCC1,0.0,0.0,1.0,1.0,0.0,1.0,0.0,1.0,1.0,0.0,0.0,0.0
FAU,C[P+](C)(C)C,0.0,0.0,1.0,1.0,1.0,1.0,0.0,1.0,1.0,0.0,0.0,0.0
FER,C[N@@+]1(Cc2ccccc2)CCCC1CO,0.0,0.0,0.0,0.0,1.0,1.0,1.0,0.0,0.0,0.0,0.0,0.0
FER,Cc1cn(C)[n+](C)c1,0.0,0.0,0.0,0.0,1.0,1.0,1.0,0.0,1.0,0.0,0.0,0.0
GIS,CC1CC[N+]2(CCCC3CCCCC32)CC1,0.0,0.0,0.0,0.0,0.0,1.0,0.0,1.0,0.0,0.0,0.0,0.0
IFO,CC[n+]1ccn(C)c1C,0.0,0.0,0.0,0.0,0.0,0.0,1.0,0.0,0.0,0.0,0.0,0.0
ITE,CC1(C)[C@H]2CC[C@]1(C)[C@H]([N+](C)(C)C)C2,0.0,1.0,0.0,0.0,1.0,1.0,1.0,0.0,1.0,1.0,0.0,0.0
ITE,CC[N+]1(CC)CCCC2CC1C2(C)C,0.0,1.0,0.0,0.0,1.0,1.0,1.0,1.0,1.0,1.0,0.0,0.0
VFI,CCN(CC)CC,0.0,0.0,1.0,1.0,0.0,1.0,1.0,1.0,0.0,0.0,0.0,1.0
